product_id,title,brand,category,true_price,predicted_price,error,abs_error,error_pct,num_similar,avg_similarity,similar_1_title,similar_1_price,similar_1_sim,similar_2_title,similar_2_price,similar_2_sim,similar_3_title,similar_3_price,similar_3_sim
B07B44QXHL,New Laptop Keyboard Replacement for Asus K84 K84C K84H K84HR K84HY K84L K84LY N43 N43DA N43SL N43SM ,Ndliulei,Computers,18.69,26.2515868667056,7.5615868667056,7.5615868667056,40.45792866081113,15,0.7250778,New US Black Backlit English Laptop Keyboard (With,28.59,0.78373396,New Laptop Keyboard (Without Frame) Replacement fo,23.09,0.7600495,New US Black English Laptop Keyboard (Without Fram,23.09,0.758801
B072LSWYPJ,Amped B750EX Wireless AC750 Plug-in Wi-Fi Range Extender,Amped,Computers,36.33,90.83071016167099,54.500710161670995,54.500710161670995,150.01571748326728,15,0.65124094,"WiFi Extenders Signal Booster for Home, WiFi Exten",25.49,0.74299306,Amped Wireless High Power 800mW AC1750 Wi-Fi Range,47.99,0.74100447,TP-Link AC750 Dual Band Wi-Fi Range Extender w/Gig,17.5,0.7342007
B07DJT5GPT,"uni USB C SD Card Reader, Sturdy Micro SD Card Adapter (Durable Nylon, No Block), Ultra High-Speed U",Uni,Computers,11.99,15.504873984815044,3.5148739848150434,3.5148739848150434,29.315045744912787,15,0.7323822,"LENTION USB C to SD/Micro SD Card Reader, Type C S",12.99,0.8252171,"GOLDFOX USB-C SD Card Reader, 3-in-1 SD TF/Micro S",8.99,0.80194604,Unirex 64GB U1 MicroSD Card with SD Adapter and US,14.99,0.7719481
B07VCVL3X7,"SCREENARAMA New Screen Replacement for HP 17-BS057CL, HD+ 1600x900, Matte, LCD LED Display with Tool",Unknown,Computers,79.5,59.40895013957303,-20.09104986042697,20.09104986042697,25.271760830725746,15,0.89398485,SCREENARAMA New Screen Replacement for HP 15-BS031,54.23,0.9419929,SCREENARAMA New Screen Replacement for HP 15-R011D,64.01,0.9256494,SCREENARAMA New Screen Replacement for HP 15-BA113,71.08,0.91578186
B008NCAGNI,BlackBerry 9930 Bold Cell Phone Memory Card 32GB microSDHC Memory Card with SD Adapter,Transcend,Computers,12.45,12.494791218974964,0.04479121897496441,0.04479121897496441,0.3597688271081479,15,0.67527634,BlackBerry 9310 Curve Cell Phone Memory Card 16GB ,10.89,0.8620417,Verizon Ellipsis 10 Tablet Memory Card 16GB microS,11.95,0.73130465,HTC M8 Cell Phone Memory Card 16GB microSDHC Memor,11.95,0.7239146
B00VA9ZE38,HP 650933-B21 H220 Host Bus Adapter - Serial ATA/600 - PCI Express 3.0 x8 - Plug-in Card - 2 Total S,HP,Computers,64.74,93.37613725583249,28.636137255832494,28.636137255832494,44.232525881730766,15,0.68434423,HP P410/512 MB with BBWC Smart Array 462864-B21,133.64,0.7644356,HP 507284-001 300GB SAS 10K Dual Port Hot Pluggabl,70.0,0.73091924,HP 581286-B21 581311-001 600GB 6Gb/s SAS Dual Port,29.0,0.7265204
B01BU5YBKS,Fosmon Micro USB 2.0 Male to USB-A Female OTG Adapter Cable - 4.5 inch (Black),Fosmon,Computers,5.99,7.865512244900533,1.8755122449005324,1.8755122449005324,31.31072195159486,15,0.60524344,CablesOnline 5-Pack 6 inch USB 2.0 A-Type Male to ,9.89,0.6466923,"CableCreation USB to Micro USB Cable 4 FT, Braided",8.99,0.63757825,TNP USB Extension Cable (15 Feet) - Type A Male to,6.95,0.6365458
B09BF5ZJKQ,10pcs IP68 Waterproof M16 PG9 Plastic Cable Gland Connector Plastic Flex Spiral Strain Relief Protec,Tusrai,Computers,9.99,20.23715244005173,10.24715244005173,10.24715244005173,102.57409849901632,15,0.5406347,"Peduckeu Flat Wire Ethernet Cable 3Ft, Shielded Pa",5.59,0.57630515,"CableCreation RJ45 Connectors, 100-Pack Cat6 Conne",15.89,0.5749464,"Cat 6 Ethernet Cable 2 Feet/2 Pack, Elecan UL List",7.59,0.5655455
B00UJ8DHQM,elago® P3 Stand [Silver] - [Premium Aluminum] [Angled for Extended Use][Cable Management] - for iPad,Elago,Computers,20.99,20.871471836706945,-0.11852816329305327,0.11852816329305327,0.5646887245976812,15,0.6066709,"Energsolo Tablet Stand Holder, 360° Rotating, Alum",34.99,0.6467012,"ALASHI Tablet Stand for Desk, Multi-Angle Adjustab",19.99,0.63552654,Otinlai iPad Stand iPad Holder Adjustable Height a,29.99,0.630098
B077J98HGG,"2018 HP Flagship High Performance 15.6 inch HD Laptop PC, Intel 8th Gen Core i5-8250U Quad-Core, 12G",HP,Computers,479.0,633.0007261363173,154.00072613631733,154.00072613631733,32.15046474662157,15,0.86896855,HP Envy x360 Flagship High Performance 2-in-1 Conv,899.99,0.8990577,2016 HP High Performance Business 15.6 Inch Laptop,699.0,0.88999987,2016 HP High Performance Business 15.6 Inch Laptop,699.0,0.88999987
B004I44A0U,"G-Technology 2TB Enterprise-Class Spare Drive Module for G-SPEED Q, eS and eS Pro (0G01910)",Hitachi,Computers,379.0,67.74613854701605,-311.253861452984,311.253861452984,82.12502940711978,15,0.632616,HTS541060G9SA00 Hitachi Travelstar 5K100 HTS541060,89.95,0.6807421,"Hitachi 80Gb 80 gb 2.5 Inch IDE(80 Gb 2.5"" PATA) L",40.0,0.6616525,Hitachi HTS541616J9SA00 160GB Hard Drive,82.4,0.65371305
B0932MBFD3,"wuwive [2 Pack] iPad Pro 12.9 Screen Protector,Tempered Glass for iPad Pro 12.9 Inch 2021/2020/2018 ",wuwive,Computers,13.99,23.02129679789004,9.031296797890041,9.031296797890041,64.55537382337413,15,0.7736146,BASE MALL iPad 9th/8th/7th Generation 10.2-inch Ca,31.99,0.8123542,TANTEK [3-Pack Screen Protector for iPad Pro 11 in,14.95,0.80032265,Drfilm Like Paper Screen Protector for iPad Pro 11,9.9,0.782616
B07YM9N88Q,"Club 3D Displayport Cable 1.4 8K 60Hz VESA certfied 3 Meter/9.84Feet 28AWG Black Color CAC-1060, Lap",Club 3D,Computers,18.99,50.825253108551564,31.835253108551566,31.835253108551566,167.64219646419994,15,0.71176505,"Club 3D, CAC-2070, Active DisplayPort to HDMI 2.0 ",23.77,0.7971609,StarTech.com 6ft (2m) VESA Certified Mini DisplayP,28.66,0.77122164,Cubilux 4K@120Hz USB C to DisplayPort 1.4 Cable Co,11.9,0.7485927
B006IVUJPQ,JEFA Tech Pigtail: U.FL Male to U.FL Female - 3 inches,JEFA Tech,Computers,10.95,99.22637304772493,88.27637304772493,88.27637304772493,806.1769228102733,15,0.4534925,JEFA Tech Pigtail: U.FL Male to U.FL Female - 1 in,9.95,0.9969554,"Superbat 3"" U.fl/IPEX Cable Mini PCI to SMA Female",6.47,0.5432007,Peplink Balance 20X [CAT-4] | Futureproof Gigabit ,449.0,0.41993463
B007CJETTA,Xigmatek 120mm White Blade Copper Bushing Axis Cooling Fan XAF-F1252,Xigmatek,Computers,5.99,54.41970716550563,48.429707165505626,48.429707165505626,808.5093015944178,15,0.598361,YEEPHTECH Computer Case Fan 120mm RGB LED PWM High,8.99,0.62286925,CoolerMaster SickleFlow 120 ARGB White Edition 120,19.99,0.6197639,"GDSTIME 125CFM Big Airflow 24V 1238 Cooling Fan, 1",15.99,0.617025
B0088CJT4U,TP-Link N750 Wireless Wi-Fi Dual Band Router (TL-WDR4300),TP-Link,Computers,95.0,98.90250262278965,3.9025026227896547,3.9025026227896547,4.107897497673321,15,0.6878036,TP-Link TD-W8980 N600 Wireless Dual Band Gigabit A,399.95,0.7481526,TP-Link AC1200 Wireless Wi-Fi Gigabit Router (Arch,106.69,0.7233373,Linksys N900 Wi-Fi Wireless Dual-Band+ Router with,89.89,0.7191181
B09BV9D53B,"Cooper Infinite Executive Keyboard Case for 7, 7.9, 8"" Tablets | Universal Fit | 2-in-1 Leather Foli",Cooper Cases,Computers,24.95,23.647982768265006,-1.3020172317349932,1.3020172317349932,5.218505938817608,15,0.71740353,"Cooper Backlight Executive Keyboard Case for 9, 9.",29.95,0.8981276,ProCase Galaxy Tab A 8.0 Case 2017 Old Model T380 ,21.99,0.7478648,Universal 2 in 1 Wireless Bluetooth Keyboard Flip ,18.57,0.74031746
B01K7X9EGK,"LFHUKEJI RS232 to RS485, RS-232 Female to RS-485/RS-422 485/422 Female Adapter Converter(Passive)",LFHUKEJI,Computers,8.99,74.80044166347501,65.81044166347502,65.81044166347502,732.0405079363182,15,0.58979553,AYA 1-Port USB to RS422/RS485 Serial Adapter Conve,27.99,0.722284,Black Box Async RS232 to RS485 Interface Converter,186.18,0.7125955,StarTech.com 4 Port PCI Express PCIe Serial Combo ,142.88,0.68697584
B00ZB6WE5C,4GB KIT (2 x 2GB) for EMachines E Notebook Series E430 E510 E520 E525 (DDR2) E620 E620-5885 E625 E62,A-Tech,Computers,34.14,30.478078833580607,-3.6619211664193934,3.6619211664193934,10.72618970831691,15,0.821172,4GB KIT (2 x 2GB) for eMachines E Series Notebook ,31.82,0.96490467,2GB KIT (2 x 1GB) for EMachines W Desktop Series W,23.94,0.9071392,2GB KIT (2 x 1GB) for eMachines T Series T3604 T36,24.9,0.88699603
B086J2CR1V,"EKWB EK-CryoFuel Premix PC Coolant, 1000mL, Clear, 2-Pack",EKWB,Computers,59.85,57.26825013897282,-2.581749861027184,2.581749861027184,4.313700686762212,15,0.4758224,NZXT Kraken X62 All-in-One CPU Liquid Cooling Syst,99.99,0.53678334,"Koolance LIQ-702YL-B 702 Liquid Coolant, High-Perf",24.44,0.51847357,"Koolance LIQ-702GN-B 702 Liquid Coolant, High-Perf",24.44,0.51827955
B09296NQ32,X9 Performance Backlit Large Print Keyboard - Easy to See and Type - Light Up Keyboard for Elderly o,X9 Performance,Computers,29.99,44.583314846624944,14.593314846624946,14.593314846624946,48.66060302309086,15,0.68000954,"Elderly Keyboard, 104 Keys QWERTY Layout Keyboard ",20.77,0.7618886,XDL-POWER TANIX Large Print Computer Keyboard Wire,19.99,0.74125165,Nuklz N Magnus 325 | Wireless Large Print Full Siz,26.99,0.72001994
B07KGKDLZ7,Asus GT-AC5300 (Renewed) Gaming Router (Renewed),ASUS,Computers,249.99,486.21733320330804,236.22733320330804,236.22733320330804,94.494713069846,15,0.58335984,ASUS AC1750 WiFi Router (RT-AC66U B1) - Dual Band ,59.99,0.6250367,ASUS ROG Strix Z690-F Gaming WiFi 6E LGA1700(Intel,239.99,0.6161416,"ASUS ROG Strix SCAR Edition GL703GE Gaming Laptop,",797.5,0.608584
B0BFCXX3BM,"Akko Keycaps Set, Black&Bronze Theme 158-Key ASA Profile PBT Double-Shot Keycap Set with Black Keyca",Unknown,Computers,59.99,24.200272030485916,-35.78972796951409,35.78972796951409,59.659489864167504,15,0.6998343,Akko Keycaps Top Printed Shine-Through with ASA Pr,29.89,0.89522815,Black Keycaps Cherry Profile Doubleshot WOB Keycap,23.99,0.7253745,"Pink Keycaps for Gaming Keyboard, Round Keycaps fo",13.99,0.7141949
B0BG8HVVTS,"CUIUIC 13.3"" Touchscreen Monitor, HDMI+VGA FHD 1920x1080 IPS HDR 100% sRGB 60Hz 10-Point Touch Displ",CUIUIC,Computers,199.99,405.04021593933965,205.05021593933964,205.05021593933964,102.53023448139389,15,0.6815547,"APROTII Raspberry Pi Screen, 7 inch 1024x600 IPS P",79.99,0.7188907,"Gateway 15.6"" FHD Ultra Slim Budget Notebook, Inte",189.99,0.70623565,"HP Z27u G3 27"" QHD LCD Monitor - 16:9 - Black",425.0,0.69405484
B01BFV6Y6G,Parts-Quick 32GB Memory Card for Panasonic Lumix DMC-ZS3,Parts-quick,Computers,24.99,34.21830388575078,9.22830388575078,9.22830388575078,36.9279867376982,15,0.6718108,Panasonic Lumix DMC-ZS25 Digital Camera Memory Car,13.95,0.84857666,Panasonic Lumix DMC-LZ20 Digital Camera Memory Car,11.15,0.79359126,Panasonic Lumix DMC-TZ1 Digital Camera Memory Card,13.95,0.73583436
B07SD7RCQJ,"Dell Latitude E6530 15.6INCH FHDplus (19201080), Intel Core I5 3210M Upto 3.1G, 8G DDR3, 512GB SSD, ",Dell,Computers,222.74,246.1979669061999,23.457966906199886,23.457966906199886,10.531546604202157,15,0.80496716,Dell Latitude E7470 Intel i5-6300U 2.40GHz 8GB RAM,169.98,0.85559803,"Dell Latitude E5540 15.6 inches Laptop, Core i5-43",204.62,0.83536243,"Dell Latitude E5450 14in Laptop, Intel Core i5-530",134.49,0.8265138
B09T8TCNSD,"USB C SD Card Reader, Thunderbolt USB 3.0 Micro SD Camera Memory Card Reader Trail Camera SD Card Ad",TIANSONG,Computers,12.99,14.825697422654063,1.8356974226540625,1.8356974226540625,14.131619881863452,15,0.7597377,"GOLDFOX USB-C SD Card Reader, 3-in-1 SD TF/Micro S",8.99,0.8637169,"LENTION USB C to SD/Micro SD Card Reader, Type C S",12.99,0.820186,"USB C to CF SD Micro SD Card Reader, 3-Slot Memory",13.97,0.81447995
B07ZNJFB8K,BRIGHTFOCAL New Screen Replacement for HP Elitebook 820 G3 HD 1366x768 LCD LED Display (Panel Only),Unknown,Computers,106.5,70.390217074922,-36.109782925077994,36.109782925077994,33.905899460167134,15,0.8325611,BRIGHTFOCAL New Screen Replacement for HP 806363-0,46.01,0.92203826,BRIGHTFOCAL New Screen Replacement for HP P/N 7697,76.5,0.88029647,BRIGHTFOCAL New Screen Replacement for HP Probook ,59.01,0.8768794
B00CSUO9VQ,"XSPC G1/4"" 4 Way Fitting Black Chrome",XSPC,Computers,8.2,24.53274653034447,16.33274653034447,16.33274653034447,199.17983573590817,15,0.6507793,"XSPC G1/4"" 5mm Male to Male Fitting, Black Chrome,",14.89,0.87487626,"XSPC G1/4"" to 1/2"" ID, 3/4"" OD Compression Fitting",35.99,0.8422301,"XSPC G1/4"" to 1/2"" ID, 3/4"" OD Compression Fitting",49.95,0.8351189
B08SGQVYZH,"LECTRUS Tablet 10 inch Android 9.0 (GMS Certified), 32GB Storage, Quad Core Processor, 3G Tablet PC ",LECTRUS,Computers,69.99,78.04372947676005,8.053729476760054,8.053729476760054,11.506971677039655,15,0.61916023,"Tablet Android 10.0, 10 inch Tablets with 32GB Sto",52.95,0.6793315,"Tablet 10 Inch Android 9.0, 2GB+32GB, Quad-Core Pr",48.99,0.6782093,"Tablet, 10 inch Tablets Android, 64GB ROM & 512GB ",54.96,0.6742789
B0743Y9J5W,CableVantage VGA 50FT 15 PIN Blue SVGA Super VGA Monitor M/M Male to Male Cable Cord for PC TV Monit,CableVantage,Computers,11.99,17.37420971430956,5.384209714309561,5.384209714309561,44.905835815759474,15,0.77215785,Cable Matters VGA to VGA Cable 15ft with Ferrites ,13.99,0.866398,VGA Cable SVGA Super Video Cord Male 15 PIN with 3,7.5,0.8471545,DTech 5M Ultra Thin Flat Type Computer Monitor VGA,11.98,0.8209477
B0B7HMMTBJ,"JETech Case for iPad Pro 12.9 Inch (2015/2017 Model, 1st/2nd Generation) with Pencil Holder, Slim Ta",JETech,Computers,14.99,17.377227949665766,2.387227949665766,2.387227949665766,15.925469977756942,15,0.82524693,JETech Case for iPad Pro 12.9-Inch (6th/5th Genera,11.98,0.9261288,JETech Case for iPad Pro 12.9-Inch (2020/2018 Mode,16.99,0.9251093,JETech Case for iPad Mini 1 2 3 (NOT for iPad Mini,14.99,0.8404269
B007YA18RS,9 Inch ATX Power Supply 20 Pin / 24 Pin to Small Mini 24 Pin Connector Adapter Cable Cord for HP Sli,KENTEK,Computers,9.99,21.995500412774724,12.005500412774724,12.005500412774724,120.17517930705431,15,0.6399517,E-outstanding ATX PSU Power Supply Adapter Cable f,11.99,0.7546939,Eyeboot 24 Pin to 18-Pin Power Supply ATX PSU Adap,9.99,0.7255429,Longdex 2pcs 11 Inch 24-Pin to 8-Pin 18AWG ATX PSU,12.99,0.6992401
B08M9L1W8J,"typecase Touch iPad Air 4th Generation Case with Keyboard - Magic Keyboard Style, Compatible with Ap",Typecase,Computers,72.99,58.1556590485923,-14.834340951407697,14.834340951407697,20.323799083994654,15,0.81624126,typecase Touch iPad 9th Generation Case with Keybo,69.99,0.8957684,iPad 7th - 8th - 9th Generation Case with Keyboard,45.99,0.8502944,CC Store Touchpad Keyboard Case for iPad 10th Gene,59.98,0.84201086
B0002AHT20,25ft Super Flex Stereo & Video Dubbing Cables,Unknown,Computers,12.49,18.23035290312827,5.7403529031282705,5.7403529031282705,45.959590897744356,15,0.58379096,"CableWholesale RCA Female to RCA Female, Yellow Re",8.01,0.6835986,"RCA Audio/Video Cable, 3 RCA Male Connector, Gold-",20.06,0.6678915,Syncwire Digital Optical Audio Cable (10 Feet) - [,12.99,0.62966704
B00NH4C1DU,"Odyson - I/O Board w/DC-in, Audio, USB Ports Replacement for MacBook Air 13"" A1369 Mid 2011 (MC965, ",Odyson,Computers,24.7,35.46865270126985,10.768652701269854,10.768652701269854,43.59778421566743,15,0.6416949,Odyson - DC-in Power Board Replacement for MacBook,9.98,0.76839936,"Odyson - Trackpad Replacement for MacBook Air 11"" ",105.0,0.7193097,New DC-In Power Jack Board For Apple Macbook Pro U,19.05,0.69855994
B07TN1PJTZ,Skinit Decal Audio Skin Compatible with PowerBeats Pro - Officially Licensed Originally Designed Whi,Skinit,Computers,14.99,18.391169608961658,3.4011696089616574,3.4011696089616574,22.689590453379967,15,0.69759774,Skinit Decal Audio Skin Compatible with PowerBeats,14.99,0.9340272,SopiGuard Skin for Powerbeats Pro Earbuds Sticker ,10.99,0.7688389,Skinit Decal Audio Skin Compatible with Apple AirP,15.99,0.7386475
B0026RP2TO,Gomadic Coiled Power Hot Sync USB Cable for The Garmin Forerunner 305 with Both Data and Charge Feat,Gomadic,Computers,19.67,12.537204776900642,-7.132795223099359,7.132795223099359,36.26230413370289,15,0.5787351,Ancable 2-Pack Charger Cable Compatible with Garmi,8.99,0.62398106,"Micro USB Left Angle,Micro USB Extension Cable, 90",6.99,0.60171115,TacPower USB 2.0 Power Charger +Data Cable/Cord/Le,6.99,0.59658504
B09WK4W1KL,"REVOTECH Gigabit PoE Splitter 12V 1A Output, IEEE 802.3af Standard Compliant 10, 100, 1000Mbps Power",REVOTECH,Computers,10.89,65.32296368521543,54.43296368521543,54.43296368521543,499.8435600111609,15,0.646668,ANVISION Active Gigabit PoE Splitter Adapter with ,18.35,0.722388,PoE Injector - Industrial Gigabit PoE+ Injector IE,129.7,0.7120392,"PoE Switch, 8 Port PoE Switch for IP Cameras with ",59.99,0.7027812
B09M85W9P8,"EVGA CLC 120mm All-In-One CPU Liquid Cooler, 1x 120mm Fan, Intel, 5 YR Warranty, 400-HY-CL11-V1",EVGA,Computers,54.99,85.74165273914537,30.751652739145364,30.751652739145364,55.92226357364132,15,0.66321534,ASUS TUF Gaming LC 120 RGB All-in-one Liquid CPU C,99.99,0.72815865,ASUS TUF Gaming LC 240 ARGB All-in-one Liquid CPU ,109.99,0.70064574,Zalman CNPS8900-Quiet Low Profile CPU Cooler w/Ult,14.99,0.6709855
B07F9DF9HB,"decalrus - Protective Decal Butterfly Skin Sticker for HP Envy X360 15M-CN0011DX (15.6"" Screen) case",Decalrus,Computers,30.95,26.10119262034125,-4.848807379658748,4.848807379658748,15.66658280988287,15,0.80614257,Decalrus - Protective Decal Skin Skins Sticker for,28.95,0.8921194,decalrus - Protective Decal Space Skin Sticker for,30.95,0.8526547,Decalrus - Protective Decal Wood Skin Sticker for ,26.95,0.8421565
B0079R2P7S,TOSHIBA SATELLITE L755-S5242 Laptop Screen 15.6 LED BOTTOM LEFT WXGA HD 1366x768,Unknown,Computers,52.27,58.303758109329564,6.033758109329561,6.033758109329561,11.543443867093096,15,0.8095001,TOSHIBA SATELLITE P755-S5215 Laptop Screen 15.6 LE,52.27,0.9423347,TOSHIBA SATELLITE C655D-S5130 Laptop Screen 15.6 L,59.73,0.9010682,Toshiba Satellite L755D-S5218 Laptop LCD Screen Re,52.27,0.8585422
B00NZLGCRQ,ArmorSuit MilitaryShield Screen Protector for Amazon Fire HD 6/HD 6 Kids Edition - [Max Coverage] An,ArmorSuit,Computers,9.95,13.66702155533873,3.7170215553387305,3.7170215553387305,37.357000556168146,15,0.77830005,ArmorSuit MilitaryShield Screen Protector for Goog,9.95,0.8939401,ArmorSuit MilitaryShield Black Carbon Fiber Skin W,25.97,0.89144474,ArmorSuit MilitaryShield Full Body Skin Film + Scr,19.95,0.8813498
B0BCFYMRF2,"Vaydeer 4 Fully Programmable Keys with Floating Window and Macro Multifunctional Keypad, One-Handed ",Vaydeer,Computers,35.99,49.93120358250132,13.941203582501316,13.941203582501316,38.73632559739182,15,0.59514225,"Heayzoki 6 Key OSU Keypad, Macro Keyboard Mini Pro",17.74,0.7004293,"SHYEKYO 12 Keys Programmable Keyboard,Multifunctio",26.59,0.6314532,"DANSHER Percent 60% Mechanical Gaming Keyboard,81K",36.99,0.6187748
B019HW8W24,"Cady Tablet Messenger Bag for Samsung Galaxy Tab S5e, Galaxy Tab E 9.6, Galaxy Tab A, Galaxy Book 10",Unknown,Computers,50.99,25.11765825920011,-25.872341740799893,25.872341740799893,50.740030870366525,15,0.72761637,Cady Messenger Bag for 11 to 12 inch devices. (Pur,36.99,0.8065994,10.1 to 12.4 Inch Tablet Case Business Shoulder Ba,39.99,0.7542865,Shoulder Messenger Bag 15 inch Briefcase Laptop Ca,37.95,0.7424345
B00LPQKPTO,16GB KIT (2 x 8GB) for Dell Precision Workstation Precision M4600 Precision M6600. SO-DIMM DDR3 Non-,A-Tech,Computers,113.84,52.02248012534121,-61.81751987465879,61.81751987465879,54.3021081119631,15,0.8180286,4GB KIT (4 x 1GB) for Dell Inspiron Desktop Series,47.92,0.84742355,16GB KIT (2 x 8GB) for Alienware M17 Notebook M17x,113.84,0.8425985,4GB KIT (2 x 2GB) for Dell XPS Desktop Series 200 ,29.49,0.8354994
B01LY79PFT,"Proxicast 10 ft SMA Male to N Male Premium 195 Series Low-Loss Coax Cable (50 Ohm) for 4G LTE, 5G Mo",Proxicast,Computers,27.95,45.205338390239,17.255338390239,17.255338390239,61.736452201212884,15,0.6446731,Proxicast 6 ft N Male to N Male Premium 195 Series,17.95,0.8224517,"Proxicast Ultra Low-Profile 4G/LTE, 5G Omni-Direct",29.95,0.7892513,"Lala Smill RG174 WiFi Antenna Extension Cable, 20f",10.89,0.67054486
B00PKZE54W,Arch Memory 4GB 240-Pin DDR3 1600 MHz UDIMM RAM for HP 110-210xt,Arch Memory,Computers,17.95,33.3200610862488,15.3700610862488,15.3700610862488,85.627081260439,15,0.79030925,Arch Memory 4GB 240-Pin DDR3 1333 MHz UDIMM RAM fo,17.95,0.95515454,Arch Memory 4GB 204-Pin DDR3 1333 MHz So-dimm RAM ,17.95,0.9479924,Arch Memory 8GB 204-Pin DDR3 1600 MHz So-dimm RAM ,25.95,0.94627243
B079C7NDPJ,Apple MacBook Pro ME662LL/A 13.3-Inch Laptop with Retina Display (OLD VERSION) (Renewed),Apple,Computers,375.0,536.3073302220394,161.30733022203935,161.30733022203935,43.01528805921049,15,0.69149756,"Apple MPDL2LL/A 13"" MacBook Pro, Retina, Touch Bar",749.99,0.8920631,"Apple MacBook Pro 15"" Retina Core i7 2.7GHz MLH32L",815.05,0.7533494,Apple MacBook Pro 15in Core i7 2.8GHz Retina (MGXG,518.97,0.72550684
B005GFHGHE,"Crucial Technology 2GB Upgrade for a Dell Latitude D630 System (DDR2 PC2-6400, Non-ECC,)",Crucial,Computers,39.4,41.36179270081131,1.9617927008113085,1.9617927008113085,4.97916929139926,15,0.70505494,4GB kit (2GBx2) Upgrade for a Dell OptiPlex 740 Se,52.99,0.9372166,8GB Kit (4GBx2) Upgrade for a Apple MacBook Pro 2.,63.5,0.83446825,Crucial 4GB kit (2GB x 2) DDR2 800MHz (PC2-6400) C,29.99,0.78773576
B08T1WDDZ2,"NIDOO 10 Inch Laptop Sleeve Case Water-Resistant Computer Briefcase Carrying Handle Bag for 10.9"" iP",NIDOO,Computers,18.99,15.0024016448305,-3.9875983551694976,3.9875983551694976,20.99841155960768,15,0.8223569,NIDOO 10 inch Laptop Sleeve case Notebook Bag Prot,12.99,0.8963639,NIDOO 10 Inch Laptop Sleeve Tablet iPad Sleeve Cas,11.99,0.893237,LONMEN 10.1 Inch Laptop Sleeve Case Water-Resistan,13.99,0.8564775
B091Y3FXJV,"XULIS Laptop Sleeve Compatible with 13-13.3 inch MacBook Air/Pro, Smart Sleeve All-in-One Protective",XULIS,Computers,49.99,18.033503812357655,-31.956496187642347,31.956496187642347,63.92577753079085,15,0.8248523,14-15 Inch Laptop Sleeve Briefcase Men Women Bag w,18.89,0.842124,"14-15 Inch Laptop Sleeve Case for Acer Swift 3 14,",11.99,0.8388489,HYZUO 13 Inch Laptop Sleeve Compatible with MacBoo,20.99,0.8334698
B09M729SCG,"Replacement for Dell Laptop Charger, 2 Tips Charger for All Dell inspiron 13 14 15 17 3000 5000 7000",ROLADA,Computers,12.99,24.675817636501385,11.685817636501385,11.685817636501385,89.96010497691597,15,0.79591113,65W 45W Laptop Charger AC Adapter for Dell Inspiro,12.99,0.8612422,PA-4E Dell 130W Laptop Charger (2Tips 7.4 and 4.5m,26.99,0.8347256,65W Type-C Charger Laptop Power Cord for Dell XPS ,21.99,0.8182082
B09T612W2H,"Slim Case for Samsung Galaxy Tab A8 10.5 2022, Lightweight TPU Shockproof with Auto Sleep/Wake Cover",BREIDMKFM,Computers,21.99,17.98639771353063,-4.00360228646937,4.00360228646937,18.206467878441885,15,0.81866306,Fintie Hybrid Slim Case for Samsung Galaxy Tab A8 ,17.99,0.90488267,"ProCase for Galaxy Tab A8 10.5 Case, Slim Stand Ha",15.99,0.8534222,Supveco Slim Case for Newest Samsung Galaxy Tab A8,15.99,0.82750946
B0BNGW8YCL,"BRAECN iPad Case 9th/8th/7th Generation, 10.2 Inch iPad Case with Hand Strap, Dropproof Kids Case wi",BRAECN,Computers,25.99,23.10771492727363,-2.8822850727263685,2.8822850727263685,11.089977194022195,15,0.8632303,BRAECNstock iPad 10.2 Case 2021/2020/2019 (iPad 9t,21.98,0.91941404,"BRAECN New iPad 9.7 Case with Pencil Holder, Shock",26.99,0.8968605,"BRAECN iPad 9th/8th/7th Generation Case, Heavy Dut",29.99,0.8891425
B096P991VY,"Timecity Case for iPad Pro 11 inch 2022/2021/2020/2018, iPad Pro 11 inch Case 4th/3rd/2nd/1st Genera",timecity,Computers,29.99,24.49088600134493,-5.499113998655069,5.499113998655069,18.33649215957009,15,0.8375613,Aoub New iPad Pro 11 Inch Case 2022(4th Gen)/2021(,19.99,0.8641898,AICase for iPad Pro 11 Inch 4th/3rd/2nd/1st Genera,35.98,0.8585668,Timecity Case for iPad 9th/ 8th/ 7th Generation 20,27.99,0.85330206
B07SZL2MMD,diymore 1865O Battery Holder Double Li-ion V8 Battery Shield Micro USB 5V/3A 3V/1A Power Bank Batter,Diymore,Computers,12.99,36.85301691631001,23.86301691631001,23.86301691631001,183.70297857051585,15,0.4594122,Adafruit Pro Trinket LiIon/LiPoly Backpack Add-On,8.44,0.4845624,EdisonBright Nitecore Tube (Black) 45 Lumen USB Re,11.99,0.4772632,Tandirect New N3X1D Replacement Laptop Battery Com,45.98,0.47700208
B0BCFFR6TD,"SanDisk 2TB Extreme Portable SSD - Up to 1050MB/s - USB-C, USB 3.2 Gen 2 - External Solid State Driv",SanDisk,Computers,119.99,83.88887082846462,-36.101129171535376,36.101129171535376,30.08678154140793,15,0.7300433,SanDisk Extreme 900 Portable 960GB SSD (SDSSDEX2-9,245.97,0.86077744,WD 2TB My Passport SSD Portable External Solid Sta,114.99,0.8050631,SanDisk 1TB Extreme PRO Portable SSD - Up to 2000M,119.99,0.7962332
B00NG2Q1VG,UL Listed Pwr Rapid 3.5A Charger for Samsung Galaxy Tab 3 4 A E S S2 S3 S4 S5e S6 S6 S7 FE Plus A8 A,PWR+,Computers,14.99,21.735494468413744,6.745494468413744,6.745494468413744,44.99996309815707,15,0.7479308,"PWR+ Charger for Lenovo Tab M10 Plus, Samsung Gala",12.99,0.9309171,UL Listed Charger for Samsung Galaxy Tab S3 S4 S6 ,12.99,0.9068687,Pwr Charger AC Adapter for Samsung Galaxy Tablet P,12.99,0.8872818
B07RRXD8M6,MPD Digital Cablesonline 9ft RG8x Coax Uhf (PL259) Male to BNC Male Plug 50 Ohm Antenna Ham Radio Ca,MPD Digital,Computers,15.85,31.06269787269229,15.21269787269229,15.21269787269229,95.97916638922581,15,0.6622079,Cablesonline 25 Ft. RG58 Coaxial Cable w/BNC Male ,14.47,0.79574823,MPD Digital K-8 18 feet Single Antenna Coax Cable ,38.17,0.7734234,MPD Digital RG8x-W-so239-PL259-20ft Marine Radio V,42.65,0.750819
B074CLXDP1,"Siemon 100.3801 C5-Style 110-Type Connecting Blocks, White, (20 Pack)",Siemon,Computers,9.99,64.42108701822912,54.431087018229114,54.431087018229114,544.8557259081994,15,0.572611,GB B450 AORUS PRO AM4 / B450 / DDR4 / S-ATA 600 / ,99.99,0.6045145,IBM 39M2899 IBM 1.5M USB Conversion Cable,70.0,0.6013694,Varmilo MA Series V2 Panda R2 White LED TKL Mechan,153.39,0.5899179
B08VDBP9D1,"RIVECO 22U Open Frame Server Rack with Wheels- Heavy Duty 4 Post Quick Assembly 19-inch, Stereo Rack",RIVECO,Computers,242.99,104.62547821461297,-138.36452178538704,138.36452178538704,56.94247573372856,15,0.5884748,Aeons 1U 19-inch Sliding Rack Server Shelf Vented ,77.99,0.63506436,DynaCable 12U Heavy Duty Open Frame Swing Out Wall,135.45,0.6118295,Raising Electronics 6U Wall Mount Open Frame 19 In,62.99,0.611419
B09KQQ9ZC7,"CUSTOMIZATIONS Coiled USB c Cable, Customized Gaming Mechanical Keyboard Cable, Handwork Braided + P",CUSTOMIZATIONS,Computers,9.99,16.663456974333943,6.673456974333943,6.673456974333943,66.80137111445389,15,0.62862766,EPOMAKER Mix 1.8m Coiled Type-C to USB A TPU Mecha,19.99,0.7458163,"HyperX Coiled Cable - Durable Coiled Cable, Stylis",29.99,0.7221778,"CGCWW USB Type C Cables 3Pack (3/6/6FT), USB A to ",19.99,0.6314154
B07XDQLGMH,"Decalrus - Protective Decal Skin Sticker for Dell XPS 13 7390 2-in-1 (13.3"" Screen) case Cover wrap ",Decalrus,Computers,26.95,26.049074572373964,-0.900925427626035,0.900925427626035,3.3429514939741565,15,0.8253873,Decalrus - Protective Decal Wood Skin Sticker for ,26.95,0.99064636,Decalrus - Protective Decal for DELL XPS 13 9343 9,27.95,0.9242598,Decalrus - Protective Decal Skin Skins Sticker for,26.95,0.9228519
B073V625HG,ASUS Intel H110 Micro ATX DDR4-SDRAM Motherboard,ASUS,Computers,128.02,188.52684325590883,60.50684325590882,60.50684325590882,47.26358635831028,15,0.73328096,ASUS Micro ATX DDR4 LGA 1151 Motherboards H110M-K,69.99,0.8306556,ASUS H110M-E/M.2 LGA1151 DDR4 M.2 HDMI USB3.0 H110,228.86,0.8075131,Asus Micro ATX DDR4 LGA 1151 Motherboard H110M-C/C,134.02,0.7892412
B019LS9HEQ,"PcProfessional Screen Protector (Set of 2) for Dell Inspiron 3052 19.5"" All-in-One Touchscreen Deskt",Unknown,Computers,27.99,16.824972759262664,-11.165027240737334,11.165027240737334,39.889343482448496,15,0.7804204,PcProfessional Screen Protector (Set of 2) for Del,14.99,0.8564466,PcProfessional Screen Protector (Set of 2) for 201,15.99,0.8266313,PcProfessional Screen Protector (Set of 2) for Del,16.99,0.82091117
B0BL1XFKTQ,"Lenovo 2022 Newest Flex 5i 14"" FHD Touchscreen 2-in-1 Laptop Computer, Dual Core Intel i3-1115G4 (Up",Lenovo,Computers,449.0,494.91324065979774,45.91324065979774,45.91324065979774,10.22566607122444,15,0.83712506,"Lenovo IdeaPad 5 Business Laptop, 15.6"" FHD IPS To",689.0,0.8469986,"2021 Newest Lenovo IdeaPad Flex 5 14.0"" 2-in-1 Lap",479.0,0.8465719,"2022 Newest Lenovo IdeaPad 3i 15.6"" FHD Laptop, 11",399.99,0.84612066
B000I996VW,"ABCD 4 Way Switch Box, BNC Female",CableWholesale,Computers,24.99,13.292509378463773,-11.697490621536225,11.697490621536225,46.80868596052912,15,0.4549867,"BNC Panel Mount Coupler, BNC Female to BNC Female",6.6,0.6014886,CablesOnline 4-Way VGA (HD15) Manual Switch Box (S,21.99,0.5456624,CablesOnline 2-Way A/B RJ45 Metal Rotary Manual Sw,21.25,0.49186212
B06Y3MB7PL,PrivacyDevil PD116W Filter Screen for Laptop,PrivacyDevil,Computers,5.0,37.61687752409558,32.61687752409558,32.61687752409558,652.3375504819116,15,0.7951855,22 inch Computer Privacy Screen Filter - Suitable ,37.99,0.8447962,19.5 Inch Computer Privacy Screen Filter for 16:9 ,32.79,0.8382715,VINTEZ 15.6 Inch - 16:9 Aspect Ratio - Removable L,31.99,0.82161814
B0BNVJHB2H,"iPhone Charger 6-Ft Cord, 2-Pack USB to Lightning Cable [Apple MFi Certified] Fast Charging Cord Com",GKW,Computers,5.98,15.66257068164918,9.68257068164918,9.68257068164918,161.91589768644113,15,0.7780456,"4Pack [Apple MFi Certified] Lightning Cable 6ft, A",12.99,0.8502588,"4 Pack 10ft iPhone Charger Cable, [Apple MFi Certi",16.99,0.84437674,"Long USB C to Lightning Cable 10ft,[Apple MFi Cert",17.99,0.835026
B00BTFKZLO,KB Covers Keyboard Cover for MacBook/Air 13/Pro (2008+)/Retina - djay (DJ-M-CC-2),KB Covers,Computers,62.04,11.538671213233675,-50.50132878676632,50.50132878676632,81.40123917918491,15,0.6344148,Kuzy Older Version Keyboard Cover Compatible with ,9.99,0.6719806,KZIK Silicone Keyboard Cover Compatible with MacBo,7.99,0.67067623,Kuzy - Arabic Language Keyboard Cover for MacBook ,14.99,0.6661352
B06XTNZ75G,"Microsoft Surface Book 512GB with Performance Base (13.5 Inch Touchscreen, 2.6GHz Intel Core i7, 16G",Microsoft,Computers,404.0,577.3869070116659,173.38690701166593,173.38690701166593,42.91755124051137,15,0.75785625,"Microsoft Surface Book (512 GB, 16 GB RAM, Intel C",599.89,0.85662156,"Microsoft Surface Book 2 13.5"" (Intel Core i7, 8GB",749.99,0.80758333,Microsoft Surface Book SW5-00001 2-in-1 Notebook P,844.0,0.7946942
B01IO2GHPM,LG G STYLO 2 Cell Phone Memory Card 16GB microSDHC Memory Card with SD Adapter,Transcend,Computers,11.95,13.438824944455474,1.4888249444554749,1.4888249444554749,12.45878614607092,15,0.64071375,HTC M8 Cell Phone Memory Card 16GB microSDHC Memor,11.95,0.69416785,Verizon Ellipsis 8 Tablet Memory Card 32GB microSD,7.99,0.6930312,Verizon Ellipsis 10 Tablet Memory Card 16GB microS,11.95,0.6895519
B07FTS9JV7,"32GB SanDisk Micro SDHC Class 10 UHS-1 32G Memory Card for Yi 1080p, Yi Dome, Yi Home Camera 2, Whit",SanDisk,Computers,10.18,37.95427809027108,27.774278090271082,27.774278090271082,272.83180835236817,15,0.8440997,2 Pack - SanDisk Ultra 128GB Micro SD SDXC Memory ,29.47,0.8891858,SanDisk 16GB Micro Ultra Memory Card (5 Pack Bundl,32.38,0.87565637,SanDisk 32GB Ultra SD Memory Card (10 Pack) SDHC U,72.48,0.86832786
B008H65IH4,HP 671137-001 NVIDIA Quadro 4000 PCIe 2.0 x16 graphics card - With 2GB GDDR5 SDRAM memory,HP,Computers,149.99,136.78285416544043,-13.207145834559583,13.207145834559583,8.805350913100595,15,0.71019477,HP 671136-001 NVIDIA Quadro 2000 PCIe 2.0 x16 grap,139.99,0.9014735,HP 713379-001 NVIDIA Quadro K600 1GB GDDR5 PCI-e g,99.99,0.8710747,256MB HP ATI Radeon X1300Pro DMS-59/TV-out PCI Exp,92.5,0.7161243
B0BYZ7YLZ4,"iPad 9th Generation Case 2021, iPad 8th/7th Generation Case 2020/2019 with Pencil Holder Also Fit iP",H HOLIMET,Computers,34.9,22.5765666716518,-12.323433328348198,12.323433328348198,35.31069721589742,15,0.8456157,Uliking iPad 10.2 Case 2020 2019 8th/7th Gen with ,19.99,0.89119893,Uliking iPad 10.2 inch (iPad 7th Gen) 2019/ iPad A,17.89,0.87954867,HOLIMET iPad Pro 12.9 Case 2022 6th/5th/4th/3rd Ge,39.9,0.859948
B07XDTGPCX,HiLetgo Serial Data Logger Data Recorder TTL Level Storage with Micro SD for Openlog Open Source ATm,HiLetgo,Computers,9.49,22.50512354678851,13.01512354678851,13.01512354678851,137.14566434972087,15,0.4969732,SanDisk 16 GB Class 4 SD HC Flash Memory Card - 4 ,25.96,0.5203145,512GB Micro Sd Card Memory Cards with a SD Adapter,11.68,0.5171341,Komputerbay 64GB High Speed Compact Flash CF 266X ,25.0,0.5136485
B00C53A51E,A-Tech 8GB Kit (2x4GB) DDR2 667MHz ECC FBDIMM PC2-5300F ECC Fully Buffered DIMM 240-Pin Server RAM M,A-Tech,Computers,25.3,40.79799375997231,15.497993759972307,15.497993759972307,61.25689233190634,15,0.8291963,A-Tech 2GB RAM Replacement for Crucial CT25664AA80,8.99,0.85096204,A-Tech 4GB (2 x 2GB) RAM for Gateway SX Desktop 28,26.39,0.8483446,4GB KIT 2X 2GB Gigabyte Motherboard GA-MA785GPMT-U,47.87,0.8464209
B0BN1KTHNM,"DTH-PANDA iPad Pro 11 inch Case for iPad Pro 11 4th/3rd/2nd/1st Generation 2022/2021/2020/2018, PU L",DTH-PANDA,Computers,32.99,24.50654063807414,-8.483459361925863,8.483459361925863,25.715245110414862,15,0.8205116,"Pefcase iPad Air 4 10.9'' 2020 Case, iPad 11'' Pro",16.98,0.8364059,KHOMO iPad Pro 11 Case 2nd Generation 2020 - Dual ,7.95,0.83555514,HFcoupe iPad Pro 11 Inch Case 4th Generation 2022/,19.99,0.832761
B083P1H19S,KEANBOLL 2 Pack Anti Glare Screen Protector & Keybaord Cover for Lenovo Yoga C940 2 in 1 14 inch Lap,KEANBOLL,Computers,9.99,14.750945499728688,4.760945499728688,4.760945499728688,47.65711210939628,15,0.69766027,KEANBOLL 2 Pack Anti-Glare Matte Screen Protector ,8.99,0.7922648,Hoyumi Paper Feel Screen Protector for Lenovo Yoga,21.99,0.7312907,PcProfessional Screen Protector (Set of 2) for Len,14.99,0.72415733
B08MWX2NQN,"SanDisk Extreme 128GB Micro SDXC Card for DJI Mavic Mini 2, Mavic Mini, Mavic Air 2 Drone (5 Pack) C",SanDisk,Computers,81.21,54.33671313237708,-26.873286867622916,26.873286867622916,33.09110561214496,15,0.78720343,SanDisk Extreme V30 A2 (2 Pack) 256GB MicroSD Card,59.55,0.9930418,SanDisk Extreme 1TB MicroSD Memory Card for DJI Ma,125.56,0.9153846,SanDisk 1TB Extreme MicroSDXC Memory Card Works wi,124.49,0.9133484
B096JXVKHK,Allinside 13-13.3 Inch Laptop Sleeve Bag Compatible with MacBook Air 13 2010-2017/ MacBook Pro 13 20,Allinside,Computers,16.99,18.35978493978122,1.3697849397812227,1.3697849397812227,8.0623009993009,15,0.8381535,Comfyable Laptop Sleeve 14 Inch Precisely Compatib,17.99,0.8612377,Laptop Sleeve Case 13-14 Inch Waterproof Portable ,17.99,0.8589867,"Allinside 11-12"" Laptop Sleeve Compatible with Mac",15.99,0.85647404
B007X15MNO,"Western Digital WD Bulk WD10EURX 1TB AV GP SATA 6Gbs 3.5"", 1 TB",Western Digital,Computers,26.69,73.40882929126887,46.718829291268875,46.718829291268875,175.0424477005203,15,0.7475745,Western Digital 320GB WD Black Performance Mobile ,67.97,0.7800582,"WD AV-GP 250 GB AV Hard Drive: 3.5 Inch, SATA II, ",18.99,0.7759446,Western Digital WD3200AVJS 320GB 8MB Cache 7200RPM,24.99,0.7739176
B00I8X93EK,Dell 130-WATT 3-Prong AC Adapter with 6 FT Power Cord,Dell,Computers,42.98,23.259112019254395,-19.7208879807456,19.7208879807456,45.88387152337274,15,0.65401524,Dell 65 Watt AC Adapter for Dell,19.9,0.6859324,"Ac Adapter Charger for DELL Latitude E6230, E6320,",12.99,0.6850862,New Dell Laptop Charger 65W(Watt) AC Power Adapter,33.99,0.68071574
B085VJTDYK,"HZQDLN 4K Webcam with Microphone, 8MP Laptop PC Desktop Computer Web Camera, USB Webcams for Video C",HZQDLN,Computers,29.99,57.82061391180203,27.83061391180203,27.83061391180203,92.79964625475834,15,0.71290284,"GoHZQ 4K Webcam with Microphone,8 Megapixel Web Ca",35.99,0.81185156,YESPURE Web Camera Webcam 1080P with Built-in Dual,18.99,0.7674962,Webcam with Microphone - QY 1080p Full HD USB Came,24.99,0.7641072
B08LQ74KFS,Easycargo 6pcs 100mm x 25mm x 10mm Heatsink Aluminium Radiator Cooler Heat Sink for Cooling LED Powe,Easycargo,Computers,9.99,24.10270165032333,14.112701650323329,14.112701650323329,141.2682847880213,15,0.66239905,Easycargo 20pcs Small Mini Heatsink Kit + Thermal ,6.99,0.79493845,Aluminum Heat Sink Heatsink Module Cooler Fin for ,8.99,0.79190534,Nxtop Aluminum Heat Sink Heatsink Module Cooler Fi,10.39,0.7807553
B096M7NPNP,Gigabyte MSI Gaming Radeon RX 6900 XT Gaming Z Trio 16G 16GB GDDR6 256-Bit HDMI/DP Nvlink Torx Fan 4,Gigabyte,Computers,899.0,384.5090037694165,-514.4909962305835,514.4909962305835,57.22925430818504,15,0.7561474,MSI Gaming GeForce RTX 3070 8GB GDRR6 256-Bit HDMI,367.47,0.8211714,ASRock Phantom Gaming D Radeon RX 5700 XT Triple-F,249.99,0.7713423,Gigabyte GeForce GTX 1060 G1 Gaming 3GB GDDR5 REV2,290.5,0.76780516
B08G5R5LM3,HP V24i FHD Monitor | 23.8-inch Diagonal Full HD Computer Monitor with IPS Panel and 3-sided Micro E,HP,Computers,184.98,274.0813291947441,89.10132919474412,89.10132919474412,48.16808800667323,15,0.74617106,HP VH240a 23.8-Inch Full HD 1080p IPS LED Monitor ,191.53,0.8523228,HP 22f FHD Monitor - 21.5-inch Full HD 1080p IPS D,229.0,0.78484964,"HP E22 G4 21.5"" Full HD LED LCD Monitor - 16:9 - B",178.95,0.7726421
B0C4W3QRPT,ADATA EC700G Aluminum USB 3 Gen 2 Type-C M.2 2280/2242/2230 PCIe/NVMe/SATA SSD External Portable Enc,ADATA,Computers,35.99,46.878947617380476,10.888947617380474,10.888947617380474,30.255481015227765,15,0.70439273,A ADWITS USB 3.1 Gen2 10Gbps Type-C to NVMe M.2 Hi,17.99,0.75951195,OWC 1TB Aura N2 NVMe SSD Upgrade Kit w/Envoy Pro E,149.99,0.74075186,HWAYO USB 3.1 Portable NVMe SSD Enclosure Case for,19.99,0.73137426
B0100KRBA6,ARRIS Surfboard SBG6580-2 8x4 DOCSIS 3.0 Cable Modem/Wi-Fi N600 (N300 2.4Ghz + N300 5GHz) Dual Band ,ARRIS,Computers,89.99,183.54243895893842,93.55243895893842,93.55243895893842,103.95870536608338,15,0.69851696,NETGEAR C3000-100NAS N300 (8x4) WiFi DOCSIS 3.0 Ca,139.38,0.7754273,ARRIS SURFboard mAX W30 Tri-Band Mesh Ready Wi-Fi ,200.7,0.7481868,NETGEAR Cable Modem WiFi Router Combo C6300 | Comp,139.0,0.74492836
B0C3D73XBL,"ORICO USB 3.0 Hub Clamp Adapter, Aluminum 4-Port USB Splitter with Extra Power Supply Port and 4.92 ",ORICO,Computers,19.99,35.774656745171484,15.784656745171485,15.784656745171485,78.96276510841163,15,0.6844684,"BYEASY USB Hub, USB 3.1 C to USB 3.0 Hub with 4 Po",14.99,0.768205,"ORICO Industrial USB Hub, 300W Powered Data Hub, 3",199.99,0.7614604,TNP USB Extension Cable (15 Feet) - Type A Male to,6.95,0.7050077
B0BM9KF2LD,"DTH-PANDA iPad Mini 6 Case 2021 8.3 Inch iPad Mini 6th Generation Cases, with Pen Holder Folio PU Le",DTH-PANDA,Computers,26.99,16.4920544068716,-10.4979455931284,10.4979455931284,38.8956857840993,15,0.8210959,DTH-PANDA iPad 9th/8th/7th Generation Case for iPa,33.99,0.8506559,DTTO Case for iPad Mini 6th Gen 8.3 Inch 2021 with,19.99,0.8466747,DTTO Case for iPad Mini 6th Generation 2021 with P,9.99,0.84210706
B0BHQLBYJT,"SBCSoM Low Cost Single Board Computer with i.MX6UL Cortex-A7 CPU Up to 528Mhz,512MB DDR3L,4GB EMMC,R",SBCSoM,Computers,19.99,383.65254423711656,363.66254423711655,363.66254423711655,1819.2223323517587,15,0.64049816,GIGABYTE AORUS GA-Z270X-Gaming K7 Gaming Motherboa,248.86,0.6915731,GIGABYTE Z370 AORUS Gaming 7 (Intel LGA1151/ Z370/,227.99,0.66440964,ASUS X99-A ATX DDR4 3000 LGA Motherboard X99-A,199.99,0.65128165
B008KFJVEI,"New Ac Adapter Charger replacement for Samsung R510 R540 R580 R620 Series; SAMSUNG R540-11, RF510-S0",Usmart,Computers,18.69,17.53689708862779,-1.153102911372212,1.153102911372212,6.1696249939658205,15,0.74290067,Ac Adapter Charger replacement for Samsung NP300V5,10.99,0.82985497,Ac Adapter Charger replacement for Toshiba Satelli,10.99,0.76753676,Ac Adapter Laptop Charger for Acer Aspire E5-511P-,10.99,0.76411945
B0B51J1JC8,"youyeetoo NanoPi R5S Mini Router with Metal Case,4GB LPDDR4 16GB EMMC, RK3568 Development Board 0.8T",youyeetoo,Computers,119.42,609.3495405211619,489.92954052116187,489.92954052116187,410.2575284886634,15,0.6632454,Intel NUC11PAHi5 Home & Business Mini Desktop i5-1,446.99,0.6882683,"Lenovo Flex 5 14 2-in-1 14"" FHD Touchscreen Laptop",629.99,0.6869579,QNAP TS-832PX-4G 8 Bay High-Capacity NAS with 10Gb,879.0,0.6679859
B09PD56HYB,MOMUVO Backpack for Men College Backpack Shool Backpack for Teen Boys with 17.3/18.4 Laptop Compartm,MOMUVO,Computers,25.99,37.8923180341695,11.9023180341695,11.9023180341695,45.79576003912852,15,0.85190845,Laptop Backpack Anti Theft Backpack for Men Water ,48.99,0.88793796,"Laptop Backpack for Women,Business Backpack Anti-T",36.76,0.8780717,"BAGSMART Travel Backpack for Women, Laptop Backpac",36.99,0.86684567
B00KG3KUK6,"Noctua NA-SAV2, Anti-Vibration Mounts (20 Pack, Brown)",Noctua,Computers,9.95,15.438128437431619,5.4881284374316195,5.4881284374316195,55.15706972293085,15,0.6339626,"Noctua NA-SAVP1 chromax.Yellow, Anti-Vibration Pad",9.95,0.80567265,"Noctua NA-SYC2, 3 Pin Y-Cables for PC Fans (Black)",9.95,0.6958939,"Noctua NA-SYC1, 4 Pin Y-Cables for PC Fans (Black)",9.95,0.67676735
B07HVRD34V,"Samsung Galaxy Tab A 8.0 2018 Case, BRAECN [360 Degree Stand/Hand Strap] [Detachable Shoulder Strap]",BRAECN,Computers,25.99,21.42278607847161,-4.5672139215283885,4.5672139215283885,17.572966223656746,15,0.8486833,"BRAECN Galaxy Tab A 8.0 Case 2019 T290,[Without S ",21.99,0.89117014,"BRAECN Galaxy Tab S8/S7 Case 2022/2020, Heavy Duty",27.59,0.8885949,BRAECNstock Samsung Galaxy Tab E 8.0 Case (SM-T375,21.98,0.8715934
B00M7LBUAE,ArmorSuit MilitaryShield Screen Protector for New Dell Venue 7 (2014)/New Venue 8 3000 - [Max Covera,ArmorSuit,Computers,9.95,21.093459644682383,11.143459644682384,11.143459644682384,111.9945692932903,15,0.77679974,ArmorSuit MilitaryShield Full Body Skin Film + Scr,19.95,0.8633063,ArmorSuit MilitaryShield Screen Protector for Goog,9.95,0.85933375,ArmorSuit MilitaryShield Screen Protector for New ,12.95,0.85000914
B0080K6AO2,Kingston Technology ValueRAM 24GB Kit (3x8GB Modules) 1600MHz DDR3 PC3-12800 ECC Reg CL11 DIMM DR x4,Kingston Technology,Computers,69.99,45.441844822634536,-24.54815517736546,24.54815517736546,35.073803653901216,15,0.79744995,Kingston ValueRAM 4GB 1600MHz DDR3 Non - ECC CL11 ,29.93,0.9351073,Kingston ValueRAM 8GB DDR3 1333MHz DIMM Desktop Se,28.99,0.8453565,A-Tech 8GB (2x4GB) DDR3 1600MHz PC3-12800 CL11 DIM,21.44,0.805405
B092QWCN7L,"Yomigoo Portable Laptop Stand for Desk, Home Office Laptop Accessories Adjustable Ventilated Ergonom",Yomigoo,Computers,11.99,19.41949317357186,7.429493173571858,7.429493173571858,61.96407984630407,15,0.7532852,"CLUBYO Laptop Stand for Desk, Ergonomic Adjustable",20.99,0.8027437,Pandago Adjustable Laptop Stand for Desk Portable ,16.12,0.7827875,"Laptop Stand Adjustable Laptop Holder Riser, Folda",9.99,0.78251183
B01MDRC2YH,New Replacement LCD Panel For HP PAVILION G6-1B49WM LCD Screen 15.6 1366X768 Standard HD,Unknown,Computers,48.21,60.14928735320605,11.939287353206048,11.939287353206048,24.765167710446065,15,0.8305415,New Replacement LCD Panel For HP-Compaq HP 15-1039,66.1,0.91160345,"New 15.6"" Laptop LED LCD Screen with Glossy Finish",50.05,0.8623375,Generic New 15.6 LED BOTTOM LEFT WXGA HD 1366x768 ,52.27,0.84014934
B09YGF22R2,"Gexmil for Leather iPad AIR5/ Air4 10.9 inch 2022/2020 CaseiPad Pro 11 2018 Case,with Built-in Apple",Gexmil,Computers,46.99,23.424817447526348,-23.565182552473654,23.565182552473654,50.14935635767962,15,0.7334897,"Gexmil iPad 10.2 inch 2021/2020/2019 Case, with Bu",46.99,0.947648,HXCASEAC for iPad Air 5th/4th Generation case 10.9,27.99,0.7312534,Hepix Case for iPad Air 5th Generation 2022 iPad A,14.99,0.7289944
B00FPT5Q5K,Skinomi Black Carbon Fiber Full Body Skin Compatible with Microsoft Surface Pro 2 (Full Coverage) Te,Skinomi,Computers,18.95,17.93356350146065,-1.016436498539349,1.016436498539349,5.363780994930602,15,0.8045202,Skinomi Black Carbon Fiber Full Body Skin Compatib,14.95,0.96850467,Skinomi Gold Carbon Fiber Full Body Skin Compatibl,14.95,0.96185017,Skinomi Black Carbon Fiber Full Body Skin Compatib,18.95,0.9535752
B07GCS53SL,"Dell Latitude E7450 14in Laptop, Core i5-5300U 2.3GHz, 16GB Ram, 500GB SSD, Windows 10 Pro 64bit (Re",Dell,Computers,169.98,241.377581804329,71.39758180432901,71.39758180432901,42.00351912244324,15,0.8565396,"Dell Latitude E5540 15.6 inches Laptop, Core i5-43",204.62,0.9451099,"Dell Latitude E5470 14 inches HD Laptop, Core i5-6",159.0,0.9404602,"Dell 790 Desktop, Core i5-2400 3.1GHz, 4GB RAM, 50",128.98,0.8999713
B01N526C57,StarTech.com 0.5m White Micro USB Cable Cord - A to Micro B - Micro USB Charging Data Cable - USB 2.,StarTech,Computers,5.95,8.085245019813199,2.1352450198131985,2.1352450198131985,35.88647092123022,15,0.74145114,"CableCreation USB to Micro USB Cable 4 FT, Braided",8.99,0.82628804,"Micro USB Left Angle,Micro USB Extension Cable, 90",6.99,0.7739364,Cmple - Micro USB Cable 3ft Male to Male Micro USB,6.99,0.7667235
B0BSD66VC3,"kenke Case for iPad Air 5th / 4th Generation 10.9 Inch 2022/2020, Slim Trifold Stand Smart Case [Sup",KENKE,Computers,6.89,14.552795197532674,7.662795197532675,7.662795197532675,111.21618574067745,15,0.84264874,kenke Case for iPad 9th/8th/7th Generation 10.2 in,12.99,0.912052,KenKe iPad Air 3th Generation 10.5 inch Case with ,17.99,0.8708848,Kenke iPad Air 5th Generation Case (2022) / iPad A,16.99,0.86953413
B07PDHTT25,"Dell Optiplex 3020 Small Form Desktop, Intel Core i5 4570 3.2Ghz, 8GB DDR3 RAM, 512GB SSD Hard Drive",Dell,Computers,101.97,190.3832855777147,88.4132855777147,88.4132855777147,86.70519327029,15,0.7814633,"Dell Optiplex 7020 Tower Desktop PC, Intel Quad Co",104.75,0.8160951,"Dell OptiPlex 3020 SFF puter Desktop PC, Intel Cor",130.69,0.8142173,Dell OptiPlex 7050 Small Form Factor Desktop Compu,239.99,0.8070679
B01C40RHD6,"Cablelera North American Standard Power Cord, NEMA5-15P to IEC320 C13, 18AWG, 10A 125V (ZWACPCA1-12)",Cablelera,Computers,7.09,15.978318468613129,8.888318468613129,8.888318468613129,125.36415329496656,15,0.5845192,"Cablelera 12' Shielded North American Power Cord, ",13.99,0.74332964,"Cablelera AC Power Cord Extension, IEC320 C20 to I",18.91,0.71741235,"StarTech.com 10ft (3m) Computer Power Cord, NEMA 5",68.06,0.6916108
B0BCC2QRJ3,"CHESONA iPad Keyboard 9th Generation, 7 Color Backlit, Multi-Touch Trackpad, Built-in Pencil Holder,",CHESONA,Computers,30.08,37.79317613778571,7.713176137785709,7.713176137785709,25.642207904872706,15,0.8748409,iPad Case Keyboard 10.2- iPad 9th/8th/7th Generati,29.99,0.9202082,Keyboard Case for iPad 9th 8th 7th Generation 10.2,23.99,0.89673525,iPad Keyboard Case 9th/8th/7th Generation 2021/202,38.99,0.89323103
B07S1T65NW,"Gmoke Cartoon Canvas Laptop Backpack for Teen, Backpack for Women Men with USB Charging Port. (Black",Gmoke,Computers,32.99,35.26052766084588,2.270527660845879,2.270527660845879,6.882472448759863,15,0.70519066,LOVEVOOK Laptop Backpack for Women 15.6 Inch Lapto,30.59,0.73379165,Goodking Bohemian Waterproof Laptop Backpack for W,23.99,0.72151136,"RJEU 17.3 Inch Laptop Backpack for Women, Business",45.99,0.7186891
B00CUD1KJK,"tp-link WiFi Router AC1750 Wireless Dual Band Gigabit (Archer C7), Router-AC1750",TP-Link,Computers,28.43,60.87824676419787,32.44824676419787,32.44824676419787,114.13382611395664,15,0.7052542,TP-Link AC1200 Wireless Wi-Fi Gigabit Router (Arch,106.69,0.84324026,TP-Link Archer T2U 11AC USB WiFi Adapter - Dual Ba,28.95,0.7535958,D-Link Wireless AC 1200 Mbps Home Cloud App-Enable,36.9,0.71668106
B0057UHR2M,"Sonnet Universal 2.5"" SSD to 3.5"" Drive Tray Adapter (TP-25ST35TA)",Sonnet Technologies,Computers,47.57,59.63258480313844,12.062584803138442,12.062584803138442,25.357546359340848,15,0.6650824,StarTech.com 4-Bay Mobile Rack Backplane for 2.5in,109.72,0.7427829,"3.84TB SATA 6Gb/s 2.5"" SSD for Dell PowerEdge Serv",217.99,0.707911,"SSD Mounting Bracket, NC XQIN SSD Bracket 2.5 to 3",5.99,0.7049855
B08BWX19DM,Stand Steady 2 Monitor Mount Desk Stand | Height Adjustable Double Monitor Stand with Desk Clamp| Fu,Stand Steady,Computers,89.99,87.02769571532494,-2.9623042846750565,2.9623042846750565,3.291814962412553,15,0.7833676,StarTech.com Desk Mount Quad Monitor Arm - Ergonom,189.62,0.8681503,"VIVO Triple LCD LED Computer Monitor Desk Stand, F",59.99,0.8379728,Monoprice 2 Way Adjustable Tilting Desk Mount Brac,36.39,0.8200981
B0BYSQPGBW,TEAMGROUP T-Force Delta RGB DDR4 32GB (2x16GB) 3600MHz (PC4-28800) CL18 Desktop Gaming Memory Module,TEAMGROUP,Computers,69.99,140.5991226643712,70.60912266437121,70.60912266437121,100.8845873187187,15,0.6872762,XPG DDR4 D55 RGB 32GB (2x16GB) 3200MHz PC4-25600 U,203.9,0.7588776,TEAMGROUP T-Force Zeus DDR4 16GB Kit (2 x 8GB) 300,32.99,0.7396314,TEAMGROUP T-Force Vulcan Z DDR4 32GB Kit (2x16GB) ,60.99,0.70317596
B0B54PGNXP,20V 15A 300W AC Adapter for Lenovo 300W Charger Lenovo Legion 5 7 ADL300SDC3A 300 Watt Slim Tip Powe,DONGERDI,Computers,84.99,27.825179378029652,-57.16482062197034,57.16482062197034,67.26064316033693,15,0.7105195,Slim Universal Laptop Charger Replacement AC Adapt,22.99,0.7429452,135W AC Charger Fit for Lenovo Laptop - Power Supp,30.9,0.73392797,170W AC Adapter Laptop Charger Compatible with Len,34.99,0.7332495
B07CZV2S1P,"Larswon Sling Backpack, Sling Bag Laptop, Crossbody Bag Men, Shoulder Bags Blue",Larswon,Computers,24.8,37.8644008185513,13.064400818551302,13.064400818551302,52.679035558674606,15,0.8170094,Kawei Knight Large Sling Bag Laptop Backpack Cross,25.6,0.8731275,HSU Concepts Laptop Backpack for Men & Women (Blac,19.99,0.8394899,"LOVEVOOK Laptop Backpack for Women, 17-inch Large ",44.98,0.832319
B00DUGBWY4,HP Heatsink For HP XW6000 Workstation,Unknown,Computers,45.0,48.067615200191895,3.067615200191895,3.067615200191895,6.816922667093101,15,0.57987046,HP dv6000 AMD CPU Fan + Heat Sink 451860-001,19.99,0.64785707,QUETTERLEE Replacement New for HP EliteOne 800 G1 ,14.99,0.63182217,New CPU Cooling Fan For HP Pavilion DV4T DV4-4000 ,79.15,0.60912466
B075N9752B,"USB C Hub Power Delivery, Aluminum Type-C Hub Adapter with 40Gbs Thunderbolt 3, Pass-Through Chargin",PORTWORLD,Computers,15.99,42.699697332234564,26.709697332234562,26.709697332234562,167.0400083316733,15,0.71746343,SSE Type-C USB 3.0 3 in 1 Aluminum Combo Hub for M,11.95,0.8283242,New MacBook Pro 2019 USB Type C HUB OTG/TF/SD Smar,16.99,0.7477273,StarTech.com 4-Port USB-C Hub - 10Gbps - 3x USB-A ,41.46,0.7462047
B0B51RK8YJ,"ZZB Tablet 7 inch Android 11 Tablet PC, 64GB ROM 2GB RAM Tablets, Quad-Core Processor Dual Camera Wi",ZZB,Computers,49.99,79.5319247848184,29.5419247848184,29.5419247848184,59.09566870337747,15,0.7204431,"Tablet 64GB 10 Inch Tablet, Android 11 Tablets, 60",49.99,0.78287584,"2023 Newest Android 11.0 Tablet, 2 in 1 Tablet 10 ",84.62,0.7398953,OUZRS Tablet 10.1 Inch Android 11.0 Go - 64GB ROM ,79.66,0.73701274
B085WV18XN,"EVGA GeForce GTX 1650 SC Ultra Gaming GDDR6, 04G-P4-1257-KR, 4GB GDDR6, Dual Fan, Metal Backplate",EVGA,Computers,240.0,324.87110393383256,84.87110393383256,84.87110393383256,35.36295997243023,15,0.81042176,"EVGA GeForce GTX 1650 Super SC Ultra Gaming, 4GB G",295.95,0.940483,"EVGA GeForce GTX 750 1GB FTW ACX Cooling, GDDR5 12",248.86,0.8617928,"EVGA GeForce GTX 1080 Founders Edition, 8GB GDDR5X",498.68,0.8511553
B0771RS3SY,"Generic LCD Display Replacement FITS - HP Laptop 15-BS030NR Touch Screen + Digitizer 15.6"" HD WXGA L",Unknown,Computers,67.66,70.79501390817279,3.1350139081727946,3.1350139081727946,4.633481980746076,15,0.86714935,Generic LCD Display Replacement FITS - HP Laptop 1,67.66,0.9900091,New Generic LCD Display FITS - HP 15-DA0033WM 15.6,78.1,0.95259625,New Generic LCD Display FITS - HP 15-DA0014DX 15.6,78.1,0.94530874
B09P3QG3WL,KEXIN SD Card Reader 2-in-1 USB 3.0 Micro SD/SD Card Reader Plug and Play 5Gbps High-Speed USB C Mem,KEXIN,Computers,9.99,19.92110268599227,9.93110268599227,9.93110268599227,99.41043729721993,15,0.7330281,"COCOCKA USB 3.0 SD Card Reader, USB C Flash Memory",11.99,0.8260522,"KEXIN Micro SD Card 128GB -Memory -Card + Adapter,",24.99,0.80282474,Kingston Digital USB 3.0 Super Speed Multi-Card Re,28.11,0.77046293
B08L26GVVQ,"Premium 256GB SDXC Card from MicroCenter, Class 10 SD Flash Memory Card UHS-I C10 U3 V30 4K UHD Vide",INLAND,Computers,23.99,45.66332540582359,21.673325405823594,21.673325405823594,90.34316550989409,15,0.80770487,Extreme Performance High Speed UHS-I SDXC 128GB SD,19.99,0.8459202,Micro Center 64GB Class 10 MicroSDXC Flash Memory ,7.99,0.84372854,Transcend 64GB SDXC/SDHC 300S Memory Card TS64GSDC,9.99,0.83801705
B07H3MHQ5W,"iMicro IM320 USB Headset with Microphone, 5-Pack",IMicro,Computers,69.95,78.13887174844858,8.188871748448577,8.188871748448577,11.706750176481167,15,0.5600483,Poly - Blackwire 8225 Wired Headset with Boom Mic ,127.93,0.5906334,"External Sound Card with Volume Control, Multimedi",26.99,0.5860603,Plantronics Blackwire C310-M PL-85618-01 USB Heads,119.0,0.5849867
B08SJ43PK1,QIFGUO Cat 8 Ethernet Cable 30ft Internet Network LAN Patch Cable Cord Shielded High Speed 40Gbps 20,QIFGUO,Computers,14.99,14.994834438876344,0.004834438876343938,0.004834438876343938,0.03225109323778478,15,0.86873055,"Cat8 Ethernet Cable 50ft Shielded,High Speed 40Gbp",15.99,0.9009166,"CAT 8 Ethernet Cable, 25ft High Speed 40Gbps 2000M",19.99,0.8786639,"CAT 8 Ethernet Cable, 1.5ft (5 Pack) Ultra High Sp",18.99,0.8777098
B093TN2VY4,"Everything But Stromboli 2 Pack 8GB SD Card for Browning Trail Camera Recon Force, Strike Force, Def",Everything But Stromboli,Computers,14.1,35.470485107266384,21.370485107266383,21.370485107266383,151.5637241650098,15,0.7146786,SanDisk 64GB SDXC SD Ultra Memory Card Works with ,14.37,0.7344599,SanDisk 64GB SDXC SD Extreme Memory Card Works wit,17.37,0.73183185,Kingston 128GB SDXC Micro Canvas Go! Plus Memory C,20.19,0.72882336
B09Y9CTKV1,edaiser iPad Air 5th 4th Generation Keyboard Case 10.9 inch and iPad Pro 11 4th 3rd 2nd Gen 2022 Sma,Edaiser,Computers,63.97,53.56455133615576,-10.40544866384424,10.40544866384424,16.266138289579864,15,0.81462926,iPad Air 5th/4th Generation Keyboard Case 2022/202,37.99,0.8518152,Keyboard Case for iPad Air 5th Generation-2022 / 4,53.99,0.8489232,KARFUN Keyboard Case for iPad Pro 11 inch (4th Gen,39.98,0.84786284
B0BFWG277K,"YESTEL Tablet for Kids 7 Inches, Android 11 FHD Kids Tablet 2GB RAM 32GB (Up to 128GB) with Shock- P",YESTEL,Computers,65.99,66.18650222255656,0.19650222255656047,0.19650222255656047,0.29777575777626986,15,0.7724708,"BYYBUO Kids Tablet, 7 Inch Android 12.0 GO Tablet ",39.98,0.8260882,"URAO 8 inch Kids Tablet, Android 10 Learning Table",68.66,0.8195196,"BYYBUO Kids Tablet, 10.1 inch Android 12 Tablet fo",59.95,0.79472107
B08CVNM37H,"all4way Premium Laptop Backpack for Women Men - USB Quick Charge RFID 17""- Swiss Design Anti-Theft, ",All4way,Computers,75.98,37.29371843369097,-38.686281566309034,38.686281566309034,50.91640111385763,15,0.8193649,"LOVEVOOK Laptop Backpack for Women 15.6 inch,Cute ",39.99,0.83040875,Canvas Leather Backpack Vintage Backpack Rucksack ,29.99,0.8294679,"KAUKKO Travel Laptop Backpack, Outdoor Rucksack, S",42.99,0.8287492
B09BVNB1ST,"Thin Leather Laptop Sleeve | 15 Inch Laptop Sleeve Suede Padded, MacBook Pro 15 Inch Sleeve, Xps 15 ",UNIKA KEEP IT CLOSER,Computers,60.0,17.571797420890213,-42.42820257910979,42.42820257910979,70.71367096518297,15,0.80646974,LSS Protective Laptop Sleeve Case with PU Leather ,17.99,0.8220811,"Laptop Sleeve New MacBook Air 13 Inch Sleeve, Lapt",22.99,0.81981444,"13 inch Laptop Sleeve, for MacBook air 13 inch Sle",22.99,0.8184512
B0B69G87CY,"Ayotu Fabric Case for New iPad 8th Gen 2020 & iPad 7th Gen 2019 - iPad 10.2 Case with Pencil Holder,",Ayotu,Computers,11.99,12.54402703082951,0.5540270308295092,0.5540270308295092,4.620742542364547,15,0.8253343,"Ayotu Soft Case for New iPad 7th Generation 10.2"" ",9.99,0.860548,Ayotu Soft TPU Back Cover for iPad Pro 11 Case 2nd,10.99,0.8384039,"iPad 9th/8th Generation Case, iPad 10.2 Case 2021/",18.99,0.8323306
B07V67V3RB,gazechimp X1 to Dual 4X Adapter Router PCI Slot Riser Cable X4 X8 X16,Gazechimp,Computers,25.29,35.80879129407273,10.518791294072734,10.518791294072734,41.592689972608675,15,0.6458959,PCIE Riser 1X to 16X Graphics Extension for GPU Mi,39.99,0.7274208,ACTIMED PCI-E GPU Riser Express Cable 16x to 1x (6,9.99,0.72228,ELUTENG PCIE 1 to 4 Ports PCI Express 16X Slots Ri,15.98,0.6849021
B00JGR3VB8,DN M2MP1-E M.2 (NGFF) to mPCIe (PCIe+USB) adapter (Key E Socket 1) WiFi & Bluetooth,Unknown,Computers,29.49,50.169567584603655,20.679567584603657,20.679567584603657,70.12399994779132,15,0.6068879,HLT M.2 (NGFF) Key B to Mini PCI-E Adapter with Du,19.99,0.74819005,BGNing NGFF M2 to PCI-e 4X 1X Slot Riser Card M Ke,7.0,0.71669626,BEYIMEI M.2 NVME to 4 Ports PCI-E 1X USB 3.0 Riser,16.98,0.6290663
B0B1DBXLHG,"TOOTON Android 11 Tablet, 10.1 Inch Tablet with Gray Protective Leather case",TOOTON,Computers,139.98,84.47490521238957,-55.50509478761042,55.50509478761042,39.652160871274766,15,0.7296932,"Tablet 64GB 10 Inch Tablet, Android 11 Tablets, 60",49.99,0.7694166,"2023 Newest Android 11.0 Tablet, 2 in 1 Tablet 10 ",84.62,0.757235,"Tablet 10.4 inch,Android 11 GO Tablet,Quad-core 1.",59.99,0.7550245
B08YYHGHT2,Komputerbay 32GB (8X 4GB) DDR2 PC2-5300F 667MHz CL5 ECC Fully Buffered FB-DIMM (240 PIN) 32 GB w/Hea,KOMPUTERBAY,Computers,607.23,41.837344205751705,-565.3926557942483,565.3926557942483,93.11013220595957,15,0.77259606,Komputerbay 16GB (4 X 4GB) DDR3 DIMM (240 pin) 133,17.5,0.8574121,Komputerbay 8GB (2X 4GB) DDR3 SODIMM (204 pin) Mad,114.88,0.85005945,Komputerbay MACMEMORY Apple 4GB Kit (2X 2GB Module,11.0,0.8366436
B07XFGBLCP,Lexar JumpDrive S47 128GB USB 3.1 Flash Drive (LJDS47-128ABBKNA),Lexar,Computers,15.99,17.803871996456326,1.8138719964563261,1.8138719964563261,11.343789846506104,15,0.70658374,"Lexar JumpDrive V40 64GB USB 2.0 Flash Drive, 3-Pa",23.99,0.81119716,Lexar JumpDrive TwistTurn2 256GB USB 2.0 Flash Dri,24.49,0.7437895,SanDisk 128GB Ultra Luxe USB 3.1 Gen 1 Flash Drive,12.79,0.73048913
B009FD5GFM,"Bornd 1000/2000 DPI 2.4GHz Wireless Ultra Thin Touch Mouse, Black (T100 Black)",Bornd,Computers,19.99,25.999276887158985,6.009276887158986,6.009276887158986,30.061415143366617,15,0.5806024,Logitech Mouse Wireless M705,34.9,0.6381618,HOTWEEMS Wireless D-09 Computer Mouse USB Cordless,10.99,0.6122098,weixingu 2.4G Wireless Mouse 3D Car Shape Wireless,8.99,0.6034881
B08FFG2JB9,"Unirex 3 Pack Swing 4GB USB 2.0 Thumb Drive, Black and White Variety Pack | Memory Stick Storage is ",Unirex,Computers,14.99,17.536540646416963,2.546540646416963,2.546540646416963,16.98826315154745,15,0.7334441,"Unirex Swing 4GB USB 2.0 Thumb Drive, Black | Memo",7.53,0.9857979,INLAND Micro Center SuperSpeed 2 Pack 128GB USB 3.,20.99,0.7305867,"USB Flash Drive 1TB, Portable Thumb Drive 1000GB: ",19.99,0.7298335
B00ZLVU4BI,Lacdo Shockproof External USB CD DVD Writer Blu-Ray & External Hard Drive Neoprene Protective Storag,Lacdo,Computers,12.99,16.987328451492786,3.997328451492786,3.997328451492786,30.77235143566425,15,0.66631263,Lacdo Hard Carrying Case for Samsung T7 Shield / T,12.99,0.7654064,Lacdo 13 inch Laptop Sleeve Case for 13 inch New M,15.99,0.7468978,Lacdo Laptop Sleeve Case for 16 inch New MacBook P,16.99,0.6860922
B09KZR6G3Z,Patriot Supersonic Rage Lite USB 3.2 Gen 1 Flash Drive - 64GB - PEF64GRLB32U,Patriot Memory,Computers,7.99,31.353465017401344,23.363465017401346,23.363465017401346,292.4088237472008,15,0.6387206,Silicon Power 5 Pack 64GB USB 3.0/3.1 Gen1 USB Fla,19.99,0.6586579,Corsair CMFVYGT3C-512GB Flash Voyager USB 3.0 512G,104.99,0.6520244,V7 VF24GAR3PK3N 3 Pack Combo 4GB Flash Drive USB 2,11.44,0.6510395
B077RPVKB4,"JYtrend iPad 2 /iPad 3 /iPad 4 Case, Multi-Angle Viewing Stand Leather Folio Smart Cover with Pocket",JYtrend,Computers,19.99,15.56175569412653,-4.428244305873468,4.428244305873468,22.152297678206445,15,0.8265468,"for iPad 9.7 6th/5th Generation 2018/2017, iPad Ai",17.99,0.92716146,"iPad 2 Case, iPad 3 Case, iPad 4 Case, JYtrend (R)",17.99,0.90674007,JYtrend Smart Case for iPad 5th / 6th Generation w,18.99,0.9020352
B097XVZSD4,FANSONG Samsung Galaxy Tab A7 Case for Kids Lightweight 10.4-inch Tablet Protecive Cover SM-T500 T50,FS FANSONG,Computers,18.99,16.975708386153112,-2.0142916138468863,2.0142916138468863,10.607117503143163,15,0.80868405,APOLL Kids Case for Samsung Galaxy Tab S7 11 inch ,13.88,0.8296101,AVAWO Samsung Galaxy Tab A7 10.4 Kids Case 2022/20,16.99,0.8278036,ProCase for Galaxy Tab A7 10.4” 2022 2020 (SM-T500,10.99,0.82294875
B08B8QVNLH,"Tomtom Right Angle Micro USB Cable Cord Charging in Car for Via 52, 62, 110, 120, 125, 130, 135, 180",Keple,Computers,7.99,8.343207075655283,0.3532070756552823,0.3532070756552823,4.420614213457851,15,0.597134,CERRXIAN 9Inch Micro USB Cable Combo Left & Right ,8.99,0.65437055,T POWER 2 x pcs for USB Cable Tomtom GPS GO ONE Re,6.99,0.6511055,Cmple - Micro USB Cable 3ft Male to Male Micro USB,6.99,0.6459985
B09CKWD8GF,Fintie Universal Tablet Hand Strap Holder - [Dual Stand Supports] Detachable Padded Hook & Loop Fast,Fintie,Computers,15.99,24.121025461040144,8.131025461040144,8.131025461040144,50.85069081325919,15,0.74938637,"joylink Universal Tablet Hand Strap Holder, 360 De",12.99,0.79632753,RAM Mounts RAM-HOL-UN9U X-Grip Universal Holder fo,93.99,0.7794754,"Universal 9.5-10.5 Inch Tablet Case, Techcircle Sl",18.99,0.7717262
B008MEURE0,Lenovo Gobi 4000 ThinkPad Mobile Broadband Modem (0A36318),Lenovo,Computers,155.0,149.18309072217562,-5.816909277824379,5.816909277824379,3.752844695370567,15,0.5459249,Cradlepoint IBR600LPE-AT 4G LTE (USA) /3G GOBI Cel,249.0,0.57905716,Linksys WHW0302B Velop Intelligent Mesh WiFi Syste,99.99,0.5691556,Linksys EA9400 Max-Stream AC5000 MU-MIMO Wi-Fi Tri,370.97,0.5607472
B08ZYBSTSQ,"Hamile Designed for AirPods 3 Case Cover, Silicone Protective Cases Cute Skin Covers with Keychain A",Hamile,Computers,10.99,12.556285230944184,1.5662852309441835,1.5662852309441835,14.25191292942842,15,0.77891797,"JTOMEI AirPods 3 Case Cover with Keychain, Full Pr",10.99,0.8155574,LiZHi for Airpods Pro 2nd Generation Case Cover 20,6.29,0.80133927,"KMMIN Compatible with AirPods 3 Case (2021), Doubl",13.99,0.79234946
B00GK6GIM2,"Acer 15.6"" Aspire Laptop 6GB 750GB | V5-573P-9899",Acer,Computers,436.0,548.4097193440668,112.40971934406684,112.40971934406684,25.782045721116248,15,0.74040735,"Acer 2023 Aspire 5 Slim Laptop 15.6"" IPS FHD, AMD ",569.0,0.7846667,"Acer Aspire 5 A515-56-50RS, 15.6"" Full HD IPS Disp",509.95,0.7797862,"Acer Newest Spin 5 13.3"" Touch Screen 2-in-1 Lapto",849.99,0.77211154
B001BJPBRG,Ultra Spec Cables 300ft Cat5e Ethernet Network Cable - Black,Ultra Spec Cables,Computers,55.0,16.11107594904537,-38.88892405095463,38.88892405095463,70.70713463809932,15,0.72076327,Amazon Basics Snagless RJ45 Cat-6 Ethernet Patch I,10.68,0.7642448,RuiLing 100PCS Deep Gray CAT5E CAT6 RJ45 Ethernet ,8.59,0.74955475,1 Foot Cat6 Ethernet Network Patch Cables Black RJ,42.99,0.7440502
B00X7XEN1O,Cable Matters 4K Mini DisplayPort to DisplayPort Cable (DisplayPort to Mini DisplayPort) in Black 3 ,Cable Matters,Computers,9.49,22.69514513620146,13.20514513620146,13.20514513620146,139.14799932772877,15,0.7724301,"Moread Mini DisplayPort to DisplayPort Cable, 6 Fe",14.99,0.8923843,Cable Matters DisplayPort to DisplayPort Cable (DP,21.99,0.840406,ICZI Mini DisplayPort to DisplayPort Cable 6 Feet ,8.99,0.83591336
B08R5TF829,65W 45W Ac Adapter Charger Comapatible with HP Chromebook 11 14 G3 G4 X360 Series 14-q010nr 14-q020n,Boyuteceer,Computers,12.99,14.375508875213127,1.3855088752131266,1.3855088752131266,10.66596516715263,15,0.82481223,45W Type C Charger for HP Chromebook X360 14 G5 11,15.99,0.87341565,65W 45W USB Type C Laptop Charger Replacement for ,15.99,0.8493369,45W Type C USB C Laptop Charger Replacement for HP,12.98,0.8461817
B00AN6DJYA,HP J9776A 2530-24G 24 Port Gigabit Switch,HP,Computers,184.0,190.78320884074327,6.783208840743271,6.783208840743271,3.686526543882213,15,0.6312851,HP 2920-24G J9726A Switch,139.95,0.7496927,Juniper EX2200-24P-4G Ethernet Switch (EX2200-24P-,80.0,0.65043163,Cisco Catalyst WS-C2960S-24PS-L Stackable Ethernet,245.0,0.64928365
B0C6J551TW,"1TB USB Flash Drive 3.0, SXINDE USB 3.0 Flash Memory Stick 1000GB for PC/Laptop, Ultra High-Speed US",SXINDE,Computers,22.99,20.371913701669904,-2.6180862983300948,2.6180862983300948,11.387935181949087,15,0.7749913,"1TB USB Flash Drive 3.0, SXINDE USB 3.0 Flash Memo",19.99,1.0,"USB Flash Drive 1TB, Portable Thumb Drive 1000GB: ",19.99,0.8113486,"USB 3.0 Flash Drive 1TB, Portable Thumb Drive 1TB:",19.99,0.7918081
B00M77UB4E,Buffalo 1 TB Spare Replacement NAS Hard Drive for TeraStation 5000DN Series and TeraStation 5200 NVR,BUFFALO,Computers,108.92,110.15190050125996,1.2319005012599575,1.2319005012599575,1.131014048163751,15,0.58850455,HGST MegaScale DC 4000.B HMS5C4040BLE640 (0F23139),158.68,0.61277807,"WD Ae 6TB Hard Drive for Backup Storage - 3.5"" HD,",120.0,0.60975546,MDD - MQ04ABB400 4TB 5400RPM 16MB Cache SATA 6.0Gb,69.99,0.60759735
B09Q8LQ74Y,MELETRIX WS Grey Tactile Mechanical Keyboard Lubed Switches(35pcs),MELETRIX,Computers,18.99,26.070328116123036,7.080328116123038,7.080328116123038,37.28450824709341,15,0.582143,mintcaps 45 Pieces Linear Keyboard Switch Set Pre ,15.99,0.65342474,DAIDAI AJAZZ Diced Fruit Blueberry Keyboard Switch,19.99,0.61713785,Genuine SMD RGB Cherry MX Switch 3-pin Mechanical ,45.99,0.6152998
B0B46F8RS6,"Rii Mini Bluetooth Keyboard with Backlit,Built in Rechargeable Battery for Handhelds Running Android",Rii,Computers,19.99,39.05253358295504,19.062533582955044,19.062533582955044,95.36034808881963,15,0.6922452,Rii 2.4GHz Mini Wireless Keyboard with Touchpad＆QW,25.99,0.78266495,Mini Bluetooth Keyboard Wireless Keyboard - Ultra-,39.99,0.7615696,Macally Backlit Bluetooth Keyboard for All Devices,39.99,0.71409297
B08Q4BV6D6,Zyxel 8-port Gigabit Smart Managed PoE+ Switch with 130 Watt Budget and 2 Gigabit Copper Ports + 2 S,ZYXEL,Computers,199.99,141.4766029131796,-58.51339708682042,58.51339708682042,29.258161451482785,15,0.6702054,"MokerLink 8 Port PoE Gigabit Managed Switch, 7 GE ",58.99,0.70930195,"PoE Switch, 8 Port PoE Switch for IP Cameras with ",59.99,0.70684594,Zyxel 5-Port Gigabit Ethernet Unmanaged Switch | P,15.49,0.7017956
B07TCY63GV,iPad Air 1st Generation case Compatible Models A1474 A1475A1476 MD785LL/A MD876LL/A 360 Rotating Sta,Trendmart,Computers,15.38,14.058805171565782,-1.3211948284342192,1.3211948284342192,8.590343487868784,15,0.79561466,NEWQIANG iPad Air 1st Case Cover - 360 Degree Rota,14.99,0.8326736,New iPad 9.7 inch Case 2018 2017/ iPad Air 2 Case ,8.99,0.81952447,ipad 9th Generation case for Model MK2K3LL/A MK2L3,15.38,0.8162581
B0925V1CFK,"Easycargo 4pcs 50mm Heatsink 50x25x10mm + pre Applied 8810 Thermal Conductive Tape, Cooling Aluminum",Easycargo,Computers,9.99,15.973338856369624,5.983338856369624,5.983338856369624,59.89328184554178,15,0.67050016,Easycargo 20pcs Small Mini Heatsink Kit + Thermal ,6.99,0.81151867,Easycargo 10pcs 14mm Heatsink + pre Applied 3M 881,9.99,0.7498586,Aluminum Heat Sink Heatsink Module Cooler Fin for ,8.99,0.725505
B0BNLYG895,"Lenovo IdeaPad 1 14” HD Laptop, Intel Pentium Silver N5030, 4GB RAM, 128GB SSD, Windows 11 Home S Mo",Lenovo,Computers,188.88,479.30927487449634,290.42927487449634,290.42927487449634,153.7639108823043,15,0.8803798,"Lenovo Ideapad 3 Laptop, 15.6"" Full HD Screen, Int",273.0,0.90471417,"Lenovo Ideapad 1i Laptop, 14"" HD Screen, Intel Pen",205.0,0.9044516,"Lenovo IdeaPad 1i 14"" Laptop Computer, Intel Celer",149.0,0.9024446
B0B8V4ZTGG,"HP 2022 17.3"" FHD Laptop, AMD Ryzen 5-5500U Processor(Beats Intel i7-1065G7), 16GB RAM, 512GB PCIe S",HP,Computers,649.0,678.3682450394974,29.368245039497424,29.368245039497424,4.525153318874795,15,0.87090087,"HP 2022 15.6"" FHD Laptop, AMD Ryzen 5-5500U Proces",679.0,0.9387572,"HP 2022 15.6"" FHD Laptop, AMD Ryzen 5-5500U Proces",539.0,0.9267176,"HP 2022 17.3"" FHD IPS Laptop, 11th Gen Intel Core ",549.0,0.9063785
B07KFPCL59,"Samsung Galaxy Tab A 8"" 32 GB Wifi Tablet (Black) (Renewed)",SAMSUNG,Computers,100.0,307.9383850739777,207.9383850739777,207.9383850739777,207.9383850739777,15,0.77860326,SAMSUNG Galaxy Tab A 8.0-inch Android Tablet 64GB ,214.0,0.9226568,"SAMSUNG Galaxy Tab A8 10.5” 64GB Android Tablet, L",223.19,0.88428193,SAMSUNG Galaxy T290 Tab A 8-Inch 32 GB WiFi Androi,179.99,0.8362694
B07NBK5467,Genuine OEM 16GB Laptop Ram HMA82GS6CJR8N-VK 16GB (1X16GB) PC4-21300 DDR4-2666MHz Non-ECC Unbuffered,ITSL,Computers,26.45,57.068611235184214,30.618611235184215,30.618611235184215,115.76034493453389,15,0.7339435,16GB (1x16GB) Micron MTA16ATF2G64HZ-2G3B1 DDR4 240,44.34,0.777321,A-Tech 2GB DDR2 533MHz PC2-4200 200-pin SODIMM Lap,17.09,0.7584641,4GB KIT (4 x 1GB) for Dell Inspiron Desktop Series,47.92,0.74628085
B07NKJ2644,"NavePoint 8U Vertical Rack Rail Pair DIY Kit with Hardware, Black",NavePoint,Computers,21.47,87.12336122675045,65.65336122675045,65.65336122675045,305.79115615626665,15,0.5896013,NavePoint 4U Vertical Rack Rail Pair DIY Kit with ,17.65,0.9710544,12U Open Wall Mount Frame Rack - Adjustable Depth ,169.0,0.6041523,Middle Atlantic Products VPM-3,119.29,0.6006069
B07WDV975D,"Batianda Case for iPad Pro 11"" 2018 2020 2021 with Pencil Holder Lightweight Trifold Stand Smart Cov",Batianada,Computers,23.8,19.631522442230253,-4.168477557769748,4.168477557769748,17.514611587267847,15,0.81743836,"ESR Yippee Trifold Smart Case for iPad Pro 12.9"" 2",20.99,0.8621389,"Valkit for New iPad Pro 12.9 2017 Cover, iPad Pro ",22.99,0.8300451,for iPad 10.2 Case 7th 8th 9th Generation Cover 20,9.99,0.824844
B076D1YV7T,WD 3TB My Cloud Home Personal Cloud - WDBVXC0030HWT-NESN,Western Digital,Computers,189.99,258.71045297621714,68.72045297621713,68.72045297621713,36.17056317501823,15,0.66750973,WD 2TB My Cloud Home Personal Cloud - WDBVXC0020HW,199.0,0.94446224,D-Link ShareCenter DNS-320L 2-Bay Cloud Network St,215.0,0.7260564,(OLD MODEL) Seagate Central 3TB Personal Cloud Sto,164.63,0.7251874
B0C583C591,"10 inch Tablets, Android 11.0 Tablets, 6GB+128GB, 512GB Expand, Quad-Core, Dual Camera, HD Touch Scr",BYANDBY,Computers,69.99,84.224836945024,14.234836945024,14.234836945024,20.3383868338677,15,0.80489504,"Tablet 64GB 10 Inch Tablet, Android 11 Tablets, 60",49.99,0.8641628,"EEW Tablet 10 Inch Android 10.0, 1280x800 HD Touch",89.98,0.85345,"Tablet 10.4 inch,Android 11 GO Tablet,Quad-core 1.",59.99,0.82769316
B0C4TC5NR5,"BYCeKe Compatible with MacBook Air 13 inch Case 2021 2020 2019 2018 Release M1 A2337 A2179 A1932, Pl",BYCeKe,Computers,19.99,21.237267058898848,1.2472670588988493,1.2472670588988493,6.23945502200525,15,0.86676466,AOGGY Compatible with MacBook Air 13 inch Case 202,18.89,0.9037176,TwoL Ultra Slim Hard Shell Case and Keyboard Cover,26.0,0.88485056,AOSRHCY Plastic Hard Shell Case Compatible with 20,14.69,0.880972
B01MR1EUWD,Dell Inspiron 15.6 FHD Touch Screen Laptop i7-7500U 8GB RAM 500GB HDD Windows 10 Matte Grey,Dell,Computers,687.83,612.2363916487559,-75.59360835124414,75.59360835124414,10.990158665839544,15,0.8403117,"Dell Inspiron 15 5000 Series 15.6"" HD Laptop, Inte",698.0,0.88564616,"Dell 2023 Inspiron 24 5410 23.8"" Touchscreen FHD A",959.0,0.8587032,"Dell Inspiron 15.6"" HD Laptop, Intel 4205U Process",429.99,0.8551474
B00X3Q8C8A,"Bgears b-Blaster 120mm 2 Ball Bearing High Speed Extreme Airflow Fan,Black",Bgears,Computers,9.35,26.46754980301891,17.11754980301891,17.11754980301891,183.0753989627691,15,0.67839223,Bgears b-ice 140mm Blue LED Fan with Blue Chrome C,11.99,0.72526395,"GDSTIME AC Axial Fan 80mm, 110V 115V 120V 80x80x25",15.99,0.696702,2 Pack Wathai 30mm x 10mm 5V Small DC Brushless Co,8.99,0.6960411
B0113NHPUU,"For Dell Inspiron N5050 LCD LED Screen Display 15.6"" Wxga Matte",Unknown,Computers,63.24,91.26219428483485,28.022194284834846,28.022194284834846,44.31087015312278,15,0.7971525,"For Dell Inspiron 3520 Laptop LCD Screen 15.6"" Wxg",57.68,0.8478335,"Generic New 15.6"" HD Laptop Replacement LED LCD Sc",45.01,0.83905464,"Generic New 15.6"" HD WXGA 1366 x 768 Glossy Laptop",61.4,0.8318042
B086WNBYBK,K240Y Dell Precision T5810 Tower Workstation System Board (Renewed),Unknown,Computers,33.99,193.45821577661673,159.46821577661672,159.46821577661672,469.1621529173778,15,0.7556022,Dell PowerEdge R620 Server 2X E5-2670v2 2.50Ghz 20,214.62,0.79347825,"Dell 790 Desktop, Core i5-2400 3.1GHz, 4GB RAM, 50",128.98,0.785637,Dell Optiplex 7060 SFF Desktop i5-8500 UP to 4.10G,508.85,0.78279483
B0BZPNPTTX,"KingSpec 256GB M.2 2230 SSD, M2 NVMe SSD Gen3x4 - Read Speed up to 3500MB/s, Internal PCIe3.0 SSD Co",KingSpec,Computers,39.98,68.48611007742116,28.506110077421162,28.506110077421162,71.3009256563811,15,0.7609485,INLAND Prime 250GB NVMe M.2 PCIe Gen3x4 2280 Inter,27.99,0.79218173,Gigabyte NVMe 1.3/ M.2/ PCIe 3.0x4/ 512GB SSD (GP-,69.99,0.7899952,StarTech.com USB-C 10Gbps M.2 NVMe PCIe SSD Enclos,79.79,0.78036714
B07G4FJJVF,Intel Xeon E5-2690 2.9GHz/20M/1600MHz Eight Cores 135W (SR0L0) (Renewed),Intel,Computers,24.0,122.66129824171418,98.66129824171418,98.66129824171418,411.0887426738091,15,0.73759407,Intel Xeon Processor E5-2660 v2 (25M Cache 2.20Ghz,22.07,0.8362595,INTEL XEON 8 CORE CPU E5-2650 V2 20M CACHE 2.60 GH,9.99,0.8251661,Intel Xeon CPU E5-1607V3 SR20M 3.10GHz 4-Cores 10M,8.99,0.7658658
B09WYTPB4V,OZADE 5 in 1 Compatible with Old Version MacBook Air 13 Inch Case 2017-2010 Release. Models: A1466 /,OZADE,Computers,19.99,19.420988934965127,-0.5690110650348714,0.5690110650348714,2.8464785644565853,15,0.78135437,iCasso Compatible with MacBook Air 13 inch Case 20,16.99,0.8207652,Japan Wave Hard Case Compatible with MacBook Air 1,18.96,0.8054414,AMCJJ Compatible with MacBook Air 13 Inch Case 202,18.96,0.7936447
B09R8G5PF4,Perixx PERIMICE-713 Wireless Ergonomic Vertical Mouse - 800/1200/1600 DPI - Right Handed - Recommend,Perixx,Computers,19.99,19.28122481887874,-0.7087751811212577,0.7087751811212577,3.5456487299712744,15,0.6380108,Perixx PERIDUO-715 Wireless Mini Keyboard and Mous,29.99,0.7132021,Mytrix Sakura Cherry Pink Wireless Ergonomic Verti,18.99,0.6862191,"Wireless Ergonomic Mouse, Jelly Comb Rechargeable ",26.99,0.68138516
B075V3P8HV,WALNEW Sleeve Case Compatible with 16 Inch MacBook Pro M1 Pro/Max 2021 2020 2019 – Soft Protective C,WALNEW,Computers,20.99,22.29533529597851,1.3053352959785123,1.3053352959785123,6.218843715952894,15,0.8021839,Comfyable Slim Protective Laptop Sleeve 16 Inch Co,25.99,0.8766464,Comfyable Laptop Sleeve 14 Inch Precisely Compatib,17.99,0.8311398,Laptop Sleeve Case Compatible with 13 Inch MacBook,15.95,0.82485604
B081682QZX,CQCQ L12M4P21 L13S4P21 Battery for Lenovo Yoga 2 Pro 13 Series Loptop (7.4V 7400mAh/54Wh),CQCQ,Computers,49.99,44.92853380717979,-5.0614661928202125,5.0614661928202125,10.124957377115848,15,0.70514935,L16M6PC1 L16C6PC1 L16L6PC1 Laptop battery For Leno,39.99,0.8028023,HWW New 3.75V 36Wh 9.6Ah L14C3K32 Battery Compatib,39.99,0.7469173,JIAZIJIA 45N1706 Laptop Battery Replacement for Le,49.99,0.74249697
B0C2PVJDQG,Keyboard Cover for 2022 17.3 HP Laptop 17 17-cn 17t-cn 17-cp 17t-cn000 17-cn0075cl 17-cn0009ds 17-cn,MUBUY-GOL,Computers,6.59,9.795059912378864,3.2050599123788643,3.2050599123788643,48.63520352623467,15,0.7465771,Keyboard Cover for HP Laptop 14-cf 14-fq 14-dq/dk ,6.38,0.8331122,Keyboard Cover for 15.6 HP Laptop 15-dw 15-dy 15-e,6.35,0.82723737,New US Layout Laptop Keyboard With Frame For HP Pa,19.99,0.78589654
B083R5QN26,"Logitech MK470 Slim Wireless Keyboard and Mouse Combo - Modern Compact Layout, Ultra Quiet, 2.4 GHz ",Logitech,Computers,39.99,29.528773010216696,-10.461226989783306,10.461226989783306,26.15960737630234,15,0.74106896,Logitech Wireless Mouse M315 - Vivid Violet,12.99,0.79754055,"RaceGT Wireless Keyboard Mouse Combo, Energy Savin",29.98,0.79000866,Logitech K380 + M350 Wireless Keyboard and Mouse C,54.98,0.7748006
B09WHK8LVB,"LG 27UK500-B Monitor 27” UHD (3840 x 2160) IPS Display, AMD FreeSync Technology, sRGB 98% Color Gamu",LG,Computers,208.52,367.9318810874395,159.41188108743947,159.41188108743947,76.44920443479735,15,0.752418,LG 27QN600-B 27” QHD (2560 x 1440) IPS Display wit,246.99,0.8075845,LG 27GP700-B 27” Ultragear FHD (1920 x 1080) IPS G,170.0,0.7977764,LG 27UL850-W 27 Inch UHD (3840 x 2160) IPS Display,329.99,0.7972493
B01MG28IZT,SparkFun OpenScale Simple-to-use Open source solution for measuring weight and temperature Includes ,SparkFun,Computers,34.5,126.16483465715731,91.66483465715731,91.66483465715731,265.69517291929657,15,0.37898108,SparkFun MicroView - OLED Arduino Module,44.85,0.4136725,Thermaltake Pacific MX1 Plus 16.8 Million RBG Colo,112.79,0.40387934,Sense HAT (B) for Raspberry Pi 4B/3B+/3B/2B/B+/A+/,29.99,0.39810836
B07V414WBM,"Microsoft Surface Pen Tips Replacement Kit (Original HB Type) for Surface Pro, GO, Laptop, and Book ",Microsoft,Computers,7.99,139.49663007013774,131.50663007013773,131.50663007013773,1645.8902386750656,15,0.63521516,"TiMOVO Pen for Surface, Stylus Penfor Surface Pro ",28.95,0.7190916,Microsoft Surface Book SW5-00001 2-in-1 Notebook P,844.0,0.6739326,MasiBloom® Top Side Sticker Laptop Decal for 13.5 ,11.79,0.6665187
B07K6H6FV4,"Sintech PCI Express 3.0 16x Riser Card,PCIe Extension High Speed Flexible Cable (10cms)",Sintech,Computers,19.99,65.0046419041308,45.01464190413081,45.01464190413081,225.18580242186502,15,0.6546242,Sintech PCI-e Express 1X Riser Extender Extension ,15.99,0.8171696,"Cooler Master Accessory Universal Riser Cable, Ris",39.99,0.7474812,PCIE Riser 1X to 16X Graphics Extension for GPU Mi,39.99,0.69945043
B00FJKGJCE,"1TB 2.5"" Hard Drive for HP/Compaq G Notebook PC G71-340US G71-343US G71-345CL G71-347CL G71-349WM G7",HardDriveGeeks,Computers,49.99,44.99354543901626,-4.996454560983743,4.996454560983743,9.994908103588203,15,0.78704715,"320GB 2.5"" Hard Drive for HP/Compaq G Notebook PC ",27.99,0.905112,"1TB 2.5"" Laptop Hard Drive for HP Pavilion G7-2262",49.99,0.8687013,"1TB 2.5"" Laptop Hard Drive for HP Compaq Replaces ",49.99,0.853793
B091HNW8CN,"Willhom Keyboard Key Caps, Keycap Full Set of US Replacement for MacBook Air 13-Inch Retina Early 20",Willhom,Computers,12.99,12.67697004786,-0.31302995214000084,0.31302995214000084,2.409776382909937,15,0.6792754,Willhom Keyboard Keys Keycap US Layout Set Replace,16.99,0.82806414,Replacement Individual M Key Cap and Hinges are Ap,13.99,0.72865963,MMOBIEL US Keyboard Key Caps Full Set Replacement ,15.99,0.7156817
B08G1WG9QC,A-Tech 16GB (2 x 8GB) RAM for HP Pavilion DV7T-7200 | DDR3 1600MHz SODIMM PC3-12800 204-Pin Non-ECC ,A-Tech,Computers,78.42,41.68189592082009,-36.73810407917991,36.73810407917991,46.84787564292261,15,0.8441372,A-Tech 4GB RAM for HP All in ONE 19-2113W | DDR3 1,19.79,0.91343164,A-Tech 4GB KIT (2 x 2GB) For HP-Compaq Pavilion Se,29.52,0.87666655,4GB Memory Upgrade for HP Pavilion HPE h8-1360t DD,19.99,0.8638024
B0BSZVSMBL,"TP-Link AX6600 Tri-Band WiFi 6 Router (Archer AX90), 8-Stream Gigabit Router, VPN Router, MU-MIMO, 2",TP-Link,Computers,337.99,180.2171233135074,-157.77287668649262,157.77287668649262,46.67974694117951,15,0.68924195,TP-Link AC1200 Wireless Wi-Fi Gigabit Router (Arch,106.69,0.7385241,TP-Link TD-W8980 N600 Wireless Dual Band Gigabit A,399.95,0.7276883,D-Link WiFi Router AC1200 High Power Gigabit Ether,54.99,0.71014285
B002LBQ6OA,Manhattan Bluetooth Micro Adapter (179218),Manhattan Products,Computers,19.95,22.630237289741036,2.6802372897410365,2.6802372897410365,13.434773382160584,15,0.58530027,"Verbatim Wireless Notebook Optical Mouse, Commuter",10.96,0.6517336,Manhattan Wireless Numeric Keypad – 18 Full Size K,11.94,0.63263565,"Kensington Pro Fit Mid-Size Wireless Mouse, Sapphi",28.34,0.60399604
B0B697WHQ9,"Ayotu Case for Remarkable 2 Paper Tablet 10.3"" 2020 Released, Premium PU Leather Smart Cover with Bu",Ayotu,Computers,45.99,18.778286337457605,-27.211713662542397,27.211713662542397,59.1687620407532,15,0.6995381,"Remarkable 2 Case with Pen Holder Leather, Remarka",39.9,0.83234906,E NET-CASE Slim Lightweight Book Folios Case for R,15.99,0.8002492,Thankscase Trifold Stand Case for Remarkable 2 Pap,16.99,0.7331828
B01B1X3T52,"Adamanta 16GB (4x4GB) Apple Memory Upgrade for Mid 2011 iMac 21.5"" and 27"" DDR3 1333Mhz PC3-10600 SO",Adamanta,Computers,171.96,58.43921565664025,-113.52078434335976,113.52078434335976,66.01580852719223,15,0.7640994,Adamanta 8GB (1x8GB) Apple Memory Upgrade for Late,64.99,0.9357299,parts-quick 16GB 2 X 8GB Compatible Memory for iMa,174.99,0.8068341,parts-quick 8GB (2 x 4GB) Memory for Apple MacBook,49.99,0.7803315
B01N9KKKVY,"Universal Trimmable Screen Protector for All BMW Navigation (3-Pack), Anti-Glare and Anti Finger Pri",EZ-Pro Screen Protector,Computers,9.99,19.77566970149935,9.78566970149935,9.78566970149935,97.95465166666015,15,0.5910466,(3 Pack) Supershieldz Designed for Ematic 10.1 inc,8.99,0.6255164,Anti Blue Light Screen Protector (3 Pack) for 14 I,17.99,0.62006164,SuperGuardZ [3-Pack] for Samsung Galaxy Tab E 9.6 ,7.99,0.60572445
B0BQT118V4,"HP Pavilion 15.6"" FHD Laptop, AMD Ryzen 5 5500U (Beats i7-11370H), Thin & Portable, Micro-Edge & Ant",HP,Computers,599.0,677.1931298736278,78.19312987362775,78.19312987362775,13.053944887083096,15,0.8702084,"HP 2021 15 Laptop, AMD Ryzen 5 5500U(Beat i7-1065G",670.0,0.8994506,"HP 2021 Newest Laptop, 15.6"" FHD Display, AMD Ryze",499.0,0.89442503,"HP Pavilion Gaming Laptop, 15.6"" Full HD 144Hz Scr",899.99,0.8892868
B07XPVGK9R,"GUDOU Bluetooth Keyboard Case for iPad Mini4 /5 7.9inch,Wireless Detachable iPad Keyboard Case with ",GUDOU,Computers,34.99,34.631670540769164,-0.3583294592308377,0.3583294592308377,1.0240910523887903,15,0.77978367,"GUDOU iPad Pro 11inch Keyboard Case 2021/2020,Fram",25.86,0.83300894,KENKE iPad Air 5th Generation Case 2022 / iPad Air,23.09,0.79793966,aoub Case for iPad Air 5th/4th Generation 2022/202,28.99,0.7916474
B06Y59KBBZ,Original New for Lenovo IdeaPad 110-15ISK US Black Keyboard with Frame,Unknown,Computers,25.99,39.244508665133964,13.254508665133965,13.254508665133965,50.9984942867794,15,0.74157447,Original New for Lenovo Ideapad 100-15IBD US Keybo,19.91,0.9342027,SUNMALL Replacement Keyboard Compatible with Lenov,13.99,0.7704538,Original New US Keyboard for Gateway PK130HJ1B00 K,19.89,0.7686854
B08NJ4W5SQ,Akkerds Compatible with iPad Air 5th Generation Case 2022/ iPad Air 4th Generation Case 2020 10.9 In,Akkerds,Computers,20.99,17.525292154151895,-3.4647078458481033,3.4647078458481033,16.506469013092442,15,0.8554898,ProCase iPad Air 5 2022 / Air 4 2020 Case 10.9 [Su,21.99,0.8957383,Akkerds Case Compatible with iPad 10.2 Inch 2021/2,16.99,0.89287376,ESR Pencil Case Compatible with iPad Air 5th Gener,16.99,0.87409866
B097J7JPQX,Perixx PERIBOARD-213U Wired Silent USB Scissor Keyboard - 14.45x4.76x0.70 Inches Compact Design with,Perixx,Computers,21.99,42.67609848075915,20.686098480759153,20.686098480759153,94.07047967603071,15,0.68755776,Perixx PERIBOARD-426 Wired Mini Low Profile Keyboa,19.99,0.8145325,Perixx PERIDUO-715 Wireless Mini Keyboard and Mous,29.99,0.7822435,"Perixx PERIBOARD-106W DV, Wired Performance Full S",7.99,0.7631133
B07H4HYH8T,"MOSISO Compatible with MacBook Pro 15 inch Case 2016-2019 Release A1990 A1707 with Touch Bar, Plasti",MOSISO,Computers,21.99,22.527549655364226,0.5375496553642272,0.5375496553642272,2.4445186692325023,15,0.8659417,MOSISO Compatible with MacBook Pro 15 inch Case 20,26.99,0.98810095,MOSISO Compatible with MacBook Pro 16 inch Case 20,16.99,0.8847885,MOSISO Compatible with MacBook Pro 16 inch Case 20,15.99,0.8828925
B09WWM4H4W,"2022 Newest HP Premium Laptop, 15.6"" HD LED Display, AMD Dual-Core Processor, AMD Radeon Graphics, H",HP,Computers,399.0,521.1962469486791,122.19624694867912,122.19624694867912,30.625625801673966,15,0.8498042,HP Laptop 15 Business Laptop Computer 15.6” Diagon,739.0,0.8744383,HP 2022 Newest Laptop with Microsoft Office Includ,449.99,0.8740429,"HP 2022 Newest 14"" HD Laptop Light-Weight, AMD 302",289.0,0.8620662
B071W16NVZ,"VELOCIFIRE Tenkeyless Mechanical Keyboard Mini, 78-Key Compact Ergonomic, Outemu Brown Switches Back",VELOCIFIRE,Computers,19.72,43.01612189310366,23.29612189310366,23.29612189310366,118.13449235853784,15,0.6352625,"DANSHER Percent 60% Mechanical Gaming Keyboard,81K",36.99,0.71102345,I Focus Mini 78 Keys Wired Keyboard - with Keyboar,11.99,0.6685318,Logitech MX Mechanical Mini for Mac Wireless Illum,149.99,0.6587732
B08DZQWHYX,Patriot Viper 4 Blackout Series DDR4 32GB (2 x 16GB) 3200MHz Kit,Patriot Memory,Computers,66.99,65.41824453435453,-1.5717554656454666,1.5717554656454666,2.346253867212221,15,0.74288625,Patriot Memory VIPER 4 Series 2800MHz (PC4 22400) ,64.55,0.8970995,Patriot Memory Performance Viper 3 DDR3 8GB Memory,15.99,0.8434761,Patriot Viper Steel DDR4 16GB (2 x 8GB) 3600MHz Ki,42.99,0.8145255
B0B2Q5W8NH,"HP EliteDesk 705 G4 Mini Desktop Computer, AMD Quad-Core Ryzen 5 Pro 2400GE Upto 3.8GHz, 8GB DDR4 RA",HP,Computers,174.96,628.5122812833183,453.5522812833183,453.5522812833183,259.23198518708176,15,0.8098133,"HP 2021 15 Laptop, AMD Ryzen 5 5500U(Beat i7-1065G",670.0,0.8577205,"2021 Newest HP 17.3 in FHD Laptop, AMD Ryzen 5 550",639.0,0.84879243,DMAF5 Mini PC AMD Ryzen 5 3550H Windows 10 Pro Min,599.99,0.8193763
B09RNDXWWY,"D-Link VPN Router, 8 Port Gigabit with Dynamic Web Content Filtering (DSR-250)",D-Link,Computers,499.99,176.80193415213733,-323.1880658478627,323.1880658478627,64.63890594769148,15,0.56164,TP-Link Safestream Multi WAN Router | 4 10/100M WA,78.0,0.6485042,Linksys Business 24-Port Gigabit Smart Managed Swi,309.41,0.5972999,Synology RT2600ac – 4x4 dual-band Gigabit Wi-Fi ro,149.99,0.5689299
B079MRJHSD,Silicon Power 5TB USB-C USB 3.0 Rugged Game Drive A62 External Hard Drive PS5 Compatible,SP Silicon Power,Computers,134.99,27.5922254602596,-107.39777453974041,107.39777453974041,79.5598003850214,15,0.67195815,Verbatim Freecom Tough Drive 500GB 3.0 USB Shock-R,89.99,0.69499934,"UGREEN USB A to USB A, Male to Male, 2 Pack USB to",8.99,0.69260967,Vansuny 5 Pack 32GB Flash Drive Metal Waterproof U,15.99,0.68875
B07MVKH5RS,"IBENZER Compatible with MacBook Air 11 Inch Case Model A1370 A1465, Soft Touch Plastic Hard Shell Ca",IBENZER,Computers,15.99,18.77530223517215,2.785302235172148,2.785302235172148,17.41902586098904,15,0.76799005,IBENZER Compatible with MacBook Air 11 Inch Case A,28.99,0.86117744,IBENZER Compatible with MacBook Pro 13 Inch case A,14.99,0.79188585,IBENZER Compatible with MacBook Pro 15 Inch Case 2,18.99,0.7784792
B09FY9W4ZJ,"HP EliteBook 840 G8 14"" Notebook - Full HD - 1920 x 1080 - Intel Core i5 (11th Gen) i5-1145G7-16 GB ",HP,Computers,889.0,333.5718022118317,-555.4281977881683,555.4281977881683,62.477862518354144,15,0.7579902,HP Elitebook 840 G5 - 14 FHD - i5-8350U Quad Core ,261.03,0.82176363,"HP EliteBook 8440p 14 Inch Business Laptop, Intel ",263.75,0.80972004,HP Elitebook 820 G4 - 12.5in FHD Touchscreen Lapto,249.89,0.7930117
B07FBQRJCF,InstallerParts 3 ft USB 2.0 High Speed Cable - A-Male to A-Male - Black,InstallerParts,Computers,7.06,9.415419359765503,2.355419359765503,2.355419359765503,33.362880449936306,15,0.79748315,InstallerParts 3 ft USB 2.0 High Speed Extension C,5.55,0.9320751,"Cable Matters 2-Pack USB 3.0 Cable 3ft, USB to USB",10.49,0.8342226,"Amazon Basics USB-A to USB-B 3.0 Cable, 4.8Gbps Hi",6.84,0.8162457
B08CZT18MG,"Boskin for Kindle Fire hd 8 case Fire hd 8 Plus case 2020 Release 10th Generation,Shockproof Kicksta",Boskin,Computers,8.99,18.27044583883123,9.280445838831229,9.280445838831229,103.23076572670999,15,0.7806318,"Fire HD 8 Kids Case 2022/2020,Fire 8 Plus Tablet C",12.99,0.8221922,"Fire HD 8 Tablet Case,Kindle Fire 8 Case for Kids,",11.99,0.8174974,Fintie Case for All-New Fire HD 8 and Fire HD 8 Pl,15.99,0.7970154
B0721BVC6F,StarTech.com Adjustable Monitor Riser - Large - Drawer - Monitors up to 32”- Adjustable Height - Des,StarTech,Computers,32.91,83.27830147711485,50.368301477114855,50.368301477114855,153.0486219298537,15,0.75516725,"ETHU Dual Monitor Stand, Dual Monitor Riser for 2 ",29.99,0.83083797,StarTech.com Monitor Riser Stand - Clamp-on Monito,59.84,0.8157084,Kantek Extra Wide Single Level Height-Adjustable M,33.3,0.7939961
B0C5WXQ63L,Soke New iPad 10.2 Case with Pencil Holder for iPad 9th Generation 2021 /8th Gen 2020/7th Gen 2019- ,Soke,Computers,16.99,17.301718877615283,0.3117188776152844,0.3117188776152844,1.834719703444876,15,0.85502595,"Soke Case for iPad 10th Generetion(2022 Release),i",11.99,0.8960842,"Soke iPad Air 3 Case 2019 with Pencil Holder, Prem",22.99,0.88439274,"Aoub Case for iPad 6th/5th Generation 9.7 inch, Tr",16.99,0.8764598
B09MLZT3YV,"BANRUO Wireless Keyboard, 2.4G Ergonomic Wireless Computer Keyboard, Enlarged Indicator Light, Porta",BANRUO,Computers,23.99,29.288743931646508,5.298743931646509,5.298743931646509,22.087302758009628,15,0.692754,Macally 2.4G USB Wireless Keyboard for Laptop or C,19.99,0.8205037,"Lomiluskr K680T Wireless 60% Mechanical Keyboard, ",39.99,0.7107575,Keluowan Wireless Keyboard Slim USB 2.4GHZ Full Si,15.99,0.70175695
B0BNZWJT53,Alecewey P1 Plus Portable Monitor for Laptop Screen Extender Dual Monitor Mobile Double Monitors 13.,Alecewey,Computers,219.99,275.0194891574198,55.02948915741979,55.02948915741979,25.01454118706295,15,0.7330715,BQAA 12'' Portable Monitor for Laptop Screen Exten,189.74,0.82432866,SideTrak Solo Triple Portable Monitor for Laptop |,539.99,0.7650902,MNN Portable Monitor 15.6inch FHD 1080P Laptop Mon,116.92,0.76020074
B000I9B2K0,"AB 2 Way Switch Box, DB25 Female",CableWholesale,Computers,28.98,45.106335161988895,16.126335161988894,16.126335161988894,55.646429130396456,15,0.50694746,"2 Way AUTO Parallel Port A B Switch for Printers, ",23.99,0.6217232,CablesOnline 2-Way A/B RJ45 Metal Rotary Manual Sw,21.25,0.53565335,"Printer Cable 10Ft,Tan QY USB 2.0 High Speed Gold-",6.39,0.52701277
B08CMWK285,"SUNWAYFOTO PC-01 Tablet iPad Tripod Mount Bracket with Arca-Swiss Quick Release Plate,Universal Tabl",SUNWAYFOTO,Computers,29.95,31.51097796285734,1.56097796285734,1.56097796285734,5.211946453613823,15,0.6691696,"elitehood Tablet Floor Tripod Stand, Stronger Goos",37.99,0.7069334,"SAMHOUSING Ipad Tripod Stand, with 65 inch Height ",17.99,0.685205,Otinlai iPad Stand iPad Holder Adjustable Height a,29.99,0.68512034
B00RW7AIFQ,Creative Labs CT4170 Sound Blaster Audio Card,Creative Labs,Computers,125.0,82.62255213143983,-42.37744786856017,42.37744786856017,33.901958294848136,15,0.5210701,Creative CT4760 SoundBlaster Live X Gamer PCI Digi,75.0,0.6739968,ASUS SUPREMEFX Soundcard for ASUS Republic of Game,78.68,0.58296746,Dell Latitude 5404 5414 7404 Rugged Audio Port Sim,17.55,0.5578722
B09HKZRPYX,"Keyboard Cover for HP Envy 13t-ba 13-bd 13z-ay, HP Envy 14 14-EB, HP Envy x360 2-in-1 15.6 15m-EU/ES",MUBUY-GOL,Computers,6.54,6.988123474073322,0.44812347407332176,0.44812347407332176,6.852040887971281,15,0.7240236,Keyboard Cover for 15.6 HP Laptop 15-dw 15-dy 15-e,6.35,0.85580575,Keyboard Cover Skin Compatible HP Envy x360 15-DS1,6.59,0.7462435,Ultra Thin Keyboard Cover for HP Laptop 15-da 15-d,6.99,0.74340343
B00MQ0ITXW,Fujipoly Extreme System Builder Thermal Pad - 60 x 50 x 1.5 - Thermal Conductivity 11.0 W/mK,Unknown,Computers,27.49,16.884853262076913,-10.605146737923086,10.605146737923086,38.57819839186281,15,0.6829091,"Thermal Pad,100x100x1mm 6W/m.k Thermal Conductivit",6.99,0.7897934,Wathai Off-White 100x100x2.5mm 2.5mm Cooling Silic,10.99,0.75977683,"4 Pieces Silicone Thermal Pad, 0.5mm 1mm 1.5mm 2mm",9.9,0.7496944
B00WLB17M6,"Bundle - 2 Items - Astron Linear Power Supply, 13.8V, 20A and Ham Guides TM Pocket Reference Card",Astron,Computers,194.95,68.92756512644372,-126.02243487355626,126.02243487355626,64.64346492616377,15,0.54543805,Astron SS-30M-AP (IEC 62368) Switching Power Suppl,248.99,0.6567236,StarTech.com Power Cord - 15 ft / 4.5m - NEMA 5-15,11.59,0.5549425,Allied Telesyn SL-8320BTX (AL-A300ATX) ATX12V V2.2,206.0,0.54979694
B081N2V1KJ,ASUS ROG Strix Radeon RX570 O8G Gaming GDDR5 DP HDMI DVI VR Ready AMD Graphics Card (ROG-STRIX-RX570,ASUS,Computers,189.0,362.93156363736097,173.93156363736097,173.93156363736097,92.02728234781003,15,0.74703145,ASUS Dual NVIDIA GeForce RTX 2060 Super EVO V2 OC ,299.99,0.7943636,ASUS ROG Strix B360-F Gaming LGA1151 (Intel 8th Ge,458.68,0.7813989,ASUS GTX950 2G GDDR5 PCI Express 3.0 HDCP Ready SL,598.86,0.77479625
B07NYGK8NH,"Lenovo 20V 11.5A 230W Slim Tip AC Adapter for P/N: GX20L29347, 00HM627, 4X20E75111 - Retail Box.",Lenovo,Computers,73.99,33.250204608449806,-40.73979539155019,40.73979539155019,55.061218261319354,15,0.7536241,"Lenovo 45 W USB-C AC Adapter, Black, for Thinkpad ",48.29,0.8272228,IBM Lenovo 65W Adapter 20V 3.25A For IBM Lenovo Th,15.54,0.8023323,weiwin Original 20V 6.75A AC Adapter Compatible fo,39.99,0.7856713
B0178UHFIY,"Odyson - 256GB SSD (PCIe 3.0 x4, SSUBX) Replacement for MacBook Pro 13"" Retina A1502 (Early 2015), 1",Odyson,Computers,97.5,100.12995605845116,2.6299560584511568,2.6299560584511568,2.697390829180674,15,0.68678206,OWC 2.0TB Aura Pro X2 SSD Compatible with MacBook ,199.99,0.76293963,OWC 2.0TB Aura Pro X2 SSD Upgrade Compatible with ,199.99,0.7145436,OWC 1TB Aura N2 NVMe SSD Upgrade Kit w/Envoy Pro E,149.99,0.6992428
B00DUG3O4A,HP 16GB PC3-12800 DDR3-1600 2Rx4 1.5v ECC Registered RDIMM (HP PN# 672612-081),HP,Computers,16.54,51.72718998680615,35.18718998680615,35.18718998680615,212.73996364453538,15,0.76336455,HP Compatible 16GB PC3-10600 DDR3-1333 2Rx4 1.35v ,17.94,0.8995816,A-Tech 64GB ECC Registered Memory Kit for HP Z420 ,175.96,0.8060151,Addon-Memory 4 GB DDR3 1333 (PC3 10600) RAM AM1333,28.48,0.793233
B08TYGDSWC,"mCover Case Compatible for 2020~2022 13.3"" Lenovo IdeaPad Flex 5 (13"") 13IML05 / Flex 5i 13ITL6 2 in",MCover,Computers,24.99,21.813825259060724,-3.176174740939274,3.176174740939274,12.70978287690786,15,0.8258638,"mCover Case Compatible for 2020~2021 11.6"" Lenovo ",21.99,0.93295485,"mCover Case Compatible for 2020~2022 14"" Lenovo Id",23.99,0.8927503,"mCover Hard Shell Case for 2019 14"" Lenovo 14e Ser",19.99,0.8811996
B09HKP7N83,"DTTO iPad Mini 4 Case, Premium Leather Folio Stand Cover Case with Multi-Angle Viewing and Auto Wake",DTTO,Computers,18.99,15.062004948229031,-3.927995051770967,3.927995051770967,20.684544769726003,15,0.8261792,DTTO Case for iPad Mini 6th Generation 2021 with P,9.99,0.88101983,"DTTO iPad Mini 6 Case for 2021, [Fabric Texture De",13.99,0.87061846,DTTO New iPad Mini 6th Generation Case 8.3 Inch 20,16.99,0.8651587
B00BUR5BK6,Olympus SZ-15 Digital Camera Memory Card 4GB Secure Digital High Capacity (SDHC) Memory Card,Transcend,Computers,12.95,14.875599592852522,1.9255995928525227,1.9255995928525227,14.869494925502105,15,0.7525911,Panasonic Lumix DMC-LZ20 Digital Camera Memory Car,11.15,0.8164891,Fujifilm AX200 Digital Camera Memory Card 4GB Secu,10.95,0.81618553,Panasonic Lumix DMC-ZS25 Digital Camera Memory Car,13.95,0.7892695
B07D7K5PR5,"Comp Bind Technology Dust Cover Compatible with HP OfficeJet Pro 7720 WideFormate Printer, Black Nyl",Comp Bind Technology,Computers,24.99,23.798040324248987,-1.1919596757510114,1.1919596757510114,4.769746601644704,15,0.7743286,Comp Bind Technology Dust Cover for HP Envy Pro 64,18.99,0.88198036,Comp Bind Technology Dust Cover Compatible with Ep,21.99,0.851486,Comp Bind Technology Dust Cover Compatible with Ep,27.99,0.8388399
B0BM5B69J9,"MoKo Pencil Case Holder Compatible with Apple Pencil 2, PU Leather Elastic Pocket Sleeve Detachable ",MoKo,Computers,7.99,18.54325518999094,10.55325518999094,10.55325518999094,132.0807908634661,15,0.79308945,JIA JUN Apple Pencil Accessories Case Cover for Ap,5.99,0.82658386,KELIFANG Silicone Case Sleeve Cover Compatible App,6.99,0.82143515,FRTMA Compatible Apple Pencil (2nd Generation) Ful,7.99,0.8140054
B075RZZSKY,10FT AC/DC Adapter for HP Pavilion AR5B125 ARSB125 TPN-C113 TPNC113 753559-001 Laptop Notebook PC Po,EPtech,Computers,12.99,15.316279041622126,2.3262790416221257,2.3262790416221257,17.90822972765301,15,0.7746356,AC Adapter for HP 17-bs011dx 17-bs019dx 17-bs049dx,12.99,0.89327264,YUSTDA (10Ft Long) AC/DC 60W Adapter for Samsung A,9.99,0.82649195,Laptop Charger AC Power Adapter for HP Home 15-db0,25.99,0.7966807
B00M1Y48Z6,Skinomi Gold Carbon Fiber Full Body Skin Compatible with NVIDIA Shield Tablet (2014)(Full Coverage) ,Skinomi,Computers,18.95,17.628640673400124,-1.3213593265998753,1.3213593265998753,6.972872435883247,15,0.7835777,Skinomi Black Carbon Fiber Full Body Skin Compatib,18.95,0.894102,Skinomi Black Carbon Fiber Full Body Skin Compatib,14.95,0.890732,Skinomi Gold Carbon Fiber Full Body Skin Compatibl,14.95,0.88795376
B00S8RVVOG,Skinomi Full Body Skin Protector Compatible with Asus Transformer Book T300 Chi 12.5 (Tablet Only)(S,Unknown,Computers,18.95,18.63376527815043,-0.31623472184956825,0.31623472184956825,1.6687848118710726,15,0.77096504,Skinomi Full Body Skin Protector Compatible with N,18.95,0.860718,Skinomi Full Body Skin Protector Compatible with M,18.95,0.83405095,Skinomi Screen Protector Compatible with Samsung G,9.95,0.8271152
B077YYJ7JB,Skinit Decal Laptop Skin compatible with Surface Book 2 13.5in - Originally Designed Frondescence De,Skinit,Computers,24.99,18.089455742049356,-6.900544257950642,6.900544257950642,27.613222320730863,15,0.70106024,MightySkins Skin Compatible with Microsoft Surface,19.06,0.755959,Skinit Decal Tablet Skin Compatible with iPad Pro ,29.99,0.7303394,Skinit Decal Laptop Skin Compatible with Latitude ,24.99,0.71927714
B00B15OMPC,"August Accessories Hex: Hex x Haze Laptop Duffel, Blue/Grey (HX1315 - BLGY)",August Accessories,Computers,33.98,20.779009067860734,-13.200990932139263,13.200990932139263,38.84929644537747,15,0.65416116,15.6 Inch Waterproof Laptop Sleeve Bag for HP Envy,14.99,0.6796404,DOMISO 10.1 inch Laptop Sleeve Case Water Resistan,8.99,0.66128916,DOMISO 17.3 inch Laptop Bag Business Briefcase Wat,35.99,0.6609993
B0C4TCHMZ9,"Beelink EQ12 Mini PC, Intel 12th Gen Alder Lake-N100(4C/4T, Up to 3.4GHz), 16GB DDR5 RAM 500GB PCIe3",Beelink,Computers,289.0,366.2678253518852,77.26782535188522,77.26782535188522,26.73627174805717,15,0.789617,"Beelink S12 Pro Mini PC, Newest 12th Gen Intel N10",189.0,0.91931784,"Beelink EQ12 Mini PC with Processor N100(4C/4T), 1",289.0,0.8498319,"Beelink Mini PC, Mini S Mini Computer 11th Gen Qua",189.0,0.8411597
B0BYNK9FKY,Aenllosi Aluminum Alloy Carrying Case Compatible with Ledger Nano X S S Plus BTC Bitcoin Wallet Hard,Aenllosi,Computers,14.99,13.875653416095687,-1.1143465839043127,1.1143465839043127,7.433933181483074,15,0.6277908,CASEMATIX Crypto Wallet Travel Case Compatible wit,12.99,0.82506675,Apple Air tag Holder - AirTag Case with Key Ring -,11.99,0.64226925,13 13.3 Inch Laptop Sleeve Case for MacBook Pro 13,23.99,0.6286639
B01C805LHQ,A-Tech Micron 8GB Module PC3-10600 1.35V for HP ProLiant ML370 G6 SL390S G7 DL360 G6 Snpp9rn2c/8g DL,A-Tech Components,Computers,27.94,61.075107275633684,33.135107275633686,33.135107275633686,118.59379840956939,15,0.8228254,A-Tech 8GB KIT (2 x 4GB) For HP-Compaq Presario No,72.59,0.8612236,A-Tech 4GB KIT (2 x 2GB) For HP-Compaq Pavilion Se,29.52,0.85044533,A-Tech 4GB STICK For HP-Compaq Pavilion Series g6-,36.29,0.847164
B0BLRFGWS3,"512GB Micro SD Card Class10 MicroSD Card High Speed Memory Card for Nintendo Switch,Smartphone,Dash ",HUNYEIZ,Computers,13.13,16.08447723649507,2.9544772364950678,2.9544772364950678,22.50173066637523,15,0.8132271,Micro SD Card 512GB High Speed Memory Card for Sma,12.33,0.8662252,512GB Micro Sd Card Memory Cards with a SD Adapter,11.68,0.8495065,512GB Memory Cards Micro SD Card 512GB High Speed ,9.99,0.8381328
B09NV2H7Y9,"mCover Case Compatible for 2021~2022 15.6"" HP Envy x360 15-ESxxxx (Intel CPU) / 15-EUxxx (AMD CPU) S",MCover,Computers,24.99,23.544226155682406,-1.4457738443175927,1.4457738443175927,5.785409541086805,15,0.841559,"mCover Case Compatible for 2020-2022 15.6"" HP Pavi",23.95,0.91425717,"mCover Case Compatible for 2021~2022 14"" HP Pavili",21.99,0.8989645,mCover Case Compatible for 2020~2022 15.6-inch HP ,23.99,0.8954898
B0BXP46ZYW,"B BELK Compatible with MacBook Pro 13 inch Case A2338 M2, MacBook Pro Case 2023 2022 2021 A2289 M1 A",B BELK,Computers,12.98,21.030726539640295,8.050726539640294,8.050726539640294,62.024087362405965,15,0.85483843,Laptop Cover Compatible with MacBook Pro 13 Inch C,22.99,0.87645453,TwoL Compatible with MacBook Pro 13 inch Case 2022,23.99,0.87217546,"Case Compatible with MacBook Pro 13 inch 2020, Mod",21.99,0.87038267
B0BTPMCL68,Perixx PERIBOARD-527 Wired Comfort USB Keyboard - Laptop Scissor Keys - Curved Ergo-Lite Design - De,Perixx,Computers,19.99,35.49410459078466,15.50410459078466,15.50410459078466,77.55930260522592,15,0.68193513,Perixx PERIBOARD-426 Wired Mini Low Profile Keyboa,19.99,0.8041303,"Perixx PERIBOARD-106W DV, Wired Performance Full S",7.99,0.7851287,"Perixx PERIBOARD-517 Wired Washable USB Keyboard, ",39.99,0.7738862
B08JLXL3P7,EPOMAKER MACHENIKE K600S 100-key Hot Swappable RGB Bluetooth 5.0/2.4GHz/Type-C Wired Mechanical Gami,EPOMAKER,Computers,99.99,51.34143979797618,-48.648560202023816,48.648560202023816,48.653425544578276,15,0.6816284,"Lomiluskr K680T Wireless 60% Mechanical Keyboard, ",39.99,0.7425418,iClever BK06 Bluetooth Keyboard - Multi-Device Por,52.99,0.7265391,Keychron K5 Ultra-Slim Full Size Layout Wireless B,109.99,0.7207244
B08ZKKRG4X,"INFILAND Compatible with iPad Pro 12.9 2021 Case with Pencil Holder & Clear Transparent Back, Do Not",INFILAND,Computers,16.95,26.775517912510164,9.825517912510165,9.825517912510165,57.96765730094493,15,0.8363828,"iPad Pro 12.9 inch 2022 Case with Keyboard, Keyboa",39.97,0.8889546,Case with Backlit Keyboard for ipad Pro 12.9 5th 2,29.99,0.86550236,Aoub New iPad Pro 11 Inch Case 2022(4th Gen)/2021(,19.99,0.8543581
B0C1J8RZ46,"TP-Link TL-SG108 | 8 Port Gigabit Unmanaged Ethernet Network Switch, Ethernet Splitter | Plug & Play",TP-Link,Computers,18.99,123.96915945369744,104.97915945369745,104.97915945369745,552.8128459910345,15,0.6816855,"TP-Link 16 Port Gigabit Ethernet Network Switch, D",66.99,0.9192784,TP-Link 24 Port 10/100Mbps Fast Ethernet Switch | ,54.99,0.76438,10/100Mbps 5 Port Micro USB Power Supply Fast Ethe,13.99,0.71256524
B000Y959XK,Dynatron I31g Intel Micro-fcpga Xeon Sossaman CPU 1u Cooler,Dynatron,Computers,34.48,90.42329799272254,55.94329799272254,55.94329799272254,162.24854406242036,15,0.6189987,Dynatron R5 Intel Sandy Bridge EP/EX Processors fo,74.26,0.7279298,Intel Thermal Solution Xts100H - Processor Cooler ,39.99,0.64468163,Dynatron P199 Slim 4 wire Cooler IU Socket 775 Cel,45.93,0.63943887
B01LXELXXA,"AC Adapter Charger for Dell Inspiron I7368-0027GRY, By Galaxy Bang USA",Galaxy Bang,Computers,16.99,19.65388080166152,2.66388080166152,2.66388080166152,15.67911007452337,15,0.8030101,"AC Adapter Charger for Samsung 7 Spin 2-in-1, NP73",15.99,0.8408033,AC Adapter Charger for Acer Aspire 5750-6414 5750-,17.99,0.8251919,"AC Adapter Charger for Acer Spin 7, SP714-51, SP71",21.99,0.8169262
B09BMKP36K,"UZBL Hard Shell Case for Microsoft Surface Pro 7 Plus, Pro 7, Pro 6, Pro 5, Protective Clear Case Co",UZBL,Computers,39.95,23.85762430974466,-16.09237569025534,16.09237569025534,40.281290839187335,15,0.74696434,Fintie Hard Case for Microsoft Surface Pro 7 Plus/,26.99,0.79649115,Youtec for Microsoft Surface Pro 7 Plus/Pro 7/Pro ,21.99,0.7915548,CoBak Case for Surface Surface Pro 7 - Fits Keyboa,12.95,0.7777267
B08L33QTCF,52pcs Ahegao Sexy Girl Vinyls Stickers Laptop Sticker Waterproof Stickers Luggage Skateboard Water B,N\A,Computers,5.99,7.632475991533463,1.6424759915334626,1.6424759915334626,27.42030035949019,15,0.8548768,Cute cat Stickers for Laptop Stickers Car Cartoon ,5.99,0.88697755,Linzze Stickers 50-Pcs Pack Waterproof Vinyl Bumpe,7.99,0.88055086,"Stickers for Laptop [100PCS], Galaxy Vinyl Decals ",8.99,0.87148595
B007H29FRS,Intel E5-2670 2.60Ghz 20M Cache 8-Core 115W Processor SR0KX,Intel,Computers,52.99,61.013260469945855,8.023260469945853,8.023260469945853,15.14108411010729,15,0.8339218,Intel Xeon Processor E5-2660 v2 (25M Cache 2.20Ghz,22.07,0.9033474,Intel Core i5-3570 Quad-Core Processor 3.4 GHz 6 M,49.85,0.9030717,Intel Xeon CPU E5-1607V3 SR20M 3.10GHz 4-Cores 10M,8.99,0.85984206
B0BH8TR64K,"Lenovo Chromebook 3 11 11.6"" Laptop Computer for Business Student, AMD A6-9220C up to 2.7GHz, 4GB LP",Lenovo,Computers,139.0,360.6093397022499,221.60933970224988,221.60933970224988,159.4311796419064,15,0.7324818,"NewLenovo 3 11"" Lightweight Chromebook Laptop PC C",138.5,0.7718805,AimCare LatestAcer 11 Inch Chromebook Laptop Compu,119.0,0.7523256,"ASUS Flip C213SA 11.6"" Touchscreen Chromebook, Int",95.0,0.75198007
B091FLJV25,"17 Inch Laptop Bag, Water-resistant Computer Bag for Women Men, Large Laptop Briefcase for Business ",CaseBuy,Computers,15.95,28.462766378755113,12.512766378755114,12.512766378755114,78.44994594830793,15,0.8433041,"Taygeer 17 inch Laptop Bag, Laptop Briefcase Busin",35.99,0.88716936,ArcEnCiel Laptop Bag 17 17.3 Inch Briefcase Messen,17.99,0.86783344,DOMISO 17.3 inch Laptop Bag Business Briefcase Wat,35.99,0.85484743
B00IGMDEGQ,"Linksys LAPN300: Wireless Business Access Point, Wi-Fi, Single Band 2.4 GHz N300, PoE, Range Extensi",Linksys,Computers,49.99,80.41816897896919,30.42816897896919,30.42816897896919,60.86851166027043,15,0.6800906,EnGenius Technologies High-Powered Dual-Band Wirel,179.99,0.73956084,"TRENDnet Wireless N300 2T2R Detachable antennas, A",30.99,0.73905206,Linksys Network E900-NP Wireless Router Wireless-N,69.99,0.73450047
B08CXDMNR1,"Lenovo ThinkPad E14 14"" FHD IPS Business Laptop (AMD Ryzen 6-Core R5-4500U(Beat i7-10510U), 8GB DDR4",Lenovo,Computers,749.99,650.6785772831017,-99.31142271689828,99.31142271689828,13.241699584914235,15,0.794578,"Lenovo Latest ThinkPad E15 Gen3 15.6"" FHD IPS Busi",865.0,0.8214182,"Lenovo IdeaPad 5 Business Laptop, 15.6"" FHD IPS To",689.0,0.81947213,Lenovo 2022 Flagship Premium Flex 14 2 in 1 Covert,869.0,0.81345105
B09LXTBG8Y,"TWOLSKOO for MacBook Pro 16 Inch Case 2023 2022 2021 Release M2 A2780 M1 A2485 M1 Pro/Max, Hard Shel",TWOLSKOO,Computers,27.55,21.67277294951201,-5.877227050487992,5.877227050487992,21.33294755168055,15,0.833356,TWOLSKOO Compatible with MacBook Pro 14 inch Case ,25.99,0.8847552,Se7enline Compatible with MacBook Pro 16 inch Case,19.99,0.86531913,"TwoL Cover for MacBook Pro 16 inch 2019 2020, Cher",27.55,0.8590541
B0038ARX9U,AccessoryBasics Dual Tab Tripod Adapter with 22mm Ball Connection,Unknown,Computers,7.95,30.881560996482612,22.931560996482613,22.931560996482613,288.44730813185674,15,0.5560954,"RAM Mounts Tab-Tite Holder for 10.1"" - 10.5"" Table",32.49,0.62344813,RAM Mounts Tab-Tite Universal Spring Loaded Holder,30.99,0.6146787,Sony - Sony Memory Stick Duo Adaptor MSAC-M2,5.99,0.58695304
B00P2TUKOK,"Jetway Intel Celeron N2930 Dual LAN Fanless NUC w/4GB & 128GB, JBC311U93W-2930-B",Jetway,Computers,489.95,432.1469939271788,-57.80300607282118,57.80300607282118,11.797735702178013,15,0.69162345,"HP 2022 14-inch Diagonal HD Laptop PC, Intel Celer",259.0,0.7225094,"HP ProBook x360 11 G5 11.6"" 2-in-1 Touchscreen (In",299.99,0.71258867,"HP 2020 Newest Steam 11.6 Inch Laptop, Intel Celer",224.0,0.7004029
B07YP67PFV,"Intel Core i9-10940X Desktop Processor 14 Cores up to 4.8GHz Unlocked LGA2066 X299 Series 165W, BX80",Intel,Computers,897.0,345.9124137328645,-551.0875862671355,551.0875862671355,61.4367431735937,15,0.7749491,Intel Core i9-9940X X-Series Processor 14 Cores up,892.99,0.8437071,Intel CPU BX806954210 Xeon SLVR4210 10C 20T 2.2GHz,275.89,0.8109751,Intel Core i9 (12th Gen) i9-12900 Hexadeca-core (1,449.99,0.793523
B07JY2HRM9,"CORSAIR VS Series, VS400, 400 Watt, 80+ White Certified, Non-Modular Power Supply",Corsair,Computers,371.99,167.14631982609814,-204.84368017390187,204.84368017390187,55.06698571840691,15,0.69147134,"CORSAIR AX Series, AX860, 860 Watt, 80+ Platinum C",248.02,0.7677392,"CORSAIR AXi Series, AX860i, 860 Watt, 80+ Platinum",399.99,0.7418365,"Zalman GigaMax 600W 80+ Bronze Power Supply, High ",54.99,0.73752475
B09WNFMH4Z,Ranked Pudding PBT Keycaps | 112 Double Shot Translucent ANSI US & ISO Layout | OEM Profile for RGB ,Ranked,Computers,14.99,21.570576459384778,6.580576459384778,6.580576459384778,43.89977624672967,15,0.79094505,"PBT keycap, 104-key Customization, 60% Backlight w",17.99,0.83458674,"HZGAMER PBT Keycaps, 60 87 104 Key Double Shot PBT",19.99,0.83275545,"Pink Keycaps for Gaming Keyboard, Round Keycaps fo",13.99,0.8205
B09HM5Y55P,"Laptop Case Sleeve 13-14 inch, Protective Computer Cover Sleeve Tablet Briefcase Carrying Bag Compat",Hsmienk,Computers,16.99,17.95406438875163,0.9640643887516305,0.9640643887516305,5.67430481902078,15,0.8555304,"14-15 Inch Laptop Sleeve Case for Acer Swift 3 14,",11.99,0.9049814,14-15 Inch Laptop Sleeve Briefcase Men Women Bag w,18.89,0.89295423,"14 Inch Laptop Sleeve Case with Handle for HP 14"" ",16.99,0.8705507
B00M4GJTSC,4GB KIT (2 x 2GB) for Acer Aspire 5516 5517 5520 5530 5530G 5532 5534 5535 5536 5538 5538G 5541 5710,A-Tech,Computers,54.92,36.25559557161119,-18.664404428388814,18.664404428388814,33.98471308883615,15,0.8208994,A-Tech 2GB STICK For Acer Aspire Series Timeline 4,29.27,0.88924813,"2GB Memory Upgrade for Acer Aspire One D250-1042, ",9.99,0.84631634,A-Tech 8GB RAM for ACER Aspire ES1-711 | DDR3 1600,39.2,0.8414011
B07GZMMYHT,iCarez Anti-Glare Matte Screen Protector for Apple iPad Air 4/5 Gen (10.9-inch 2022/2020) iPad Pro 1,ICarez,Computers,7.95,15.09846112878593,7.14846112878593,7.14846112878593,89.91775004762175,15,0.76737106,Drfilm Like Paper Screen Protector for iPad Pro 11,9.9,0.8230832,for iPad Pro 11 (2018) Screen Protector Tempered G,10.99,0.7926732,YXL iPad Air 4 Screen Protector 10.9 Inch 2020 Ant,9.99,0.78455263
B00S89EP3I,Corsair CMFSL3X1-256GB Flash Voyager Slider X1 256GB USB 3.0 Flash Drive,Corsair,Computers,49.99,30.82410310297881,-19.16589689702119,19.16589689702119,38.33946168637966,15,0.67228615,Corsair CMFVYGT3C-512GB Flash Voyager USB 3.0 512G,104.99,0.8247536,V7 VF24GAR3PK3N 3 Pack Combo 4GB Flash Drive USB 2,11.44,0.7017584,TOPESEL 10 Pack 32GB USB 3.0 Flash Drives Memory S,41.59,0.691
B00ZJSCQF0,"CPU-Cooler Thermal Grizzly Minus Pad 8-120 Ã— 20 Ã— 0,5 mm, 2 Stück",Thermal Grizzly,Computers,11.55,15.613744953206124,4.063744953206124,4.063744953206124,35.1839389887976,15,0.67409915,"Thermopad Thermal Grizzly Minus Pad 8 - Silicone, ",12.95,0.9017756,Thermal Grizzly Kryonaut The High Performance Ther,8.98,0.7422278,"Thermal Grizzly Conductonaut - Aluminum, Thermal P",13.69,0.72986495
B09RTPK2B1,ICY DOCK ExpressCage MB324 Series Drive Tray | ExpressTray MB324TP-B,ICY DOCK,Computers,15.8,92.71783479747339,76.91783479747339,76.91783479747339,486.82173922451506,15,0.69732887,ICY DOCK 1x 2.5 SAS/SATA HDD/SSD Mobile Rack for E,37.96,0.8467866,"2.4TB 10K SAS 3.5"" HDD for Dell PowerEdge Servers ",249.99,0.74025553,ICY DOCK Tool-Less Triple 3X 2.5 to 3.5 HDD Drive ,11.95,0.7291698
B00A82OC5Y,HP 650 Laptop Screen 15.6 LED BOTTOM LEFT WXGA HD,HP,Computers,54.87,59.43825746608904,4.568257466089044,4.568257466089044,8.325601359739464,15,0.84100574,HP PAVILION DV6-2151CL US Laptop Screen 15.6 LED B,65.33,0.89342284,HP Pavilion G6-1D26Dx Laptop Screen 15.6 LED Botto,65.33,0.89192194,HP 15-D074NR Laptop Screen 15.6 LED BOTTOM LEFT WX,65.33,0.8811004
B07414D73B,Cherry Kailh Gateron Green Clear White Switches Shaft Testing Tool Switch Tester 6 Plate Color and O,NPKC,Computers,25.0,20.381930386503207,-4.618069613496793,4.618069613496793,18.472278453987172,15,0.6168692,"AKWOX 9-Key Cherry MX Switch Tester, Keycap Puller",19.99,0.66502386,E-Element Keycaps Doubleshot Keycaps with Keycap R,8.99,0.66398925,Gateron MX Switch Keyboard Dedicated Shaft Body Of,35.6,0.64057493
B09Z8V5V2L,Razer Kiyo Pro Full HD 1080p 60FP Webcam + Seiren V2 Pro Professional-Grade USB Microphone: Streamin,Razer,Computers,244.98,97.01423939165082,-147.96576060834917,147.96576060834917,60.39911854369711,15,0.6815348,Razer Kiyo Streaming Webcam: Full HD 1080p 30 FPS ,51.97,0.79951406,"ULTIMA TEC Live Streaming HD 1080P Webcam, Integra",12.99,0.75376564,Webcam with Microphone - QY 1080p Full HD USB Came,24.99,0.7501546
B0B1Q5D2ZN,"Samsung Galaxy Tab S7 5G 11-inch Case 2020 [with Tempered Glass Screen Protector], [Kids proof] BASE",BASE MALL,Computers,29.99,22.884213304612178,-7.10578669538782,7.10578669538782,23.69385360249357,15,0.8309156,"BRAECN Galaxy Tab S8/S7 Case 2022/2020, Heavy Duty",27.59,0.8900609,Poetic Explorer for Samsung Galaxy Tab S7 (2020) /,28.95,0.8451779,Timecity Samsung Galaxy Tab A7 10.4 Case 2020/2022,27.99,0.8416858
B06XT95S39,"mCover Case Compatible for 2015~2017 13.3"" Dell XPS 13 9343 9350 9360 non-2-in-1 Laptop Computers ON",mCover,Computers,19.99,23.082421820621715,3.092421820621716,3.092421820621716,15.469844025121143,15,0.8170767,"mCover Case Compatible for 2021-2022 15.6"" Dell In",23.99,0.89063543,"mCover Case Compatible for 2019-2021 14"" Dell Insp",17.99,0.8821002,"mCover Case Compatible for 2021-2022 15.6"" Dell In",23.99,0.8570463
B00PC6AMAU,"Dell Latitude 13 7000 7350 Ultrabook/Tablet - 13.3"" - In-plane Switching (IPS) Technology - Wireless",Dell,Computers,329.0,592.2762028178694,263.2762028178694,263.2762028178694,80.02316195072018,15,0.8472828,"Dell 2022 Newest Inspiron 15 3000 3511 15.6"" FHD T",689.0,0.87469566,Dell Touchscreen 2-in-1 Inspiron 5000 Backlit Keyb,749.0,0.87011933,"Dell 2022 Newest Inspiron 3511 Primium Laptop, 15.",996.99,0.86784065
B0BNFG254D,NZXT H7 Elite - CM-H71EB-01 - ATX Mid Tower PC Gaming Case - Front I/O USB Type-C Port - Quick-Relea,NZXT,Computers,206.09,93.88100405790105,-112.20899594209895,112.20899594209895,54.446599030568656,15,0.7051763,NZXT H510i - CA-H510i-BR - Compact ATX Mid-Tower P,93.99,0.82880217,NZXT H200i - Mini-ITX PC Gaming Case - RGB Lightin,119.99,0.8166666,Zalman Z3 Iceberg Premium ATX Mid Tower Gaming Com,64.99,0.71563256
B0BC36SSYS,"MINISFORUM UM350 Windows 11 Mini PC 16GB DDR4 RAM 512GB SSD AMD Ryzen 5 3550H Desktop Computer, 4K@6",MINISFORUM,Computers,289.9,533.719053209784,243.819053209784,243.819053209784,84.1045371541166,15,0.6866271,MINISFORUM EliteMini HX90 Mini PC AMD Ryzen 9 5900,679.9,0.77876043,DMAF5 Mini PC AMD Ryzen 5 3550H Windows 10 Pro Min,599.99,0.7369979,"AWOW Mini PC Windows 10, 8GB RAM 128GB Storage Min",129.99,0.7122474
B0895GDJ1H,Laptop Replacement Keyboard Fit Lenovo IdeaPad S145-15IWL S145-15AST S145-15API US Layout No Backlig,YUHUAI,Computers,17.0,24.62884464404882,7.628844644048819,7.628844644048819,44.875556729698935,15,0.7430576,Original New for Lenovo Ideapad 100-15IBD US Keybo,19.91,0.8202523,New US Black English Backlit Laptop Keyboard (With,26.99,0.80010515,Zahara Laptop US Keyboard with Backlit Replacement,23.88,0.7894397
B003B57GIA,BYTECC 3 ft. SVGA w/3.5mm Stereo male to male Cable Model SVST-3,Unknown,Computers,9.95,20.78838182516586,10.838381825165861,10.838381825165861,108.92846055443077,15,0.58085686,25FT SVGA Super VGA M/M Male to Male PREMIUM Monit,16.99,0.7509987,15ft USB Ver 2.0 up to 480Mbp Type A Male A Female,9.07,0.6432861,"My Cable Mart VGA 15 Pin Gender Changer, Male/Male",5.35,0.59731674
B00745IE1Q,Logitech M187 Mouse - Wireless - Black - Radio Frequency - USB,Logitech,Computers,11.99,35.44111748635521,23.45111748635521,23.45111748635521,195.5889698611777,15,0.6824507,"Logitech Wireless Mini Mouse M187 & 14"" Sleeve Bun",19.99,0.88349175,Logitech M305 Wireless Mouse - Pink,44.99,0.7561647,Logitech Wireless Anywhere Mouse MX for PC and Mac,79.95,0.7293277
B0C447ZT7H,"Seagate Backup Plus Ultra Touch HDD 1TB External Hard Drive – White USB-C USB 3.0, 1 year Mylio Crea",Seagate,Computers,75.98,105.2208821688224,29.240882168822395,29.240882168822395,38.48497258334087,15,0.6800982,"Seagate One Touch, Portable External Hard Drive, 4",149.0,0.87153304,Seagate 1Tb One Touch HDD 2.5E Blue,66.45,0.72674644,(OLD MODEL) Seagate Central 3TB Personal Cloud Sto,164.63,0.69067335
B00SKI0O5U,"1/4 inch Stereo Audio Patch Cable, 1/4 Male to Male Nickel Plated Connectors, 24AWG, 6 feet, Black, ",CableWholesale,Computers,9.57,11.985296965436868,2.415296965436868,2.415296965436868,25.238212804982947,15,0.6117084,"CableWholesale Cat5e Ethernet Cable, 24AWG, RJ45 G",11.33,0.64483976,CableWholesale RG59U Coaxial BNC to RCA Video Cabl,9.22,0.6422739,3.5mm Stereo Coupler/Gender Changer - Jack 3.5mm F,5.99,0.62553346
B00T3O896Q,"Lenovo ThinkPad W541 20Ef 15.6"" Notebook, 8 GB RAM, 500 GB HDD, NVIDIA Quadro K1100M / Intel HD Grap",Lenovo,Computers,729.0,464.68309546515553,-264.31690453484447,264.31690453484447,36.25746289915562,15,0.72167856,Lenovo ThinkPad T470s Intel i5-6300U 2.40Ghz 8GB R,174.77,0.75329185,Lenovo Thinkpad X270 Laptop Intel Core i5 2.40 GHz,154.0,0.73812205,Lenovo ThinkPad X240 12.5-Inch Laptop (20AL008YUS),425.0,0.7340181
B09PVFDHJM,GOLF SUPAGS Stylish Laptop Backpack for Women Water Resistant Slim Computer Bags Fits 14 Inch Notebo,GOLF SUPAGS,Computers,36.99,34.93891478812254,-2.0510852118774636,2.0510852118774636,5.544972186746319,15,0.8052063,HSU Concepts Laptop Backpack for Men & Women (Blac,19.99,0.8381871,"VSNOON Laptop Backpack Women, 15.6 Inch laptop bag",29.99,0.8274815,LOVEVOOK Laptop Backpack Women 15.6 Inch Travel Ba,29.98,0.8129465
B07VG9VPTK,"Dell Inspiron 13.3"" FHD Intel Quad i5-8250U 3.4GHz 8GB 256GB SSD Backlit Key Webcam Windows 10 - Sil",Dell,Computers,429.0,463.030048244435,34.03004824443502,34.03004824443502,7.932412178189982,15,0.77965695,"Dell Inspiron 15 5593, i5593-5964SLV-PUS, 10th Gen",779.0,0.8097534,"Dell 2021 Newest Inspiron 15 3000 Laptop, 15.6-inc",569.0,0.8007692,"Dell Inspiron 15.6"" HD Laptop, Intel 4205U Process",429.99,0.79760116
B00480XHXK,parts-quick 8GB 2X 4GB PC2-6400 DDR2 800MHz SODIMM Compatible Memory RAM for Dell Latitude ATG D630 ,parts-quick,Computers,179.97,36.809463380164104,-143.1605366198359,143.1605366198359,79.54688927034277,15,0.7968981,CMS 16GB (2X8GB) DDR3 12800 1600MHz Non ECC SODIMM,32.99,0.84181947,parts-quick 8GB Memory for Dell Latitude E6440 DDR,86.99,0.8177364,CMS 2GB (1X2GB) DDR2 6400 800MHZ Non ECC SODIMM Me,11.0,0.809625
B07KPG6GXM,"2018 DELL Desktop Computer Package,Core 2 Duo 3.0GHz,8GB,320GB,Windows 10-Multi Language Support-Eng",Dell,Computers,189.69,310.17689892260023,120.48689892260023,120.48689892260023,63.51779161927368,15,0.806563,Dell Optiplex 7010 Business Desktop Computer (Inte,104.99,0.8395669,DELL Optiplex 790 High Performance Desktop Compute,92.89,0.8230786,DELL OPTIPLEX 7020 Slim Business Desktop Computer ,144.0,0.8228766
B08N739JLR,FD 12TB External Hard Drive - USB 3.2 Gen 1 - 5Gbps & eSATA & FireWire - GForce 3 Aluminum - Black -,Fantom Drives,Computers,424.85,65.0439437254559,-359.8060562745441,359.8060562745441,84.69013917254186,15,0.74417496,FD 2TB 7200RPM External Hard Drive - USB 3.2 Gen 1,99.26,0.9559809,"Fantom Drives 10TB External Hard Drive - GFORCE 3,",264.95,0.90073466,FD 1TB 7200RPM External Hard Drive - USB 3.2 Gen 1,86.12,0.8923063
B097Z8YC49,SaiDian 1Pcs HD44780 40x2 4002 LCM Character LCD Display Module 5V White on a Blue Background,SaiDian,Computers,10.99,82.73633310782783,71.74633310782784,71.74633310782784,652.8328763223643,15,0.61695397,AITRIP 3 Set IIC/I2C/TWI LCD 1602 16x2 Serial Inte,12.99,0.6959167,"VSDISPLAY 7"" 7 Inch 1280X800 IPS LCD Screen N070IC",69.99,0.65142435,"Wendry 7 Inch Monitor,1080P HDMI Computer Monitor,",47.31,0.64901865
B094C4TDMV,EBKK 65W AC Adapter Charger for Acer LCD Monitor S202HL R240HY SB220Q S230HL S231HL G226HQL G276HL G,EBKK,Computers,14.99,30.570300294659877,15.580300294659876,15.580300294659876,103.93796060480238,15,0.7564314,AC Adapter for Acer PA-1650-80 A11-065N1A A13-045N,12.84,0.7910152,230W 200W Genuine Charger for Asus ROG Strix G15 R,67.99,0.7776345,New 280W 20V 14A AC Charger Compatible with ASUS R,99.99,0.7756128
B00CAZFPJE,Lenovo AC Adapter 45W for 0B47036 0B47037 0B47040 - (PA-1450-12),Lenovo,Computers,9.99,27.47588737782321,17.48588737782321,17.48588737782321,175.03390768591802,15,0.7293301,"Lenovo 45 W USB-C AC Adapter, Black, for Thinkpad ",48.29,0.7823787,Original IBM & Lenovo 20v 3.25A 65w Replacement AC,26.5,0.7470442,Lenovo ThinkPad Basic Dock 90W US/Canada/Mexico (4,38.13,0.7436495
B089T7Q9B5,OLOy DDR4 RAM 8GB (1x8GB) 2666 MHz CL19 1.2V 288-Pin Desktop Gaming UDIMM (MD4U082619BBSA),OLOy,Computers,19.99,56.71962329512856,36.72962329512856,36.72962329512856,183.73998646887725,15,0.78739625,OLOy DDR4 RAM 16GB (2x8GB) 3200 MHz CL16 1.35V 288,38.99,0.95205986,OLOy DDR4 RAM 16GB (1x16GB) 3000 MHz CL16 (MD4U163,34.99,0.9259942,OLOy DDR4 RAM 16GB (2x8GB) Titanium Owl 3200 MHz C,36.99,0.91462296
B09JGRL27B,NEMIX RAM 16GB (2X8GB) SODIMM Memory Upgrade Kit DDR4 2400MHz PC4-19200 Compatible with Apple iMac 2,NEMIX RAM,Computers,35.99,77.20998485518852,41.21998485518852,41.21998485518852,114.53177231227707,15,0.7316395,A-Tech 16GB (2x8GB) RAM for Apple iMac Late 2015 2,39.88,0.797459,Timetec 64GB KIT(4x16GB) Compatible for Apple DDR4,128.99,0.7967402,parts-quick 16GB 2 X 8GB Compatible Memory for iMa,174.99,0.7819133
B07BMHDJCM,Vibrator Motor for Apple iPhone 6S Plus with Glue Card,Unknown,Computers,6.99,46.92114257599293,39.93114257599293,39.93114257599293,571.2609810585541,15,0.38914877,Camera (Front) for LG V20 with Tool Kit,17.99,0.44099075,TXesign Adhesive Wall Phone Holder Mount for Smart,10.88,0.40129703,MightySkins Skin Compatible with Lifeproof iPhone ,6.99,0.3980217
B09MJ2V6H2,"KingBlanc Case for iPad Pro 11 4th/3rd/2nd Generation 2022/2021/2020 Model, Convenient Magnetic Atta",KingBlanc,Computers,30.99,20.94211331965982,-10.047886680340177,10.047886680340177,32.42299670971339,15,0.8102968,Fingic iPad Pro 11 Inch Case 2022/2021 / 2020/2018,19.99,0.83151954,Uliking iPad 10.2 inch (iPad 7th Gen) 2019/ iPad A,17.89,0.8306068,DTTO Case for iPad Pro 11 Inch 4th/3rd/2nd/1st Gen,21.99,0.8280574
B00HF5GMXC,Adesso WKB-1500GB/Tru-Form Media 1500 - Wireless Ergonomic Keyboard & Laser Mouse,Adesso,Computers,71.99,43.058648357355274,-28.93135164264472,28.93135164264472,40.1880145056879,15,0.5840979,Adesso WKB-1500GB 2.4GHz Wireless Ergo Keyboard an,85.08,0.88848245,Logitech Wireless Touch Keyboard K400 with Built-I,21.95,0.6040813,weixingu 2.4G Wireless Mouse 3D Car Shape Wireless,8.99,0.58384967
B07QF27GMC,"JacobsParts (5-Pack) Molex to SATA Power Cable Splitter Adapter Extension, 8"" 20cm 18AWG",JacobsParts,Computers,7.99,11.72415327913629,3.73415327913629,3.73415327913629,46.735335158151315,15,0.6120061,SATA to Molex AYECEHI SATA Power Cable [5-Pack] 4 ,7.99,0.769257,"6 inch Internal SATA-II 15-Pin Power Splitter, 12V",18.12,0.72339594,"chenyang CY SATA Power Cable,SATA II Hard Disk 15P",6.99,0.70929325
B09JWRTHS9,ADLX65YDC2A 65W USB C Laptop Charger for Lenovo ThinkPad T470S T480 T480s T580 T580s E480 E580 GX20M,ROAYEWEY,Computers,18.99,22.749618822558112,3.7596188225581137,3.7596188225581137,19.797887427899493,15,0.786079,Charger for Lenovo Laptop Computer 65W 45W USB C P,19.32,0.90664226,45W USB C Charger Replacement for Lenovo ThinkPad ,14.99,0.8359862,"USB C Laptop Charger, 65W KSW KINGDO USB C Charger",25.99,0.8271954
B08438SFMK,"Moshi iGlaze Hardshell Case for MacBook Air 13"" 2020-2018 (Thunderbolt 3/USB-C), MacBook Cover, Scra",Moshi,Computers,51.96,25.566483479078308,-26.393516520921693,26.393516520921693,50.795836260434356,15,0.7144534,Laptop Case for MacBook Air 13 inch 2021 2020 2019,18.99,0.73137605,Mektron for MacBook Air 13 inch Case 2021 2020 201,30.88,0.72916627,Kuzy Compatible with MacBook Air 13 inch Case 2017,25.99,0.7261796
B07MF8KX5M,"Apricorn 2TB Aegis Fortress L3 - FIPS Validated, SSD USB 3.0 Hardware Encrypted Portable Drive",Apricorn,Computers,712.14,172.4969788790556,-539.6430211209444,539.6430211209444,75.77765904470249,15,0.65050906,Apricorn 2TB Aegis Fortress L3- FIPS Level 3 Valid,293.99,0.97807246,"Apricorn 1TB Aegis Padlock SSD 256-Bit, FIPS 140-2",428.57,0.84119093,Apricorn Aegis Desktop 6 TB FIPS 140-2 Validated 2,473.42,0.837204
B086W63MTG,KEYESTUDIO TDS Meter Probe Water Quality Monitoring V1 Sensor Module with XH2.54-3Pin Jumper Wire Co,Unknown,Computers,12.99,47.62879254637616,34.63879254637616,34.63879254637616,266.65737141167176,15,0.33914253,ViewSonic TD2210 22 Inch 1080p Single Point Resist,221.99,0.4175812,Yosoo CCTV BNC Camera Composite S-Video to VGA Con,20.36,0.38666093,Sense HAT (B) for Raspberry Pi 4B/3B+/3B/2B/B+/A+/,29.99,0.34900296
B078N435PD,"eDragon USB 2.0 A Male to A Female Extension 28/24AWG Cable (Gold Plated), White, 15 Feet",eDragon,Computers,8.4,12.809059589051287,4.409059589051287,4.409059589051287,52.488804631562935,15,0.7042169,Tripp Lite USB 2.0 Hi-Speed Extension Cable (A M/F,10.56,0.8143143,InstallerParts 3 ft USB 2.0 High Speed Extension C,5.55,0.7454908,CablesOnline 5-Pack 6 inch USB 2.0 A-Type Male to ,9.89,0.73679
B091MMSXDK,"HP Chromebook x360 14C-CA0030CA 14"" Touch 8GB 128GB, Mineral Silver (Renewed)",HP,Computers,431.0,247.6882314896719,-183.3117685103281,183.3117685103281,42.53173283302276,15,0.8120505,"HP Chromebook 14A-NA0051CL, Intel Pentium N5030, 4",110.0,0.8502812,"HP Chromebook - 14-ca030nr - 14in Screen, Celeron ",289.0,0.83875495,"HP Chromebook 14 Laptop, Intel Celeron N4120, 4 GB",214.0,0.8276153
B09P664R9L,"Laptop Bag 15.6 Inch,Durable Slim Briefcase Handle Bag & with Two Extra Pockets,Notebook Computer Pr",Naukay,Computers,17.99,16.35579214341487,-1.6342078565851281,1.6342078565851281,9.08397919169054,15,0.8298177,14 15 15.4 15.6 Inch Laptop Handle Bag Computer Pr,16.96,0.8657695,Laptop Sleeve Carrying Case Cover 13 in Briefcase ,14.99,0.862699,14 15 15.4 15.6 inch Laptop Handle Bag Computer Pr,15.85,0.8423991
B0BM6ZMXD1,"Monoprice Cat6 Ethernet Bulk Cable - Network Internet Cord - Solid, 550Mhz, UTP, CMP, Plenum, Pure B",Monoprice,Computers,341.68,122.67860908956644,-219.00139091043357,219.00139091043357,64.09546678483773,15,0.78840077,Monoprice 113303 ZerobootCat6 Ethernet Patch Cable,15.99,0.8692142,Cables Direct Online Black 30ft Cat6 Ethernet Netw,8.95,0.8039067,"fast Cat. Cat6 Ethernet Cable 1000ft - 23 AWG, CMR",189.5,0.8024993
B010565CWO,"The Decal Guru Boston City Skyline Decal Vinyl Sticker, 12"" MacBook, Black (2329-MAC-12M-BLA)",The Decal Guru,Computers,14.37,11.900907274639984,-2.4690927253600155,2.4690927253600155,17.182273662908944,15,0.8694576,The Decal Guru World Map MacBook Decal Vinyl Stick,16.18,0.9406526,The Decal Guru 2047-MAC-13A-W Leopard Spots Decal ,16.23,0.9361033,"The Decal Guru Apple Tree Decal Vinyl Sticker, 15""",13.92,0.9307264
B00F3ZN536,Netgear WNR2500-100NAS IEEE 802.11n 450 Mbps Wireless Router,NETGEAR,Computers,49.97,135.15171630668505,85.18171630668505,85.18171630668505,170.46571204059447,15,0.69483167,NETGEAR Wireless Router - AC 1200 Dual Band Gigabi,191.02,0.77317035,Netgear WNR2000 N300 Wireless Router - Manufacture,34.99,0.77265126,NETGEAR WiFi Router (R6120) - AC1200 Dual Band Wir,44.97,0.7246238
B09G6GN33P,Honeycase (1+1 PACK) Anti Blue Light Screen Protector for 13.3In Samsung Galaxy Book Pro/Pro 360/ Io,Honeycase,Computers,15.99,15.309721262519666,-0.6802787374803341,0.6802787374803341,4.254401109945804,15,0.7198583,"15.6"" Laptop Anti Blue Light Anti Glare Screen Pro",8.99,0.7650692,15.6 Inch Laptop Anti Blue Light Blocking Screen P,25.88,0.761925,17.3” Laptop Anti Blue Light Anti Glare Screen Pro,13.99,0.747864
B07WSVWDP3,"Fintie 12 Inch Wireless Bluetooth Keyboard - [7 Color Backlit] Ultra-Slim Portable for iPad Pro, iPa",Fintie,Computers,29.99,40.915450214481766,10.925450214481767,10.925450214481767,36.43031081854541,15,0.7925933,"OMOTON iPad Keyboard, Wireless Bluetooth Backlit K",15.99,0.8501627,Mini Bluetooth Keyboard Wireless Keyboard - Ultra-,39.99,0.8254374,Logitech SLIM FOLIO PRO Backlit Bluetooth Keyboard,96.9,0.8232904
B07BJ1LL64,"AC Adapter Charger for Dell Inspiron 11 3000 Series (3179), (3180). by Galaxy Bang USA",Galaxy Bang,Computers,16.99,17.79314413762937,0.8031441376293706,0.8031441376293706,4.7271579613264905,15,0.78629965,NEW Galaxy Bang Ac Adapter Charger replacement for,17.99,0.8168951,NEW Galaxy Bang Ac Adapter Charger replacement for,17.99,0.8139231,NEW Galaxy Bang Ac Adapter Charger replacement for,16.99,0.79736745
B073ZMW3RB,"HP ProDesk G1 Small Form Desktop Computer Tower PC (Intel Core i3-4130, 8GB RAM, 500GB HDD, WiFi, Ke",HP,Computers,442.65,221.31160123037304,-221.33839876962693,221.33839876962693,50.0030269444543,15,0.80055934,"HP EliteBook 840 G2 14-inch Laptop, Core i7-5600U ",204.98,0.85374177,"HP Compaq Elite 8300-SFF, Intel Core i5-3470 3.2GH",206.07,0.8524581,"HP EliteBook 820 G4 12"" FHD Touchscreen Laptop, In",217.79,0.830502
B07FSD11QQ,"Tinysaturn iPad 9.7 Inch 2018/2017 / iPad Air 2 / iPad Air Case, Ultra Slim Lightweight Smart Cover ",Tinysaturn,Computers,16.99,14.038789349706269,-2.9512106502937296,2.9512106502937296,17.370280460822425,15,0.8227428,"Aoub Case for iPad 2/3/4 (Old Model), Ultra Slim L",13.99,0.8639436,"TiMOVO Case for New iPad Air 5th/4th Generation, i",5.99,0.8377854,"iPad 6th/5th Generation (iPad 9.7"" 2018 2017) /iPa",19.99,0.83282673
B095597MY7,LINKUP - 50cm PSU PC Power Extension Cable Metallic Sleeved Silicone Coated Soft & Flexible to Route,LINKUP,Computers,47.96,58.814466258695305,10.854466258695304,10.854466258695304,22.63233164865576,15,0.68271905,SIRLYR Arc PSU Extension Cable Kit Custom Sleeved ,29.99,0.78442293,Red Sleeved Cables PSU Extension Cable Kit with 30,24.99,0.77705586,CORSAIR Premium Individually Sleeved PSU Cables Pr,99.9,0.74784017
B07BQ1QGHR,HRH Fashionable Flamingos H14 Design PC Hard Cover for MacBook New Pro 13 Case M1 A2338 with Touch b,HRH,Computers,15.99,20.61506264333187,4.625062643331871,4.625062643331871,28.924719470493255,15,0.77293456,HRH Lovely 3D Elephant Laptop Body Shell Protectiv,17.59,0.7986759,Mektron 2016/2017/2018/2019 for MacBook Pro 13 inc,25.99,0.79407555,Batianda for MacBook Pro 14 Inch Case 2023 2021 Re,27.8,0.7908737
B09CJB9WXX,"HP 2021 Newest Laptop Computer, 15.6"" FHD 1080p Display, AMD Dual-Core Ryzen 3 3250U (Beat i3-10110U",HP,Computers,539.0,620.4538140618318,81.45381406183185,81.45381406183185,15.11202487232502,15,0.8668582,"HP 2023 15.6 HD Laptop for Business and Student, A",509.99,0.9085629,"HP 2021 Newest Laptop, 15.6"" FHD Display, AMD Ryze",499.0,0.88823575,"HP 2021 15 Laptop, AMD Ryzen 5 5500U(Beat i7-1065G",670.0,0.8849729
B07FFN5PSB,ASUS B85M-E/CSM DDR3 1600 LGA 1150 Motherboard,ASUS,Computers,99.99,247.6096814289626,147.61968142896262,147.61968142896262,147.63444487344998,15,0.7315265,Asus Z87-A DDR3 1600 LGA 1150 Motherboard,179.99,0.88257676,Asus U46E Intel Motherboard 60-N5MMB1000-D04,47.49,0.7350016,MSI X99A Raider Motherboard Socket LGA2011-3 Intel,498.86,0.7321153
B08SGFFFFM,65W 19.5V 3.34A AC Adapter Charger for Dell inspiron N5110 N5010 N7010 N4010 15 3520 3521 3531 3541 ,Uziyockn,Computers,19.99,27.254427256836422,7.264427256836424,7.264427256836424,36.34030643740082,15,0.8347615,65W Type-C Charger Laptop Power Cord for Dell XPS ,21.99,0.8955289,LA65NS2-01 PA-12 Docking Station AC Adapter Charge,12.55,0.8486531,DA130PE1 00 Charger Adapter 130W for Dell Inspiron,18.91,0.8467847
B09FT1MRB1,"Lenovo 2022 Newest Ideapad 3 14"" FHD Laptop, Intel Core i7-1165G7, 12GB RAM, 512GB SSD, Intel Iris X",Lenovo,Computers,539.99,495.3959470533721,-44.594052946627926,44.594052946627926,8.258310884762295,15,0.81602556,"Lenovo IdeaPad 3i Laptop for Business & Student, 1",329.99,0.85204315,"Lenovo IdeaPad 3 Laptop, 15.6"" FHD Touchscreen, In",565.9,0.84141064,"Lenovo [Windows 11 Pro] 2022 IdeaPad 3 14"" FHD Bus",579.0,0.8375169
B07KWKFJ87,UR Impressions X-Wing Stay On Target Decal Vinyl Sticker Graphics for Cars Trucks SUV Vans Walls Win,UR Impressions,Computers,7.99,7.638148445818652,-0.35185155418134784,0.35185155418134784,4.403648988502476,15,0.747235,UR Impressions Hawaiian Islands Sea Turtle Decal V,6.95,0.8381438,North Carolina Home State Vinyl Decal Sticker | Ca,7.95,0.7946342,Family of Butterflies Vinyl Decal Sticker | Cars T,7.95,0.79100716
B0188V400S,"Sedna - Shock-Proof 3.5"" Hard Disk to 5.25"" DVD ROM Bay Mounting Adapter",Sedna,Computers,13.4,44.34311101853329,30.943111018533294,30.943111018533294,230.9187389442783,15,0.6100579,uxcell Laptop Computer Shockproof Phillips Flat He,9.99,0.6696623,"SSD Mounting Bracket, NC XQIN SSD Bracket 2.5 to 3",5.99,0.6335009,BYTECC Drive Bay Bracket - Use a Floppy / Card Rea,7.94,0.6333524
B09PGV8GR4,"SCREENARAMA New Screen Replacement for Acer Nitro N20C1, FHD 1920x1080, 144Hz, IPS, Matte, LCD LED D",Unknown,Computers,76.28,60.96034701299496,-15.319652987005043,15.319652987005043,20.08344649581154,15,0.8105744,SCREENARAMA New Screen Replacement for NT140FHM-N4,53.58,0.8646524,SCREENARAMA New Screen Replacement for HP Pavilion,72.45,0.831637,SCREENARAMA New Screen Replacement for Lenovo Legi,55.86,0.8300155
B00BSZU0NI,Dictaphone Nuance PowerMic II Speech Recognition Hand Microphone with Cradle,Nuance,Computers,314.99,156.05710727795267,-158.93289272204734,158.93289272204734,50.45648837170936,15,0.5117164,"Nuance PowerMic III Microphone for Dragon, Coiled ",329.99,0.874231,"Voice Changer,Portable Mini Voice Changer Device,V",17.16,0.54047865,seeed studio ReSpeaker USB Mic Array for Voice Pic,82.99,0.5343238
B08LQ61T3N,"GamCap FPS & MOBA Custom Gaming Keycap,Keycaps Set(WASD Keys) Include Key Puller,Durable Stainless S",GamCap,Computers,23.99,22.650162261984825,-1.3398377380151736,1.3398377380151736,5.584984318529278,15,0.716662,Qupei Metal Keycaps OEM(12 Keys) FPS/MOBA for 60%/,20.99,0.7901927,"Pink Keycaps for Gaming Keyboard, Round Keycaps fo",13.99,0.73524547,E-Element Keycaps Doubleshot Keycaps with Keycap R,8.99,0.7326723
B07BQGYQ82,PartsCollection CPU Fan for HP Pavilion 500-424,PartsCollection,Computers,22.99,24.86699087192994,1.8769908719299409,1.8769908719299409,8.16437960822071,15,0.6924929,HP dv6000 AMD CPU Fan + Heat Sink 451860-001,19.99,0.7793795,Rangale CPU Cooling Fan for HP ProBook 650 G4 650 ,14.39,0.72107893,New CPU Cooling Fan For HP Pavilion DV4T DV4-4000 ,79.15,0.7172781
B08X6BCPGD,Intel® Core™ i5-11500 Desktop Processor 6 Cores up to 4.6 GHz LGA1200 (Intel® 500 Series & Select 40,Intel,Computers,234.99,220.94384628334677,-14.046153716653237,14.046153716653237,5.977341042875542,15,0.7099886,Intel® Core™ i9-11900KF Desktop Processor 8 Cores ,403.3,0.83032894,Intel Core i9-9900K Desktop Processor 8 Cores up t,358.5,0.7471427,Intel Pentium Gold G5420 Desktop Processor 2 Core ,59.9,0.74342036
B07NVB2PX3,Laptop Replacement Keyboard Fit Acer Aspire ZG5 ZG8 ZA8 D150 D210 D250 EM250 KAV10 KAV60 US Layout (,YUHUAI,Computers,12.0,30.177211197554072,18.177211197554072,18.177211197554072,151.47675997961727,15,0.6963025,Laptop Replacement Keyboard Fit HP Pavilion 15-BS0,42.0,0.7575922,New English Laptop Replacement Keyboard for Samsun,12.0,0.71739274,Laptop Replacement LCD Top Back and Screen Hinges ,60.0,0.7143742
B001CS6EEK,Two 4GB SD Secure Digital Memory Cards BigVALUEInc Accessory Saver Bundle + USB SD Card Reader for C,BVI,Computers,14.08,14.302766671783074,0.22276667178307363,0.22276667178307363,1.582149657550239,15,0.67633045,Vivitar DVR 508HD Camcorder Memory Card 16GB Secur,11.15,0.7372176,Minolta DiMage Z6 Digital Camera Memory Card 2GB S,11.49,0.7139788,2GB Sandisk MicroSD Memory Card,14.99,0.7019039
B00EENYR9O,PNY Ncredibles 32 Gb High Speed Flash Drive (USB 2.0),Ncredibles,Computers,16.75,14.57884721551438,-2.1711527844856207,2.1711527844856207,12.962106176033556,15,0.6894651,"PNY Retract USB 2.0 Flash Drive, 32GB, Gray, Blue,",5.88,0.7388425,"PNY USB 2.0 Flash Drives, 16GB, Assorted Colors, P",19.99,0.720812,"PNY USB 3.0 Flash Drive, 64GB, Assorted Colors, P-",14.89,0.7030815
B09TSGMC4B,"Western Digital 120GB WD Green Internal PC SSD Solid State Drive - SATA III 6 Gb/s, 2.5""/7mm, Up to ",Western Digital,Computers,54.9,78.87308234643355,23.97308234643355,23.97308234643355,43.666816660170404,15,0.77194375,Western Digital 1TB WD Green Internal PC SSD Solid,87.99,0.9801731,Western Digital 500GB WD Blue SA510 SATA Internal ,36.99,0.82832164,"WD Green 2 TB Mobile Hard Drive: 2.5 Inch, SATA II",148.68,0.79080576
B09NY4QK17,"EXMRAT Compatible with Xiaomi Mi Band 5 Charger, Xiaomi Mi Band 5 6 7, Amazfit Band 5, USB Magnetic ",EXMRAT,Computers,6.95,9.525833095214685,2.5758330952146844,2.5758330952146844,37.062346693736465,15,0.6040098,Type-C USB Data/Charger Cable for Xiaomi Mi 11 Lit,8.99,0.6446564,Ancable 2-Pack Charger Cable Compatible with Garmi,8.99,0.63906187,Phone Charger Lightning Cable and Micro USB to USB,6.95,0.6285117
B08P2ZWKF4,"Cat 7 Ethernet Cable 50 ft Blue, SNANSHI Cat7 Flat Ethernet Patch Cables - Internet Cable Shielded R",SNANSHI,Computers,19.99,18.223366455807994,-1.766633544192004,1.766633544192004,8.83758651421713,15,0.8405667,Cat 7 Ethernet Cable 20 ft - SNANSHI Nylon Braided,10.99,0.97925013,"CAT 7 Ethernet Cable 30Ft,CAT7 Ethernet Ultra Flat",11.99,0.8484936,Monoprice Cat7 Ethernet Patch Cable - 1 Feet - Blu,20.46,0.84307516
B07L45L4K1,"SanDisk 400GB Ultra microSDXC UHS-I Memory Card 100MB/s, C10, U1, Full HD Works with Nintendo Switch",SanDisk,Computers,45.83,41.65774037686346,-4.17225962313654,4.17225962313654,9.103773997679555,15,0.81121564,2 Pack - SanDisk Ultra 128GB Micro SD SDXC Memory ,29.47,0.86620563,SanDisk 32GB Ultra SD Memory Card (10 Pack) SDHC U,72.48,0.8418596,SanDisk Ultra SDSQUNS-016G-GN3MN 16GB 80MB/s UHS-I,7.36,0.8268725
B08HM116XL,VAPKER 50PCS 6#-32x6 M3.5 PC Computer Case Thumbscrews Thumb Screws Silver Zinc for Hard Drive Compu,VAPKER,Computers,7.99,66.40077089498314,58.41077089498314,58.41077089498314,731.0484467457213,15,0.62472147,"Powlankou 20 Pieces 6#-32 Computer Case Screws, An",11.99,0.71633,Mini Computer Case Portable ITX HTPC Mother Board ,153.99,0.67087144,uxcell Laptop Computer Shockproof Phillips Flat He,9.99,0.6626319
B00DLC9TVU,CMS 2GB (1X2GB) DDR2 5300 667MHZ Non ECC SODIMM Memory Ram Upgrade Compatible with Acer® Aspire One ,Computer Memory Solutions,Computers,11.0,15.280409535488234,4.280409535488234,4.280409535488234,38.912813958983946,15,0.8942335,CMS 2GB (1X2GB) DDR2 5300 667MHZ Non ECC SODIMM Me,11.0,0.9128667,CMS 2GB (1X2GB) DDR2 5300 667MHZ Non ECC SODIMM Me,11.0,0.90983355,CMS 2GB (1X2GB) DDR2 5300 667MHZ Non ECC SODIMM Me,11.0,0.908546
B0C6JXQCF5,"SGIN Laptop 15.6 Inch, 4GB DDR4 128GB SSD Windows 11 Laptops with Intel Celeron Quad Core J4105(up t",SGIN,Computers,259.98,400.6921175553832,140.7121175553832,140.7121175553832,54.12420861427155,15,0.7549656,"SGIN Laptop 12GB RAM 512GB SSD, 15.6 Inch Windows ",359.99,0.89774203,"Bmax Laptop 15.6"", 12GB DDR4 RAM 512GB SSD, Intel ",348.99,0.78102475,"WAICID Laptop 15.6 Inch, 512GB SSD 12GB DDR4, Inte",359.98,0.77653944
B00M6NEIXE,C4Labs Zebra Case Kit for The Arduino Uno (not Included) - Black Ice,C4Labs,Computers,15.99,21.37099149987876,5.380991499878759,5.380991499878759,33.6522295176908,15,0.5344824,Clear Acrylic Protective Case with Port Access for,5.99,0.69720685,AOKILOM Case Compatible with MacBook Air 13 inch w,18.99,0.5463343,"Zebra Case - Raspberry Pi 3 B+, Pi 2, Pi B+ and 2B",19.99,0.53890514
B08QJDT81K,"Shields Up Designed for iPad Air 5th Generation Case 2022, iPad Air 4th Generation Case 2020, iPad A",Shields Up,Computers,13.99,17.020915456567938,3.0309154565679375,3.0309154565679375,21.66487102621828,15,0.8434284,Hepix Case for iPad Air 5th Generation 2022 iPad A,14.99,0.87683535,iPad Air 3 Case iPad 10.5 2019 Case Shockproof Imp,19.99,0.8585882,TiMOVO Case for New iPad Air 5th/4th Generation 10,16.99,0.85119164
B09P61F45R,"Replacement TPM2.0 Encryption Security Module, 20-1 Pin 2 * 10P TPM GA 20-1 Pin Remote Card Compatib",Generic,Computers,18.98,116.77024313174422,97.79024313174422,97.79024313174422,515.2278352568189,15,0.48380917,TEAMGROUP MP34 4TB with DRAM SLC Cache 3D NAND TLC,189.99,0.52363664,4AllDeals 2GB RAM Memory Upgrade for The IBM Lenov,31.0,0.5180296,CMS 16GB (2X8GB) DDR3 10600 1333MHZ Non ECC SODIMM,32.99,0.5094253
B09NL6L3MG,"HP Newest Notebook Laptop, 17.3’’ Full HD Display, AMD Ryzen 5 5500U Hexa-Core Processor, 16GB RAM, ",HP,Computers,719.0,708.8331939050013,-10.16680609499872,10.16680609499872,1.414020319193146,15,0.8697193,"HP Pavilion Gaming Laptop, 15.6"" Full HD 144Hz Scr",899.99,0.90576726,"HP 2022 Newest 15 Laptop, 15.6"" Full HD Display, A",559.99,0.8993655,"HP 2021 Newest Laptop, 15.6"" FHD Display, AMD Ryze",499.0,0.8911609
B08QVTMN9C,"Wireless Keyboard and Mouse for iPad (iPadOS 13 and Above), SPARIN Bluetooth Keyboard and Mouse Comp",SPARIN,Computers,27.98,40.84087768066629,12.860877680666288,12.860877680666288,45.96453781510467,15,0.6600573,MicroPack iPad Pro 12.9 Case with Keyboard - (6th ,44.98,0.70679,NSANJAO Bluetooth Keyboard for ipad pro 12.9 (Slid,29.99,0.6972418,CHESONA Magnetic Detachable iPad Pro 12.9-inch (6t,89.99,0.68396103
B08HN55Q7S,BRIGHTFOCAL New Screen Replacement for HP 15.6 Touch Screen 15-EF0023DX 9YF67UA OnCell Touch + Digit,Unknown,Computers,53.21,60.614558858170085,7.404558858170084,7.404558858170084,13.91572798002271,15,0.85752714,BRIGHTFOCAL New Screen Replacement for HP 15-AY011,54.35,0.90548444,BRIGHTFOCAL New Screen Replacement for HP 15-AY039,47.8,0.8976262,BRIGHTFOCAL New Screen Replacement for HP 15-BW011,47.8,0.8899504
B00GGOGBO8,"AudioQuest Cinnamon 1.5m Micro-USB Cable, USB A Micro-USB B Male/Male USB Cable - Black (1.5m, USB A",AudioQuest,Computers,76.2,69.126573065402,-7.073426934598004,7.073426934598004,9.282712512595804,15,0.51817805,CableCreation Right Angle Micro USB 2.0 Braided Ca,7.98,0.56303734,CablesOnline 5-Pack 6 inch USB 2.0 A-Type Male to ,9.89,0.5456787,"CableCreation USB to Micro USB Cable 4 FT, Braided",8.99,0.5305582
B0BY6TTXWP,SABRENT USB Type C CFast 2.0 Card Reader [CR-CF20],SABRENT,Computers,34.99,31.246662475705964,-3.743337524294038,3.743337524294038,10.698306728476815,15,0.67556036,"USB C to CF SD Micro SD Card Reader, 3-Slot Memory",13.97,0.7044368,"ZAHEMES USB C SD Card Reader, Micro SD Card Reader",12.99,0.69167554,"GOLDFOX USB-C SD Card Reader, 3-in-1 SD TF/Micro S",8.99,0.6899488
B00FMHIS8M,Delta AFB1212SHE-PWM 120mm x 38mm 4pin PWM+Tac Sensor Extreme Hi-speed 3700 RPM 151 CFM Case Fan - N,PartsCollection,Computers,25.99,45.546005216938674,19.556005216938676,19.556005216938676,75.24434481315382,15,0.6222812,PartsCollection Super Performance Delta 80x80x38mm,23.5,0.8117852,Delta AFB0912HH 4-wire PWM Fan,26.99,0.75833076,PartsCollection Delta Ultra Strong 12CM DC12V Cool,29.99,0.6918861
B0BPX3122J,"LOVEVOOK Laptop Backpack for Women, 15.6 Inch Work Business Backpacks Purse with USB Port, Large Cap",LOVEVOOK,Computers,32.98,39.67799451556331,6.697994515563316,6.697994515563316,20.309261720931826,15,0.8950287,"LOVEVOOK Laptop Backpack Purse for Women, Work Bus",39.98,0.9324435,"LOVEVOOK Laptop Backpack for Women, Water Resistan",39.99,0.9314345,LOVEVOOK Laptop Backpack Women 15.6 Inch Travel Ba,29.98,0.90692616
B083443B81,"FOSTO Cat7 Ethernet Cable 100 ft,cat 7 Patch Cable Flat RJ45 High Speed 10 Gigabit LAN Internet Netw",FOSTO,Computers,21.99,17.682839650427166,-4.307160349572833,4.307160349572833,19.58690472747991,15,0.8377413,Cat7 Ethernet Cable - 20 ft - RJ45 Connector - Cat,12.89,0.8848491,Cat 7 Ethernet Cable 3 ft 6 Pack (Highest Speed Ca,15.99,0.86993027,SHD Flat Cat7 Ethernet Cable(2 Pack) Network Patch,8.39,0.865435
B004RQCED4,"ViziFlex Keyboard Cover Compatible With HPSK2875,SK2885, KB0316 - Part 638E104- Keyboard not include",Viziflex seels,Computers,19.95,16.782764532823993,-3.167235467176006,3.167235467176006,15.875867003388503,15,0.71470386,"ViziFlex Keyboard Cover Compatible With HPSK2875,S",19.95,1.0,Viziflex Keyboard Cover Compatible with Dell Latit,19.95,0.8120137,HP Elitebook 6930p Laptop Keyboard Cover,19.95,0.8083217
B0012TLZNE,Sandisk Memory Stick Duo Adapter,SanDisk,Computers,7.99,24.138376962210504,16.148376962210506,16.148376962210506,202.1073462103943,15,0.6075589,SanDisk SDDR-107-A10M MobileMate MS+ USB 2.0 Mobil,7.99,0.69221807,Sony - Sony Memory Stick Duo Adaptor MSAC-M2,5.99,0.6380336,HuaDaWei High Speed 32GB Memory Stick PRO Duo Flas,26.9,0.6140925
B09Y554W5T,"Mini USB Cable 12Ft, Tan QY Mini USB Cable USB 2.0 Type A to Mini B Cable Male Cord for GoPro Hero 3",Tan QY,Computers,7.59,11.812710995726123,4.222710995726123,4.222710995726123,55.6351909845339,15,0.650622,Wpeng Qaoquda (2-Pack) Mini USB Male to 3.5mm Fema,8.98,0.71727765,TNP USB Extension Cable (15 Feet) - Type A Male to,6.95,0.6744039,"USB 3.0 Extension Cable 20Ft, TanGuYu USB 3.0 Exte",11.98,0.6585462
B016NDIMNE,BoxWave Screen Protector for Garmin Montana 680 (Screen Protector by BoxWave) - ClearTouch Crystal (,BoxWave Corporation,Computers,12.95,11.286779664816246,-1.6632203351837536,1.6632203351837536,12.843400271689218,15,0.6365744,BoxWave Screen Protector for Garmin Nuvi 2589 (Scr,17.95,0.71556926,Screen Protector for Amazon Fire HD 10 (5th Gen 20,5.95,0.70326704,BoxWave Screen Protector Compatible with Garmin Dr,14.95,0.69810617
B08FZD862B,"OZADE Keyboard Case for iPad 9th Generation 2021/8th Gen/7th Gen 10.2 inch, Detachable with Pencil H",OZADE,Computers,29.99,35.861650909409484,5.871650909409485,5.871650909409485,19.578695930008287,15,0.86904407,Keyboard Case for iPad 9th 8th 7th Generation 10.2,23.99,0.89883137,"iPad Keyboard Case for 10.2"" 9th/8th/7th Generatio",35.99,0.89161384,Touchpad Keyboard Case for iPad 10.2 2021 9th Gene,32.99,0.88714725
B0074OVYVE,"Enermax ETS-T40-TB CPU Cooler with T.B.Silence PWM Twister Bearing Cooling Fan, Chrome",Enermax,Computers,59.99,44.226168701450725,-15.763831298549277,15.763831298549277,26.277431736204832,15,0.6041864,Zalman CNPS8900-Quiet Low Profile CPU Cooler w/Ult,14.99,0.6559684,"be quiet! Silent Wings 3 140mm, BL065, Cooling Fan",35.49,0.61758554,Cooler Master MasterLiquid ML280 Mirror Close-Loop,105.07,0.61539257
B08BCKCBWT,"ikbc CD87 V2 Ergonomic Mechanical Keyboard with Cherry MX Red Switch for Windows and Mac, Tenkeyless",Ikbc,Computers,76.99,32.39945094745282,-44.590549052547175,44.590549052547175,57.91732569495672,15,0.7079535,ikbc W200 Wireless Mechanical Keyboard with Cherry,85.99,0.8477059,"dagaladoo XVX 189 Keys Double Shot Keycaps, PBT Cu",25.99,0.72890365,"Heywood 127 PBT Two-Color Injection Keyset, OEM Pr",43.99,0.72298396
B07YYZ2M7L,"GUDOU Keyboard Smart Case for iPad 7th/8th/9th Generation 10.2 inch 2019/2020/2021,Detachable iPad K",GUDOU,Computers,29.99,35.92959061143747,5.93959061143747,5.93959061143747,19.80523711716396,15,0.7746947,"GUDOU iPad Pro 11inch Keyboard Case 2021/2020,Fram",25.86,0.8310659,DUNNO Keyboard Case for iPad 9th Gen(2021)/ 8th Ge,37.99,0.78860146,Keyboard Case for iPad 9th Generation 2021/8th Gen,32.99,0.7832689
B07Y46NHFX,iodd Mini USB 3.0 256-bit Secure encrypted SSD Drive (256GB),iodd,Computers,133.0,73.43390847820308,-59.56609152179692,59.56609152179692,44.78653497879468,15,0.6046037,Aiibe 64GB Flash Drive 3.0 3 Pack 64GB Thumb Drive,14.99,0.6187724,"Yoidesu Hard Drive Enclosure, 2.5in 6TB HDD/SDD Po",13.44,0.61625266,Aiibe High Speed 10 Pack 16GB Flash Drive 3.0 USB ,38.99,0.614999
B07CQW42TN,Your Cable Store 100 Foot DB9 9 Pin Serial Port Cable Female/Female RS232,Your Cable Store,Computers,25.97,44.466054168134754,18.496054168134755,18.496054168134755,71.22084777872452,15,0.57519263,YCS basics 1 Foot DB9 9 Pin Serial / RS232 Male/Fe,6.97,0.6939584,Your Cable Store 15 Foot Black USB 2.0 High Speed ,6.97,0.6652252,PL2303TA USB RS232 to DB9 Cross Wired Rollover Nul,14.9,0.65537477
B07WCHP8JH,BRIGHTFOCAL New Screen Replacement for Lenovo G70-35 80Q5 HD+ 1600x900 LCD LED Display Panel,Unknown,Computers,95.8,64.77100645287753,-31.028993547122468,31.028993547122468,32.3893460825913,15,0.8266529,BRIGHTFOCAL New Screen Replacement for Lenovo Idea,47.8,0.9238615,BRIGHTFOCAL New Screen Replacement for Lenovo Idea,28.85,0.8960241,BRIGHTFOCAL New Screen Replacement for Lenovo Idea,47.8,0.8694732
B002OVVJJY,HQRP Replacement AC Adapter/Charger Compatible with Sony HandyCam HDR-HC1 HDRHC1 CCD-TRV37 CCD-TRV37,HQRP,Computers,8.91,11.551593223585856,2.641593223585856,2.641593223585856,29.647510926889513,15,0.6268949,HQRP AC Power Adapter Compatible with Sony HandyCa,8.91,0.919892,HQRP AC Adapter Power Cord fits Philips Norelco HQ,5.95,0.7158413,HQRP AC Adapter Compatible with Eton GRUNDIG FR360,12.95,0.7094942
B07HCLKNG2,RW RoutersWholesale 2.4GHz / 5GHz Dual-Band (RP-TNC) Antenna Compatible/Replacement for Cisco AIRONE,RW RoutersWholesale,Computers,39.99,25.462942372157297,-14.527057627842705,14.527057627842705,36.32672575104452,15,0.5775236,RW RoutersWholesale 2.4GHz / 5GHz Dual-Band (RP-TN,9.99,0.9871813,Cisco AIRONET Dipole Antenna - Gray (AIR-ANT2524DG,15.95,0.6754085,8dBi 2.4G/5G Dual Band 5.8MHz Wireless WiFi Router,7.99,0.59380555
B0BK8PC2YV,"New Mobile Pixels Duex Plus Portable Monitor, 13.3"" Full HD 1080P IPS Dual Laptop Monitor, USB C/USB",Duex,Computers,299.99,277.314218009793,-22.675781990206985,22.675781990206985,7.558845958267605,15,0.6901192,"New Mobile Pixels 2023 Duex Max Portable Monitor, ",279.99,0.8577909,"New Mobile Pixels Duex Max 14.1"" Portable Monitor,",329.99,0.8553037,SideTrak Solo Triple Portable Monitor for Laptop |,539.99,0.7031178
B08B4JY95V,"Freenove RFID Starter Kit V2.0 with Board V4 (Compatible with Arduino IDE), 267-Page Detailed Tutori",FREENOVE,Computers,39.95,59.7473958160624,19.797395816062398,19.797395816062398,49.555433832446546,15,0.49143016,OSOYOO RFID Starter Kit Basic Learning DIY forArdu,22.0,0.607472,Rii i8 Mini 2.4GHz Wireless Touchpad Keyboard with,35.5,0.55334765,UCTRONICS Ultimate Starter Kit for Arduino with In,68.99,0.5284183
B01B71EWSQ,CMS 16GB (2X8GB) DDR3 12800 1600MHz Non ECC SODIMM Memory Ram Upgrade Compatible with Lenovo® Ideapa,Unknown,Computers,32.99,22.207256215710906,-10.782743784289096,10.782743784289096,32.68488567532311,15,0.8982281,CMS 16GB (2X8GB) DDR3 12800 1600MHz Non ECC SODIMM,32.99,0.9489543,CMS 16GB (2X8GB) DDR3 10600 1333MHZ Non ECC SODIMM,32.99,0.9323112,CMS 4GB (1X4GB) DDR3 12800 1600MHz Non ECC SODIMM ,16.0,0.91561776
B00CXFJPJC,HP Chromebook 14-c050 (Sparkling Black),HP,Computers,79.99,220.07840206114676,140.08840206114678,140.08840206114678,175.13239412569922,15,0.7304374,"Acer Chromebook, 11.6-Inch, CB3-111-C670 (Intel Ce",159.95,0.75213915,"HP Stream 14-inch Laptop, Intel Celeron N4000 Proc",299.99,0.74852747,"HP Chromebook 14 Laptop, Intel Celeron N4120, 4 GB",214.0,0.7408327
B07J4CSPBY,Anti Blue Light Screen Protector (3 Pack) for 14 Inches Laptop. Filter Out Blue Light and Relieve Co,EZ-Pro Screen Protector,Computers,17.99,28.624340507394418,10.63434050739442,10.63434050739442,59.1125097687294,15,0.7734001,Anti Blue Light Screen Protector (3 Pack) for 14 I,17.99,1.0,Anti Blue Light Screen Filter for 19 Inches Widesc,38.99,0.8467477,Anti Blue Light Screen Protector for 48 Inches TV.,65.99,0.825335
B08R9T1WPZ,"65W 45W USB C Charger, HP Chromebook Charger Type C, for Lenovo Laptop Charger USB C, for Lenovo Thi",Ftenlyen,Computers,17.99,17.764982630052007,-0.2250173699479916,0.2250173699479916,1.250791383813183,15,0.8300546,Chromebook Charger for HP Chromebook Type C USB-C ,15.97,0.8946452,45W Type C Charger for HP Chromebook X360 14 G5 11,15.99,0.87114656,45W Type C USB C Laptop Charger Replacement for HP,12.98,0.87066776
B099P18Z5X,Goldshell Mini Dode DogeCoin LTC Miner Scrypt Algorithm Miner,Goldshell,Computers,859.0,104.53167346333969,-754.4683265366604,754.4683265366604,87.83100425339468,15,0.41670594,"Antminer L3+ ~504MH/s, 800W Asic Miner Litecoin LT",499.0,0.5023825,Supermicro Certified MEM-DR416L-CL07-ER26 Micron M,31.0,0.43499672,MBD- Truckee UL8E w/VT6315N-CE,198.02,0.42725307
B09B7C6XMN,"KEYESTUDIO Proto Screw Shield for Arduino R3, Prototype Expansion Board for U&O",KEYESTUDIO,Computers,8.5,54.36341988961451,45.86341988961451,45.86341988961451,539.5696457601707,15,0.48957253,Raspberry Pi 3 Prototyping Board Proto Breadboard ,7.99,0.5200799,Didamx 120Pcs 2.54MM 6Pin 8Pin 10Pin 10MM Long Nee,15.98,0.511607,Logickeyboard Designed for Avid Pro Tools 2018 Com,154.9,0.5091994
B08T239MLY,ACEIRMC 5pcs GY-273 QMC5883L 3-Axis Compass Magnetometer Sensor Board Module IIC/I2C for Arduino 3-5,Unknown,Computers,13.99,38.81839700626945,24.828397006269448,24.828397006269448,177.4724589440275,15,0.42904657,Sense HAT (B) for Raspberry Pi 4B/3B+/3B/2B/B+/A+/,29.99,0.5577502,Wishiot DS3231 Real Time Clock Module High Precisi,18.99,0.44337612,"5 Pack RC522 Sensor kit, Aideepen RC522 Sensor Mod",11.99,0.442657
B098YKQ5KV,ePartSolution LCD Display Touch Screen Digitizer Assembly Replacement Compatible with Amazon Fire HD,EPartSolution,Computers,69.95,42.347275581858476,-27.602724418141527,27.602724418141527,39.460649632797036,15,0.59349054,Original Glass for Amazon Kindle Fire HD 8 /HD 8 P,23.99,0.65604043,EUTOPING R New Touch Screen Panel digitizer Replac,15.25,0.6112317,Black Touch Screen Digitizer Repair Kit for iPad 9,16.99,0.6092506
B0BJLBWTT1,"MoKo iPad 10th Generation Case 2022, Slim Stand Hard PC Translucent Back Shell Smart Cover Case for ",MoKo,Computers,15.95,14.925407630416696,-1.0245923695833028,1.0245923695833028,6.423776611807542,15,0.85075444,"MoKo Case for New iPad 10th Generation Case 2022, ",11.95,0.93187344,MoKo Case Fit iPad Air 5th/4th Generation 10.9 Inc,15.99,0.88328993,MoKo iPad 10.2 Case for iPad 9th Generation 2021/ ,13.99,0.86633956
B0051QPAW6,"Intel DG41KR Intel G41 Socket 775 Micro-ATX Motherboard w/HDMI, Video, Audio & Gigabit LAN",Intel,Computers,89.99,291.50673965011975,201.51673965011975,201.51673965011975,223.93236987456356,15,0.6979516,"Genuine Intel BLKDX38BT, DX38BT Extreme Series ATX",168.68,0.7212254,GIGABYTE Z690 Gaming X (LGA 1700/ Intel Z690/ ATX/,158.87,0.7072936,GIGABYTE GA-Z270MX-Gaming 5 LGA1151 Intel Z270 2-W,598.68,0.7062645
B074WH52BG,Wacom ACK42206 Intuos Pro USB Cable,Wacom,Computers,19.34,60.14327775591403,40.803277755914024,40.803277755914024,210.97868539769405,15,0.47543678,Wacom PTH660P Intuos Pro Paper Edition Digital Gra,329.95,0.51827914,Officejet Pro 9025 Printer Cable to Computer Cord ,7.79,0.5168328,USB Cable 25 ft Gold-Plated USB 2.0 Cable - A-Male,11.99,0.4963916
B08QGFP7QZ,HP 2021 Chromebook 14 Inch FHD 1080P Laptop| Intel Celeron N4000 up to 2.6 GHz| 4GB Memory| 64GB eMM,HP,Computers,329.0,301.06474774099917,-27.935252259000833,27.935252259000833,8.490958133434903,15,0.8739254,HP 2021 Chromebook 14 Inch Touchscreen 2-in-1 Lapt,491.0,0.9585075,HP 2021 Chromebook 14 Inch Touchscreen 2-in-1 Lapt,479.0,0.95562047,"HP 2020 Newest Steam 11.6 Inch Laptop, Intel Celer",224.0,0.9249774
B01ELHY1SY,FreeBiz Laptop Bag Convertible Backpack Business Briefcase Messenger Bag Water Resistant Travel Ruck,FreeBiz,Computers,49.99,48.66030922605811,-1.3296907739418913,1.3296907739418913,2.6599135305899004,15,0.8015107,DOMISO 17.3 inch Laptop Bag Business Briefcase Wat,35.99,0.8677913,17 17.3 17.4 inch Laptop Sleeve Black Water-Resist,15.99,0.8171622,"Taygeer 17 inch Laptop Bag, Laptop Briefcase Busin",35.99,0.8113374
B0BP24G99D,"2 Pack 64GB USB Flash Drives High Speed USB 2.0 Thumb Drive Jump Drive Data Storage Memory Stick, Bl",MAKACTUA,Computers,9.99,17.357178159300474,7.367178159300474,7.367178159300474,73.74552712012486,15,0.76051575,USB Flash Drive 8GB 3 Pack USB USB 2.0 Thumb Drive,8.99,0.7940061,RAOYI 10 Pack 2G 2GB USB Flash Drive USB 2.0 Memor,25.99,0.79145974,SamData USB Flash Drives 32GB 5 Pack USB 2.0 Thumb,17.99,0.7780893
B079MNQZ27,"Generic LCD Display Replacement FITS - Dell Inspiron 5570 Touch Screen + Digitizer 15.6"" FHD 1080P L",Unknown,Computers,132.0,79.39000157211555,-52.60999842788445,52.60999842788445,39.856059415063974,15,0.84297216,New Generic LCD Display FITS - Dell Inspiron 15 35,67.66,0.9043059,Generic LCD Display Replacement FITS - HP Laptop 1,67.66,0.87346464,Generic LCD Display Replacement FITS - HP Pavilion,119.68,0.8686056
B09GBCQM6V,"MOSISO Laptop Screen Protector Anti Glare,3 Pack Anti Fingerprint Matte Filter Film Compatible with ",MOSISO,Computers,9.99,18.501387685423477,8.511387685423477,8.511387685423477,85.19907593016494,15,0.7531749,2 Pack Anti Blue Light Anti Glare Screen Protector,9.99,0.86781514,F FORITO Tempered Glass Screen Protector Compatibl,15.69,0.7986147,"YEAHTU MacBook Pro 13 inch Screen Protector, Ultra",9.99,0.7712833
B0C3D1BVKV,"Dell Vostro 3888 Business Tower Desktop Computer,Intel Hexa-Core i5-10400 up to 4.3GHz(Beats i7-7700",Dell,Computers,979.0,734.4571470337651,-244.54285296623493,244.54285296623493,24.9788409567145,15,0.8164503,"Dell Inspiron Desktop Computer, Intel Hexa-Core i5",849.0,0.8684635,"Dell Inspiron 3910 Desktop, 12th Gen Intel Core i5",769.0,0.8630199,"Newest Dell Inspiron 3511 Premium Laptop, 15.6"" FH",487.21,0.84398746
B00NJF1IC2,USB 3.0 to Gigabit Ethernet Network Adapter with SuperSpeed 3.0 to 10/100/1000 Mbps Base Ethernet LA,IO CREST,Computers,20.83,31.574901456637285,10.744901456637287,10.744901456637287,51.58378039672245,15,0.63287276,IO Crest USB 3.1 Gigabit Ethernet LAN Adapter - SY,11.98,0.7733824,Microsoft Surface USB 3.0 to Gigabit Ethernet Adap,25.91,0.6743579,Cable Matters Plug & Play USB C to Ethernet Adapte,15.99,0.6646023
B07FMQJYFY,LGM 65W AC Adapter Replacement for HP N193 V85 R33030 Laptop Battery Charger Power Supply Cord,LGM,Computers,9.99,15.148838337201973,5.158838337201972,5.158838337201972,51.640023395415135,15,0.6796669,LGM AC DC Adapter Replacement for HP Pavilion DV13,12.88,0.91040605,Usmart AC Adapter Laptop Charger for HP Envy 17t-n,9.99,0.73876727,Ac Adapter Laptop Charger for HP Pavilion 15-N229N,10.99,0.72865033
B008NF6THM,LSI Logic MegaRAID SAS 9271-8i Kit Storage Controller LSI00331,LSI Logic,Computers,170.0,186.12296399303864,16.12296399303864,16.12296399303864,9.484096466493316,15,0.7126901,Genuine OEM LSI Dual SFF-8088 8 Port Mini SAS PCIe,43.55,0.79621136,HighPoint RocketRAID 840A PCIe 3.0 x8 6Gb/s SATA R,371.48,0.74496746,Intel RAID Storage Controller RS3WC080,325.0,0.7296728
B07RBMV8YM,MaxDigitalData MDD (MD1000GSA6472) 1TB 64MB Cache 7200RPM SATA 6.0Gb/s 3.5in Internal Desktop Hard D,MaxDigitalData,Computers,29.99,73.39364769147026,43.40364769147027,43.40364769147027,144.72706799423233,15,0.7700788,MDD (MDD6TSATA25672DVR) 6TB 7200RPM 64MB Cache SAT,53.88,0.84611857,MaxDigitalData (MD14000GSA25672) 14TB 7200RPM SATA,119.99,0.81978893,MaxDigitalData 4TB 64MB Cache 7200PM SATA 6.0Gb/s ,36.99,0.7959701
B09F8HVG1R,"HP Newest 17.3"" HD+ Touchscreen Business Office Laptop, AMD Ryzen 5 5500U(Beats i7-1065G7), 16GB DDR",HP,Computers,736.99,618.9389784991705,-118.0510215008295,118.0510215008295,16.01799502039777,15,0.8449478,"2022 HP High Performance Business Laptop - 17.3"" H",849.0,0.8855028,"HP 15.6"" Full HD Touch-Screen Laptop, AMD Ryzen 7 ",485.0,0.867088,HP Laptop 15 Business Laptop Computer 15.6” Diagon,739.0,0.8562126
B0069UQ522,"Dock Connector To VGA Adapter For Apple iPhone, iPad, iPod Touch (4th generation)",Sincerely Ltd,Computers,8.98,195.6793604782015,186.6993604782015,186.6993604782015,2079.0574663496827,15,0.5227443,Insignia - Mini DisplayPort-to-VGA Adapter,32.99,0.5933927,"Apple iPad Mini 4, 64GB with Retina Display, Wi-Fi",246.0,0.5791535,"Apple iPad Pro (128 GB, Wi-Fi + Cellular, Space Gr",449.0,0.577427
B0C27MGT13,"Galaxy Tab A8 Keyboard Case 10.5 Inch 2022,Long Battery Life & Rechargeable - Bluetooth Detachable K",FARYODI,Computers,19.99,20.90794488434301,0.9179448843430116,0.9179448843430116,4.592020431931024,15,0.81264126,Keyboard Case for Samsung Galaxy Tab A8 10.5 Inche,29.99,0.8599149,Case for Samsung Galaxy Tab A 8.0 SM-T290/T295 (20,20.99,0.82654196,Fintie Hybrid Slim Case for Samsung Galaxy Tab A8 ,17.99,0.8245019
B09R1QDB6Y,"Gshine Case for iPad Air 3rd Gen 10.5”2019 / iPad Pro 10.5 Case, Full-Body Premium Leather Rugged Sh",Gshine,Computers,20.99,19.02064469445964,-1.9693553055403576,1.9693553055403576,9.382350193141296,15,0.84164596,"Soke iPad Air 3 Case 2019 with Pencil Holder, Prem",22.99,0.8828849,ProCase iPad Air 5 2022 / Air 4 2020 Case 10.9 [Su,21.99,0.8781667,"Aoub Case for iPad Air 3rd Generation / Pro 10.5, ",15.99,0.86489284
B009L7DNK2,Dell R755K Original Dell 2TB 7.2K SAS 3.5 drives w/tray,Dell,Computers,102.99,80.28464948849948,-22.705350511500512,22.705350511500512,22.04617002767309,15,0.6938906,"Dell - 4TB 7.2K 6Gb/s 3.5"" SAS HD -Mfg # 0202V7 (C",58.0,0.80655813,"Dell WF12F 1tb 7.2k 2.5"" Sata 6gbps Hard Drive Mod",44.99,0.7474346,"2pcs Pack 2.5"" inch G176J G281D KG7NR Hard Drive T",14.99,0.73512375
B01GX7JO4G,"PcProfessional Screen Protector (Set of 2) for Lenovo Flex 4 14"" Touch Screen Laptop High Clarity An",PcProfessional,Computers,14.99,14.566323895849147,-0.42367610415085366,0.42367610415085366,2.8263916220870824,15,0.85231197,PcProfessional Screen Protector (Set of 2) for Len,14.99,0.93104744,PcProfessional Screen Protector (Set of 2) for Len,14.99,0.92338336,PcProfessional Screen Protector (Set of 2) for Ali,14.99,0.91291815
B01AYCU61Q,Mightyskins Skin Compatible with Hp Chromebook 14 (2015) Case Wrap Cover Sticker Skins Pink Butterfl,MIGHTY SKINS,Computers,19.5,17.445222953594822,-2.054777046405178,2.054777046405178,10.53731818669322,15,0.77866304,Mightyskins Skin Compatible with Hp Chromebook 11.,19.73,0.8754217,"Mightyskins Skin Compatible with Hp Chromebook 14""",7.59,0.8594826,Mightyskins Skin Compatible with Asus Chromebook 1,14.49,0.84078336
B097XQ67H8,4Pcs for Nano V3.0 ATmega328P Nano Board CH340 5V 16M Micro Microcontroller Board with PIN Headers P,Unknown,Computers,20.99,25.03450372806157,4.044503728061571,4.044503728061571,19.268717141789285,15,0.45121473,DWEII 2 PCS Nano Board V3.0 ATmega328P with 2Pcs C,13.99,0.6671821,Adafruit ItsyBitsy 32u4-5V 16MHz,13.0,0.49411076,Anmbest 5PCS 4 Chanels High Speed Bi-Directional 3,8.49,0.4762199
B01CE17NIY,Generic Ethernet Double Female Adapter RJ45 Keystone CAT6 Connector Passthrough Cable Coupler Intern,Generic,Computers,14.99,14.77626845820691,-0.21373154179308962,0.21373154179308962,1.4258274969518987,15,0.75182337,Cat5e Ethernet RJ-45 Keystone Jack Cat5 Punch-Down,11.9,0.7994246,"RJ45 Coupler, Ethernet Extension, PLUSPOE Network ",6.99,0.79470384,"Y.D.F RJ45 Coupler, Network Coupler, Ethernet Conn",10.49,0.79021245
B075CHV8XD,Keyboard Cover for HP 15.6 15-dw 15-dy 15-ef 15-db/da 15-bs/bw 15t 15z 15t-dw400 15-dy2024nr dy2073d,CaseBuy,Computers,6.78,15.891387473284915,9.111387473284914,9.111387473284914,134.38624591865656,15,0.75389653,Keyboard Cover for HP Envy x360 15.6''Series /2020,8.99,0.8842221,"Keyboard Cover for HP Envy x360 15.6""/ HP Pavilion",6.59,0.8540922,Keyboard Cover for 15.6 HP Laptop 15-dw 15-dy 15-e,6.35,0.8539324
B094PTKL4P,"Vultic [Rotating] Case for iPad Mini 5 (2019) / Mini 4 (2015), 360 Degree Stand [Auto Sleep/Wake] Fo",Vultic,Computers,11.95,15.25646039548952,3.3064603954895215,3.3064603954895215,27.66912464844788,15,0.80354756,"JYtrend Case for iPad Mini 5 (2019 Release), Rotat",16.99,0.8310622,iPad Mini 1/2/3 Case - 360 Degree Rotating Stand S,7.99,0.8280375,Newraturner Rotating Case for iPad 9th Generation ,10.99,0.825495
B08S5M6CTQ,Dell Latitude 7480 Business-Class Laptop | 14.0 inch FHD Touch Display | Intel Core 7thGEneration i7,Dell,Computers,410.87,291.9571454065325,-118.9128545934675,118.9128545934675,28.94172234367744,15,0.8407257,Dell Latitude E7450 Ultrabook 14 Inch FHD Touchscr,333.83,0.9180495,"Elite 8300 Business Desktop, Intel Core i5 (3rd Ge",211.92,0.88590455,"Dell Precision 7510 15.6in Laptop, Core i7-6820HQ ",318.88,0.8799822
B09T89R4WT,"Samsung Micro EVO Plus 64GB SDXC Memory Card with Adapter Works with Samsung A22 5G, A13 5G, A52s 5G",Everything But Stromboli,Computers,13.28,24.121714692344796,10.841714692344796,10.841714692344796,81.63941786404214,15,0.82838,Samsung 128GB EVO Plus Class 10 Micro SDXC Works w,17.57,0.9461922,Samsung 64GB MicroSDXC EVO Plus Memory Card Works ,12.08,0.94598126,Samsung 128GB EVO Plus Micro SDXC Memory Card for ,16.9,0.9118067
B00L8DTY6E,SuperMicro X7DVL-E LGA 771 Socket J Motherboard Main Board,Supermicro,Computers,299.44,134.78244349107263,-164.65755650892737,164.65755650892737,54.98849736472328,15,0.72131294,Intel BOXDH77EB DH77EB LGA1155 UATX PCIE16 DDR3-16,168.86,0.7742891,Intel BOXDZ77GA70K -LGA 1155 Intel Z77 SATA 6Gb/s ,248.68,0.7666975,ASRock Fatal1ty Z87 Killer LGA 1150 Motherboard,248.86,0.76448476
B0B15CWFS2,Samsers Multi-Device Foldable Bluetooth Keyboard with Numeric Keypad Rechargeable Wireless Keyboard ,Samsers,Computers,35.99,44.77686820785129,8.786868207851285,8.786868207851285,24.414749118786563,15,0.68844146,"seenda Foldable Bluetooth Keyboard for Travel, Tri",37.99,0.7316208,"Foldable Bluetooth Keyboard, Rock&Rown Pocket Size",27.99,0.72139066,obVus Solutions - minder Foldable Keyboard Bluetoo,49.99,0.70273197
B01B1G2QBC,Amazon Basics RJ45 Cat7 Network Ethernet Patch Cable - 7 Feet,Amazon Basics,Computers,10.48,20.822144523064377,10.342144523064377,10.342144523064377,98.68458514374406,15,0.7710294,Amazon Basics Cat 7 Gigabit Ethernet Patch Interne,10.46,0.85592425,"Cat 7 Ethernet Cable 12 ft - with a Flat, Space-Sa",19.99,0.8089013,Cat 7 Ethernet Cable 12 ft - High-Speed Internet &,58.99,0.79890156
B09JDFBGW4,"Dell Latitude E5470 FHD Touchscreen Intel Core i5-6440HQ, 8GB Ram, 256GB Solid State SSD, HDMI, Came",Dell,Computers,179.99,372.75501672274265,192.76501672274264,192.76501672274264,107.09762582518063,15,0.8364727,Dell Latitude E7480 14.0-inch FHD Touchscreen Busi,549.0,0.87092215,Dell Latitude E7270 UltraBook Business Laptop 12.5,191.9,0.86396825,Fast Dell Latitude E5470 HD Business Laptop Notebo,152.95,0.8635714
B07S4P69H6,BoxWave Keyboard Compatible with Samsung Galaxy View 2 (Keyboard by BoxWave) - SlimKeys Bluetooth Ke,BoxWave Corporation,Computers,24.95,42.73714951256286,17.78714951256286,17.78714951256286,71.29118041107358,15,0.6824562,BoxWave Keyboard Compatible with Samsung Galaxy S9,24.95,0.8776591,BoxWave Keyboard Compatible with Nokia 2720 Flip (,24.95,0.81389415,Mini Bluetooth Keyboard Wireless Keyboard - Ultra-,39.99,0.69088066
B01HQ8JUVI,Alphacool 17370 Eiszapfen HF Quick Release Connector kit G3/8 Inner Thread with reducing Nipple G1/4,Alphacool,Computers,32.75,24.64102783390684,-8.10897216609316,8.10897216609316,24.760220354482932,15,0.61844516,"Alphacool HF Quick Release Connector Kit 11/8mm, B",14.99,0.80669856,Alphacool 17217 HF L-Connector G1/4 Outer Thread r,13.23,0.69959456,Alphacool 17033 HF Double Nipple G1/4'' Outer Thre,10.05,0.68849665
B0B6TSJ7TQ,"Raspberry Pi Pico Microcontroller Board, RP2040 Dual-core Arm Cortex M0+ Processor, Flexible Single ",ICEASY,Computers,8.99,174.09011245518445,165.10011245518444,165.10011245518444,1836.4862342067233,15,0.5281966,LK COKOINO Raspberry Pi Pico Starter Kit with Pre-,17.99,0.70101774,GeeekPi Raspberry Pi Pico W Ultimate Kit with Rasp,69.99,0.665236,Raspberry Pi Pico Evaluation Kit Package B Include,42.59,0.59624624
B07SF56FBJ,"[2 Pack] Universal English Keyboard Stickers, Replacement English Keyboard Stickers with Black Backg",FORITO,Computers,8.89,9.147286318799933,0.2572863187999328,0.2572863187999328,2.8941093228338897,15,0.7333202,"3-Pack Universal Hebrew Keyboard Stickers, Replace",9.99,0.8743919,"[2PCS Pack] HRH English Keyboard Stickers,PC Keybo",7.99,0.8568878,"[2PCS Pack] French Keyboard Stickers,Matte Vinyl K",6.79,0.8478128
B08DXZ8L91,3 Pack 10 Feet Micro Charger Cable USB Charging Cord Replacement for Samsung Tablet Galaxy Tab A 10.,Olort,Computers,12.99,12.814329108377292,-0.17567089162270833,0.17567089162270833,1.3523548238853604,15,0.68178576,6FT Micro USB Cable Compatible with Fire 6 7 HD 8 ,6.99,0.7301861,UL Listed Charger for Samsung Galaxy Tab S3 S4 S6 ,12.99,0.7280894,USB Type-C Cable 5pack 6ft Fast Charging 3A Quick ,12.97,0.7265756
B0169P2DP4,ArmorSuit MilitaryShield Screen Protector for Microsoft Surface Pro 4 - [Max Coverage] Anti-Bubble H,ArmorSuit,Computers,11.95,16.589009932692363,4.639009932692364,4.639009932692364,38.820166800772924,15,0.8002068,ArmorSuit MilitaryShield Black Carbon Fiber Skin W,25.97,0.90078545,ArmorSuit MilitaryShield Full Body Skin Film + Scr,19.95,0.8817079,ArmorSuit MilitaryShield Full Body Skin Film + Scr,19.95,0.880961
B07CN8Y874,"Alapmk Protective Case Cover for 11.6"" Samsung Chromebook 4 XE310XBA & Chromebook 3 XE500C13 & Chrom",Alapmk,Computers,20.99,19.452374787720817,-1.5376252122791811,1.5376252122791811,7.325513159977043,15,0.81538105,Alapmk Protective Case for 14 Inch Dell Vostro 342,23.99,0.88139933,"Alapmk Protective Case Cover for 11.6"" HP Chromebo",20.99,0.877306,"Alapmk Protective Case for 14"" ASUS Chromebook C42",23.99,0.8713373
B01B448PBG,"Amazon Basics DisplayPort to DVI Display Cable, 1920x1080p, 1080@60Hz, Vinyl Cable, Gold-Plated Plug",Amazon Basics,Computers,12.34,15.297598158428688,2.957598158428688,2.957598158428688,23.967570165548523,15,0.7657865,"DVI Cable, 6 FT DVI-D to DVI-D (24+1) Dual Link Ca",7.59,0.83773917,Amazon Basics 5-Pack DisplayPort to HDMI Display C,48.13,0.7879898,Cable Matters DisplayPort to DisplayPort Cable (DP,21.99,0.7838422
B00Q3BX04S,"Cisco Meraki | LIC-MS220-8P-5YR | EOS Meraki MS220-8P Enterprise License and Support, 5YR",Cisco,Computers,138.42,180.56048172821534,42.14048172821535,42.14048172821535,30.443925536927726,15,0.47556636,1.25G SFP SX for Meraki MA-SFP-1GB-SX Mikrotok S-8,13.99,0.57641864,Supermicro MCP-260-00039-0N,7.95,0.51406676,Cisco SG220-50P Smart Switch | 50 Gigabit Ethernet,925.0,0.47710586
B07BFS7ST7,Fancy Buying New 9 Cells /87Wh Laptop Replacement Battery for Asus A41-K53 K53 K53E X54C X53S X53 K5,Fancy Buying,Computers,28.31,39.15152996542405,10.841529965424048,10.841529965424048,38.29576109298498,15,0.64073694,"A1382 Replacement Battery for MacBook Por A1286, M",46.99,0.6955013,"Runpower New Laptop Replacement Battery for A1321,",41.99,0.6829236,Laqueena AP16M5J Laptop Replacement Battery for Ac,36.99,0.66914856
B00FENIPQ4,Portable 4 Port USB 3.0 Hub,Dyconn,Computers,12.58,65.38282108863677,52.802821088636776,52.802821088636776,419.7362566664291,15,0.6665903,Dyconn Power Hub SuperSpeed 5-Port 1-5A Charging O,43.02,0.74577177,"BYEASY USB Hub, USB 3.1 C to USB 3.0 Hub with 4 Po",14.99,0.70678496,StarTech.com 4-Port USB-C Hub - 10Gbps - 3x USB-A ,41.46,0.7063066
B00B12N5WG,2GB DDR3-1333 (PC3-10666) RAM Memory Upgrade for The Dell Vostro 230 Mini (Genuine A-Tech Brand),A-Tech Components,Computers,23.94,47.633701303865884,23.693701303865883,23.693701303865883,98.97118339125264,15,0.73507917,A-TECH 8GB KIT (2 x 4GB) for Dell Vostro Notebook ,68.49,0.8350411,A-Tech 1GB STICK For Dell Vostro Desktop Series 20,11.97,0.82415265,CMS 4GB (2X2GB) DDR2 6400 800MHZ Non ECC DIMM Memo,19.0,0.75818574
B003FFCL18,"IBM 300GB HOTSWAP 15K SAS HDD 3,5""",Unknown,Computers,30.0,55.19692593737495,25.19692593737495,25.19692593737495,83.98975312458316,15,0.72414774,WD2502ABYS Dell WD2502ABYS DELL WD2502ABYS,49.86,0.79005945,IBM 81Y9670 300 GB 2.5' Internal Hard Drive. 300GB,34.9,0.76688886,"2TB 2.5"" Laptop Hard Drive for Toshiba Satellite P",71.99,0.7593818
B0B6YNK4DK,SanMuFly Fit for MacBook Air 13.6 inch Case M2 2022 Model A2681 (with Liquid Retina Display & Touch ,SanMuFly,Computers,24.99,19.637886124592416,-5.352113875407582,5.352113875407582,21.41702231055455,15,0.82646555,MOSISO Compatible with MacBook Air 13.6 inch Case ,13.59,0.8679661,MOSISO Compatible with MacBook Air 13.6 inch Case ,14.99,0.85955447,MOSISO Compatible with MacBook Air 13.6 inch Case ,12.49,0.85166335
B08HLYC92V,19V DC Power Supply for Westinghouse HD TV 24 32 40 42 46 Inches Widescreen LD-3240 LD-3255VX LD-323,Eokoowo,Computers,14.47,24.38038837261067,9.91038837261067,9.91038837261067,68.4892078273025,15,0.69368815,NEW Ac Dc Adapter Charger Replacement for Westingh,10.99,0.8064109,KFD 19V AC DC Adapter for Samsung HW-K360 HW-K370 ,17.49,0.7245221,19.5V 3.33A 65W Ac Adapter Charger for HP 741727-0,13.09,0.70503044
B00Z1MWFPK,"Axis Communications 0747-001 M1124 Network Surveillance Camera, White",Axis Communications,Computers,399.0,62.9403940739992,-336.0596059260008,336.0596059260008,84.22546514436111,15,0.4966251,IEights 4K Wide Angle USB Camera with Metal Case H,108.99,0.54707015,"[Gigastone] 16GB 5-Pack Micro SD Card, FHD Video, ",29.98,0.5142386,SVPRO HD USB Camera Moulde with Dual Lens Synchron,82.99,0.51386917
B079WY853G,"CableWholesale Cat6 Ethernet Crossover Cable, 24AWG, RJ45 Gold Plate Connector, Snagless Boot, 4 Pai",CableWholesale,Computers,8.18,16.150437764921772,7.970437764921773,7.970437764921773,97.43811448559624,15,0.86981356,"CableWholesale Cat6 Ethernet Cable, 24AWG, RJ45 Go",16.17,0.95256495,Cable Matters 10Gbps 5-Pack Snagless Short Cat 6 E,10.49,0.8861763,Cable Matters 10Gbps 10-Pack Snagless Short Cat 6 ,17.49,0.8861205
B08CMSG73W,"Galaxy Tab A 8.4 2020 New Case Model T307, Cookk Slim PU Leather Shell with Pen Holder [Card Slots] ",Cookk,Computers,13.99,15.835859320456374,1.8458593204563734,1.8458593204563734,13.194133813126326,15,0.84588087,Wallet Case for Samsung Galaxy Tab A 8.4-Inch 2020,15.99,0.89980906,Case for Samsung Galaxy Tab A 8.0 inch 2019 (SM-T2,11.99,0.8611505,"Galaxy Tab A 8.0 Case 2018, SM-T387 Case, Dteck Sl",12.99,0.8516891
B07CNCCFL1,"BobjGear Micro-USB-OTG to RJ45 Compact Fast Ethernet Adapter for Ethernet Enabled Android Tablets, a",BobjGear,Computers,15.99,16.19482318041961,0.204823180419611,0.204823180419611,1.2809454685404065,15,0.57706255,StarTech.com USB 3.0 Hub with Gigabit Ethernet Ada,39.57,0.6324056,"USB to Ethernet Adapter, Hopjuery Driver Free USB ",7.88,0.6286719,Plugable USB 2.0 to Ethernet Fast 10/100 LAN Wired,15.95,0.6218101
B0B99HJ26H,Missnine Tote Bag Canvas Laptop Bag for Women 15.6 inch Casual Work Bags with Clutch Purse Computer ,Missnine,Computers,39.99,35.8758697412738,-4.114130258726199,4.114130258726199,10.287897621220802,15,0.81010133,"Laptop Bag for Women,15.6 Inch Tote Bag Crossbody ",47.99,0.8425849,Laptop Bag for Women Waterproof Lightweight 15.6 I,25.99,0.8294251,Laptop Bag for Women 14 Inch Waterproof Leather Co,39.99,0.8268247
B08C7LVKNV,HYZUO 13.3-14 Inch Laptop Sleeve Case Compatible with 2021 MacBook M1 Pro 14/MacBook Air 13/MacBook ,HYZUO,Computers,15.99,19.986453585584893,3.9964535855848933,3.9964535855848933,24.993455819792953,15,0.81383324,HYZUO 13.3-14 Inch Laptop Sleeve Case with Stand F,25.0,0.88327724,HYZUO 13 Inch Laptop Sleeve Compatible with MacBoo,20.99,0.84148526,13 Inch Laptop Sleeve Case Compatible with 2019 20,19.9,0.83774996
B01DL9TE6W,4GB Memory Module for Fujitsu LIFEBOOK T732,Dataram,Computers,12.99,28.89216559792889,15.90216559792889,15.90216559792889,122.41851884471816,15,0.7147278,CMS 16GB (2X8GB) DDR3 10600 1333MHZ Non ECC SODIMM,32.99,0.7533095,8GB Stick for IBM-Lenovo IBM-Lenovo ThinkCentre 72,54.44,0.7471261,CMS 8GB (2X4GB) DDR3 12800 1600MHz Non ECC SODIMM ,25.0,0.72818124
B07YT14S1Q,"Galaxy Tab S6 10.5 T860 Case, KIQ Heavy Duty Military Shockproof Shield Cover Rugged Case for Samsun",KIQ,Computers,23.99,22.342862486668356,-1.6471375133316428,1.6471375133316428,6.865933777955995,15,0.82343835,"Galaxy Tab A 10.5 Case T590 2018, KIQ Shockproof H",24.99,0.8826787,"KIQ Galaxy Tab A 7.0 Case T280 2016, Shockproof He",14.99,0.8531164,"BRAECN Case Fit Galaxy Tab S6 10.5 2019,Hybrid Hea",26.99,0.848431
B0BJV6J7NS,"TP-Link Powerline Ethernet Adapter Starter Kit - AV1000 Gigabit Port, Plug&Play, Ethernet Over Power",TP-Link,Computers,45.87,93.29657336441379,47.42657336441379,47.42657336441379,103.39344531156267,15,0.67343134,TP-Link AV1200 Gigabit Powerline ethernet Adapter ,84.0,0.81192833,"TP-Link AV500 Nano Powerline Adapter, up to 500Mbp",28.99,0.75340974,Linksys PLEK500 Homeplug AV2 Powerline Kit,184.99,0.73170966
B08H4KKWNL,"DGZOMYTEK 2.5 inch SATA to USB Cable for SSD/HDD Adapter Cable USB3.0 to SATA III Data Cable, SATA t",DGZOMYTEK,Computers,7.99,30.33988058583843,22.349880585838427,22.349880585838427,279.72316127457356,15,0.70531917,SSK Aluminum USB3.0 to SATA 2.5” External Hard Dri,9.99,0.7932272,"BENFEI SATA to USB 3.0 Cable, USB 3.0 to SATA III ",16.95,0.7365345,Dual USB 2.0 to Sata Converter Adapter Cord Cable ,7.99,0.73032486
B07DC1XXPC,BOOBRIE N Male to UHF Female SO-239 Connector SO239 Jack to N-Type RF Coaxial Coax Cable Adapter for,BOOBRIE,Computers,7.89,15.94347179278731,8.05347179278731,8.05347179278731,102.07188584014335,15,0.5791713,3 Way UHF Adapter UHF Female SO-239 to 2 UHF Femal,6.99,0.6667094,RF Adapter Connector L29 7/16 DIN Female Jack to N,9.9,0.662647,DHT Electronics 2pcs RF coaxial Coax Adapter SMA M,5.5,0.65517807
B0C4GJMTQP,"AISHICHEN 21.5 Inch Computer Monitor, Build-in Speakers, 75Hz 1080P, FHD Desktop Monitor, HDMI Monit",AISHICHEN,Computers,84.0,172.19904167134175,88.19904167134175,88.19904167134175,104.9988591325497,15,0.7532432,"HTNZIRL 24 Inch Computer Monitor, Build-in Speaker",94.99,0.788744,Feihe 17 Inch Full HD 1920x1200 LED Monitor with H,109.89,0.77849555,Sceptre IPS 24-Inch Computer LED Monitor 1920x1080,94.97,0.7783841
B085RGWKPD,"Pefcase Samsung Galaxy Tab A 10.1 2019 Case, Multi-Angle Viewing Protective PU Leather Folio Cover f",Pefcase,Computers,16.68,16.311592749175837,-0.3684072508241627,0.3684072508241627,2.208676563694021,15,0.8626751,Tablet Case for Samsung Galaxy Tab A 10.1 2019 - T,16.99,0.91041756,Pefcase for Samsung Galaxy Tab S5e 10.5 2019 SM-T7,18.98,0.90019536,Galaxy Tab A 10.1 Case 2019 - Techcircle Slim PU L,17.99,0.88856226
B079WNXX8J,Tether Tools TetherPro USB 3.0 to Micro-B Right Angle Cable | for Fast Transfer and Connection Betwe,Tether Tools,Computers,58.95,12.057212794675339,-46.892787205324666,46.892787205324666,79.54671281649645,15,0.70723826,Tether Tools TetherPro USB 2.0 to Mini-B 8-Pin Cab,39.95,0.9436376,Mediabridge USB 3.0 - USB Cable (8 Feet) - SuperSp,11.84,0.7199645,"USB 3.0 Cable A Male to B Male 15Ft,Tan QY Type A ",9.99,0.7062955
B01LYI57Q7,"SilverStone Temjin Series SST-TJ04B-E Black Aluminum front panel, steel body ATX Mid Tower Computer ",SilverStone Technology,Computers,252.99,159.84615315189222,-93.14384684810778,93.14384684810778,36.81720496782789,15,0.6284505,SilverStone Technology Ultra Compact Mini-ITX Comp,59.99,0.70033115,SilverStone Technology SST-ET750-B Watt 80 Plus Br,98.97,0.6731168,SilverStone Technology AR09-115XS 2U Rackmount Ser,48.52,0.67240274
B07CKPDXND,"LONMEN Water Resistant 12.5-13 Inch Laptop Sleeve Bag Case for 13"" MacBook Pro / 12.9"" iPad Pro /13.",LONMEN,Computers,13.77,15.50333424064276,1.73333424064276,1.73333424064276,12.587757738872623,15,0.8411732,LONMEN Water Resistant 12.5-13 Inch Laptop Sleeve ,14.99,0.9169471,Laptop Sleeve Case 13-14 Inch Waterproof Portable ,17.99,0.8565781,LONMEN 14 Inch Protective Laptop Sleeve Case Water,17.55,0.8553536
B07W93L77J,YMDK Split 64 SP64 CNC Aluminum Case Plate Hot Socket Hot Swap PCB Underglow RGB Fully Programmable ,YMDK,Computers,159.9,134.8805299820602,-25.019470017939796,25.019470017939796,15.646948103777234,15,0.5647691,YMDK GK64 GK64X SK64 CNC PC Case Wired PCB Plate K,125.0,0.82705235,YMDK GH60 GK61 RGB Hot Swap Independent Driver Tyc,85.0,0.66651344,EZDIY-FAB 5V ARGB Memory RAM Cooler DDR Heatsink f,19.99,0.5684018
B07S7SG6W2,"SCREENARAMA New Screen Replacement for B156HTN03.5, FHD 1920x1080, Matte, LCD LED Display with Tools",Unknown,Computers,58.03,55.86395954412763,-2.16604045587237,2.16604045587237,3.73262184365392,15,0.8318644,SCREENARAMA New Screen Replacement for B156XTN07.0,47.3,0.9227919,SCREENARAMA New Screen Replacement for Gateway NE5,57.92,0.84709585,SCREENARAMA New Screen Replacement for Lenovo FRU ,52.05,0.84569013
B09MS23ZTL,G JGOO Compatible with MacBook Pro 16 Inch Case 2023 2022 2021 Release M2 A2780 A2485 with M2 Pro/M2,G JGOO,Computers,9.99,18.703955360595984,8.713955360595984,8.713955360595984,87.22678038634618,15,0.82155454,G JGOO Compatible with MacBook Pro 14 Inch Case 20,9.86,0.89303005,May Chen for MacBook Pro 16 Inch (2023 2021 Releas,19.99,0.85044825,AKIT Compatible with MacBook Pro 14 Inch Case 2023,12.98,0.8385862
B07R4GPQN8,Meffort Inc Laptop Bundle - Includes Neoprene Laptop Bag with Side Pocket Adjust Shoulder Strap with,Meffort Inc,Computers,32.95,21.983762743337927,-10.966237256662076,10.966237256662076,33.28144842689552,15,0.88726705,Meffort Inc 15 15.6 inch Neoprene Laptop Bag Sleev,23.95,0.9193418,Meffort Inc 17.3 Inch Neoprene Laptop Bag with Ext,24.95,0.9191802,Meffort Inc 17 17.3 inch Laptop Carrying Sleeve Ba,29.95,0.9103411
B0BC87M3Y7,"USB C Hub, Type C Adapter, Falwedi 10-in-1 Dongle with Ethernet, 4K@30Hz HDMI, VGA, 3 USB3.0, SD/TF ",FALWEDI,Computers,32.99,31.914581644025365,-1.0754183559746373,1.0754183559746373,3.2598313306293947,15,0.74182713,"USB C Hub, 7 in 1 USB C to USB Adapter 4KHDMI Adap",19.99,0.8435931,"Cable Matters USB C Hub with HDMI 4K, 80W Charging",20.99,0.76188,StarTech.com 4-Port USB-C Hub - 10Gbps - 3x USB-A ,41.46,0.76029915
B07Y5GRJ3J,45W Type C USB C Docking Station AC Charger for Lenovo Chromebook C330 300e 100e 500e S330 ThinkPad ,King EBOYEE,Computers,11.97,23.053288062014357,11.083288062014356,11.083288062014356,92.59221438608483,15,0.7231079,Charger for Lenovo Laptop Computer 65W 45W USB C P,19.32,0.8056979,Slim 230W 170W AC Charger Compatible with Lenovo T,54.99,0.75972974,"USB C Laptop Charger, 65W KSW KINGDO USB C Charger",25.99,0.75281686
B092DG81H3,Redragon K556 RGB Mechanical Gaming Keyboard M612 Wired Gaming Mouse Bundle,Redragon,Computers,68.99,52.981288089450196,-16.0087119105498,16.0087119105498,23.204394710175098,15,0.63089883,"Wireless 60% Mechanical Gaming Keyboard, 3 Connect",39.99,0.6786359,"Heayzoki 6 Key OSU Keypad, Macro Keyboard Mini Pro",17.74,0.66140884,Keychron K5 Ultra-Slim Full Size Layout Wireless B,109.99,0.65172017
B07F22926M,ICY DOCK 2 x 2.5 SAS/SATA HDD/SSD Mobile Rack for External 3.5” Bay | ExpressCage MB742SP-B,ICY DOCK,Computers,51.99,100.31196862083027,48.32196862083027,48.32196862083027,92.9447367201967,15,0.7462517,ICY DOCK 1x 2.5 SAS/SATA HDD/SSD Mobile Rack for E,37.96,0.94811755,StarTech.com 4-Bay Mobile Rack Backplane for 2.5in,109.72,0.7949365,"3.84TB SATA 6Gb/s 2.5"" SSD for Dell PowerEdge Serv",217.99,0.77173465
B08KWQGPDF,Supershieldz Designed for Dragon Touch K10 Tablet and Notepad K10 Tablet (10.1 inch) Tempered Glass ,Supershieldz,Computers,10.99,9.830170448451113,-1.1598295515488868,1.1598295515488868,10.553499104175494,15,0.74982506,(2 Pack) Supershieldz Designed for Apple iPad Mini,7.99,0.8124783,Supershieldz Designed for Verizon (Ellipsis 10) (N,8.99,0.80246097,(2 Pack) Supershieldz Designed for Vankyo MatrixPa,10.99,0.79314077
B087CLMXKT,Keyboard Case for iPad Pro 11 2020 2th Gen，with Pencil Holder/Touchpad/7 Color Backlight Keyboard Sl,GOOVEN,Computers,67.0,46.159289540122266,-20.840710459877734,20.840710459877734,31.10553799981751,15,0.80958307,Logitech Slim Folio PRO iPad Pro 12.9-inch (3rd ge,28.85,0.8585056,Case with Backlit Keyboard for ipad Pro 12.9 5th 2,29.99,0.8463061,"iPad Pro 12.9 inch 2022 Case with Keyboard,Keyboar",39.99,0.8223002
B0BD3YLWZQ,Wonhibo Cute Bear Case for Samsung Galaxy Buds 2 Pro/Galaxy Buds 2/ Galaxy Buds Pro/Galaxy Buds Live,Wonhibo,Computers,11.99,12.115295192621977,0.12529519262197653,0.12529519262197653,1.0449974363801213,15,0.6044188,"Beats Studio Ear Buds 2021 Case ,Cover Shock-Absor",8.49,0.734554,LiZHi for Airpods Pro 2nd Generation Case Cover 20,6.29,0.63601184,"Yatchen Plush Case Compatible with AirPods Pro, Cr",14.68,0.6267486
B004856W32,1d4us White 15ft Cat5 Cat5e Rj45 Patch Ethernet Network Cable 15ft,1d4us,Computers,7.99,17.060843494496932,9.070843494496932,9.070843494496932,113.52745299745848,15,0.78191376,Cmple Cat5e Network Ethernet Cable - Computer LAN ,8.49,0.84180474,Cat7 Ethernet Cable - 20 ft - RJ45 Connector - Cat,12.89,0.802221,"BUSOHE Cat8 Ethernet Cable 3FT 5 Pack Multi Color,",17.99,0.7974272
B08BZ8G29M,Bingfu 4G LTE Antenna 6dBi Magnetic Base MIMO TS9 Antenna Compatible with Verizon AT&T T-Mobile Spri,BINGFU,Computers,14.99,61.449525111915506,46.459525111915504,46.459525111915504,309.9367919407305,15,0.6479309,Bingfu 4G LTE Antenna 8dBi Magnetic Base Cellular ,9.99,0.88819563,Bingfu 4G LTE Antenna 3dBi Mini External TS9 Anten,5.99,0.7969334,Bingfu 4G LTE Antenna 8dBi Magnetic Base MIMO SMA ,14.99,0.72783494
B01MUYVPX0,"[4 CONNECTORS] BNC Male Coax Connector for 50 Ohm RG8U, RG-213, Belden 9913 and Times Microwave LMR-",MPD Digital,Computers,15.53,89.72850960834714,74.19850960834714,74.19850960834714,477.7753355334652,15,0.5956407,DHT Electronics 2pcs RF coaxial Coax Adapter SMA M,5.5,0.69824314,Cablesonline 25 Ft. RG58 Coaxial Cable w/BNC Male ,14.47,0.67930806,Low Loss 400 Grade Coax Cable RFC400 1000ft Spool,884.7,0.60711664
B001NCTEC4,Seagate Momentus 7200.3 320 GB Laptop Hard Drive (ST9320421AS),Seagate,Computers,30.98,56.75729731755983,25.77729731755983,25.77729731755983,83.20625344596459,15,0.7651917,Seagate 4TB Enterprise Capacity HDD 7200RPM SATA 6,39.99,0.78727627,Hitachi HDD 2TB 0F10311 SATA 3Gb/S Desktop Storage,70.0,0.7852966,WD2502ABYS Dell WD2502ABYS DELL WD2502ABYS,49.86,0.7842616
B07RP61H4D,"CaseBuy Keyboard Cover for Dell Latitude 5290 E7250 E7270 7280 7290 E5250 E5270 12.5"" / Dell Latitud",CaseBuy,Computers,6.69,8.038052914441261,1.3480529144412605,1.3480529144412605,20.150267779391037,15,0.7468681,Dell Latitude Silicone Keyboard Cover for Dell Lat,7.59,0.84205365,"Keyboard Cover for Dell XPS 9305, DELL XPS 13 9380",6.29,0.8324808,Keyboard Cover Design for Dell Latitude 5400 5401 ,6.49,0.78685844
B07L5YSG65,[6.5 FT] Omnihil AC/DC Power Adapter 5V 2A (2000mA) Micro USB Regulated/UL Listed/FCC Certified (Com,OMNIHIL,Computers,10.96,19.81212604893751,8.85212604893751,8.85212604893751,80.76757343921085,15,0.6235596,Omnihil High Speed 2.0 USB Data Trasfer Cable Comp,8.96,0.7258893,YUSTDA (10Ft Long) AC/DC 60W Adapter for Samsung A,9.99,0.6436846,AC Adapter for HP 17-bs011dx 17-bs019dx 17-bs049dx,12.99,0.64081895
B0160PF38W,SCT 128GB SD XC Class 10 UHS-1 Memory Card for Canon PowerShot G1 G3 G7 X SX410 IS ELPH 350 HS IXUS ,SCT,Computers,25.55,48.3353384787014,22.7853384787014,22.7853384787014,89.17940696164932,15,0.6874783,Canon PowerShot SX540 HS Digital Camera Memory Car,26.99,0.80554783,SanDisk 64GB SDXC SD Ultra Memory Card Works with ,14.37,0.7208369,"Amplim 128GB V90 UHS-II SD SDXC Card, 300MB/S 2000",127.98,0.697509
B073K16YW1,Ud-12ap-Kit 2port Usb Dvi Audio Kvm W/ Ddm & Active Ddc & 6ft Cable,ConnectPRO,Computers,251.16,64.94947639476982,-186.21052360523018,186.21052360523018,74.14019891910742,15,0.5685303,StarTech.com 4 Port Dual Monitor DVI KVM Switch - ,343.84,0.5950155,StarTech.com 3.3 ft / 1 m USB-C to DVI Cable - USB,27.79,0.5892828,StarTech.com 2-port Mini DisplayPort KVM Switch - ,40.0,0.58800495
B071CF7YM5,MOSISO Laptop Shoulder Messenger Bag Compatible with 17-17.3 inch Dell XPS/HP Pavilion/Ideapad/Acer/,MOSISO,Computers,32.99,26.239274502169636,-6.750725497830366,6.750725497830366,20.46294482519056,15,0.80116147,MOSISO Laptop Shoulder Bag Compatible with 17-17.3,13.99,0.87087345,MOSISO Laptop Shoulder Bag Compatible with MacBook,25.99,0.838212,"MOSISO Laptop Tote Bag for Women (17-17.3 inch), C",28.99,0.8303611
B01I0AMYH8,"Acer K2 K202HQL Abd 19.5"" Widescreen LCD Monitor (Renewed)",Acer,Computers,86.9,225.59675386152387,138.69675386152386,138.69675386152386,159.60501019738072,15,0.659703,"Acer B276HUL Aymiidprz 27"" WQHD (2560 x 1440) HDMI",406.99,0.71776474,"AOPEN by Acer 27CH2 bix 27"" Full HD (1920 x 1080) ",241.72,0.68299484,"Acer EB321HQ Awi 32"" Full HD (1920 x 1080) IPS Mon",159.99,0.6790693
B006VJVHCO,"SF Cable, 6 ft USB to Serial RS232 DB9 Adapter (Prolific Chipset)",SF Cable,Computers,11.5,59.285065112070214,47.785065112070214,47.785065112070214,415.5223053223497,15,0.66104704,DTech Serial Cable to USB Adapter DB9 Male RS232 P,11.88,0.78812075,Cables4computer C4C-USB-2920 FTDI Chipset High Spe,12.8,0.7848953,SABRENT USB 2.0 to Serial (9 Pin) DB 9 RS 232 Conv,14.99,0.77801657
B0787C4NJ9,"Cmple Cat6 Ethernet Cable 10Gbps - Computer Networking Cord with Gold-Plated RJ45 Connectors, 550MHz",Cmple,Computers,14.49,16.298318020720053,1.808318020720053,1.808318020720053,12.479765498413064,15,0.8422455,"Cmple RJ45 Cat-6 Ethernet Patch Internet Cable, Hi",59.99,0.91449547,"Cat6 Ethernet Cable, 75 ft - RJ45, LAN, UTP CAT 6,",18.99,0.8677261,"SHOOTING Cat 6 Ethernet Cable, Flat 17 Feet LAN, U",5.7,0.8622829
B0BG4ZCHCG,ELECROW Raspberry Pi Screen 7 Inch Touchscreen Monitor LCD Screen 800x480 Resolution Compatible with,ELECROW,Computers,49.99,86.28099001724007,36.29099001724007,36.29099001724007,72.59649933434702,15,0.6341419,"APROTII Raspberry Pi Screen, 7 inch 1024x600 IPS P",79.99,0.78822064,8.8inch 480x1920 IPS Side Monitor No Touch for Ras,115.99,0.6818447,5 inch HDMI Touch LCD Display (B) with Bicolor Cas,53.99,0.66574615
B07S4J43MP,"SD/CF Card Reader for USB C, Stouchi UHS-II SD4.0/ CF /Micro SD Card Reader Adapter 3 in 1 USB C OTG",Stouchi,Computers,18.99,21.97133151053896,2.9813315105389613,2.9813315105389613,15.699481361447928,15,0.7548898,"USB C to CF SD Micro SD Card Reader, 3-Slot Memory",13.97,0.8245386,Unitek SD Card Reader USB 3.0 3 Port Memory Card R,15.99,0.8061588,"LENTION USB C to SD/Micro SD Card Reader, Type C S",12.99,0.79311943
B0BR99JKC6,"Carry on Travel Backpack, 40L-50L Airplane Flight Approved Backpack for Women Men, Extra Large Expan",Unknown,Computers,54.99,38.497723130697715,-16.492276869302287,16.492276869302287,29.991410927991062,15,0.78918266,"Large Travel Backpack, Carry on Backpack, 45L Expa",44.98,0.87407935,"35L Travel Backpack,Flight Approved Carry On Backp",64.99,0.86279404,LIGHT FLIGHT Laptop Backpack Women Travel Backpack,36.99,0.8161371
B09J4BVDNX,"OFIYAA P2 Pro 13.3"" Triple Portable Monitor For Laptop,Laptop Monitor Screen Extender,1080IPS TYPE-C",OFIYAA,Computers,599.0,267.06547985755236,-331.93452014244764,331.93452014244764,55.41477798705303,15,0.6598047,"FICIHP Triple Screen Laptop Monitor, 12’’ Portable",359.9,0.73177886,JJTechGiant Triple Portable Monitor for Laptop Scr,399.9,0.72592854,BQAA 12'' Portable Monitor for Laptop Screen Exten,189.74,0.7126652
B076Q5WGYC,"Core Gaming Laptop Backpack From Mobile Edge Core Gaming, 17.3 Inch, External USB 3.0 Quick-Charge P",Mobile Edge,Computers,89.0,35.10872943687299,-53.89127056312701,53.89127056312701,60.55198939677192,15,0.72806776,"Veballensty Travel Laptop Backpack, 17.3 Inch Busi",47.99,0.76084083,BESCHOI 15.6 inch Laptop Backpack Detachable Large,41.99,0.7463361,"VSNOON Laptop Backpack for Women, 15.6 Inch Travel",29.99,0.7443376
B082BH9FCX,"The Perfect Dust Cover, Anti Static Cover for Canon Pixma TS8320 All-in-One Inkjet Printer, Black Ny",The Perfect Dust Cover LLC,Computers,21.99,24.18086795858232,2.19086795858232,2.19086795858232,9.96301936599509,15,0.79324776,"The Perfect Dust Cover, Black Vinyl Cover for Cano",17.99,0.9246865,"The Perfect Dust Cover, Black Nylon Cover for Cano",23.99,0.9221185,"The Perfect Dust Cover, Black Nylon Cover Compatib",22.99,0.8884276
B06ZYPFJZ9,zdyCGTime SAS 22 Pin to 7 Pin + 15 Pin SATA Hard Disk Drive Raid Adapter with 15 Pin Power Port-Righ,zdyCGTime,Computers,8.99,67.0096397401519,58.019639740151895,58.019639740151895,645.3797523932358,15,0.7140003,Cablecc Right Angled 90 Degree SFF-8482 SAS 22 Pin,7.88,0.8465362,Wixine 1 Pcs Main Board Small Port SAS Hard Disk A,7.99,0.829374,CABLEDECONN Mini SAS 36 SFF-8087 to (4) SFF-8482 C,14.69,0.79637504
B0792XBJ3N,"New Innolux N156HGE-EAL Rev.C1 15.6 inch Screen fit N156HGE-EA1,N156HGE-EAB N156HGA-EAL Replacement ",Unknown,Computers,51.0,61.425245204311835,10.425245204311835,10.425245204311835,20.44165726335654,15,0.749978,Generic 15.6 inch Full HD Screen Compatible with A,51.0,0.8399892,Fullcom New 14 inch Narrow Edge Screen Compatible ,48.02,0.78490615,BRIGHTFOCAL New Screen Replacement for N156BGA-EA3,45.2,0.7695656
B07MBXZSNN,"DETUOSI Samsung Galaxy Tab E 9.6"" Case 2015 (SM-T560/T561/T565/T567), Galaxy Tab E 9.6 inch Tablet C",DETUOSI,Computers,13.59,16.548291393378342,2.9582913933783423,2.9582913933783423,21.768148589980445,15,0.77305967,"DETUOSI Slim Case for Samsung Galaxy Tab A 8.0"" 20",13.99,0.8826689,DETUOSI Silicone Case for Samsung Galaxy Tab A 8.0,11.99,0.8401346,"LTROP Kids Case for Galaxy Tab A 8.0 2019, Samsung",14.99,0.7990897
B07567XQRS,"USB3.0 Game Capture Card 4K@30, 4K HDMI Video Capture Live Streaming Record 4K 30 FPS or 1080p120, 1",AGPTEK,Computers,59.99,60.0114108910053,0.021410891005295696,0.021410891005295696,0.035690766803293375,15,0.7756952,UNISHEEN USB 3.0 Game Capture Card 4K HDMI Video A,129.0,0.8859015,"Capture Card Switch, KuWFi Game Capture Card, Vide",44.99,0.8500698,"Aonxioer 4K HDMI Audio Video Capture Card,High Spe",12.66,0.83702505
B09M8L9DD6,"Fintie Sleeve Case for 14"" Samsung Galaxy Book Go NP545XLA / Lenovo Yoga C930 C930-13IKB / Lenovo Id",Fintie,Computers,23.99,20.700712278956065,-3.2892877210439337,3.2892877210439337,13.711078453705436,15,0.7590406,"Fintie Sleeve Case for 14"" ASUS Chromebook Flip C4",23.99,0.86758053,"Fintie Sleeve Case Cover for 13.3"" Lenovo Chromebo",21.99,0.85567653,"Fintie Sleeve Case Cover for 13.3"" Samsung Galaxy ",24.99,0.8489706
B08DPXJ937,ATTAV PBT Backlit Keycaps 37 Keys OEM Profile Double-Color Injection Keycap Set for Mechanical Keybo,ATTAV,Computers,7.71,19.006480110158133,11.296480110158132,11.296480110158132,146.51725175302377,15,0.7819465,"PBT keycap, 104-key Customization, 60% Backlight w",17.99,0.8202933,"Pink Keycaps for Gaming Keyboard, Round Keycaps fo",13.99,0.81313246,hudiemm0B Mechanical Keyboard Doubleshot PBT Space,10.99,0.80598176
B07GWGRXDP,Skin Decals for Apple AirPods - Doggy Boudoir - Sticker Wrap Fits 1st and 2nd Generation,DecalGirl,Computers,7.99,10.419904664045314,2.4299046640453135,2.4299046640453135,30.41182307941569,15,0.6755305,Skin Decals for Apple AirPods - Sacred Honu - Stic,7.99,0.96286976,Skin Decals for Apple AirPods - Love Tree - Sticke,7.99,0.96270305,Old Glory - Skin Sticker Decal Wrap for Amazon Ech,12.99,0.7150744
B01M4N4Y6W,"HP EliteBook Folio 9470M 14"" Intel Core i5-3437U 1.9GHz 16GB 320G SATA Windows 10 Professional (Rene",HP,Computers,269.02,264.6611704490602,-4.358829550939788,4.358829550939788,1.6202622670953046,15,0.8035032,HP Elitebook 840 G5 - 14 FHD - i5-8350U Quad Core ,261.03,0.8648489,HP EliteBook 8570P 15.6 Inch Business High Perform,256.39,0.8468324,"HP EliteBook 8440p 14 Inch Business Laptop, Intel ",263.75,0.82825065
B017U7SKAM,"Tripp Lite 13U 2-Post Open Frame Rack, Network Equipment Rack, 800 lb. Capacity (SR2POST13),Black",Tripp Lite,Computers,176.78,122.53329316424758,-54.24670683575242,54.24670683575242,30.685997757524845,15,0.6312153,RAISING ELECTRONICS 15U 4 Post Open Frame 19inch S,199.99,0.7219993,Tripp Lite 4-Post Rack Fixed Heavy Duty Toolless M,124.76,0.72086453,Tripp Lite Universal Heavy Duty Rack Enclosure Ser,181.97,0.6966293
B0BHPGBJYS,"Acer CBL282K smiiprx 28"" UHD 4K (3840 x 2160) IPS Frameless Monitor | AMD FreeSync Technology | 90% ",Acer,Computers,289.99,231.7187480988028,-58.27125190119722,58.27125190119722,20.094228042759134,15,0.76225007,"Acer Nitro XZ306C Xwmiiiphx 29.5"" 1500R Curved Zer",219.99,0.8103907,"Acer SB242Y EBI 23.8"" Full HD (1920 x 1080) IPS Ze",99.99,0.8024372,"AOPEN by Acer 27CH2 bix 27"" Full HD (1920 x 1080) ",241.72,0.7961358
B0733Y5X8S,"Produplicator 1-15 Blu-ray CD/DVD/BD SATA Duplicator Copier Controller + Cables, Screws & Manual",Produplicator,Computers,295.0,178.82002940846334,-116.17997059153666,116.17997059153666,39.383040878487,15,0.6446137,BestDuplicator Pro Hd Series - 3 Target External D,259.99,0.7859006,PlexCopier 24X SATA 1 to 7 CD DVD M-Disc Supported,300.95,0.7076155,PlexCopier 24X 1 to 3 CD DVD M-Disc Supported Dupl,200.95,0.6973355
B09JDX4Q7F,SAMSUNG Galaxy Chromebook Go Laptop Computer Lightweight Slim Durable Design 12-Hour Battery Wi-Fi 6,SAMSUNG,Computers,109.99,360.5190479786907,250.5290479786907,250.5290479786907,227.7743867430591,15,0.66509354,SAMSUNG Electronics Chromebook 4 (2021 Model Witho,149.0,0.73089707,SAMSUNG Galaxy Book Go Laptop Computer PC Power Pe,134.63,0.72330266,Google Pixelbook Go - Lightweight Chromebook Lapto,498.0,0.69737387
B081TKRJ3V,"Dell 1.6TB 6Gb/s 2.5"" SATA Solid State Drive Bundle with Tray, Compatible PowerEdge R610, R620, R630",Dell,Computers,599.0,140.8736653472088,-458.12633465279123,458.12633465279123,76.48185887358785,15,0.7342917,"3.84TB SATA 6Gb/s 2.5"" SSD for Dell PowerEdge Serv",217.99,0.8581506,"2pcs Pack 2.5"" inch G176J G281D KG7NR Hard Drive T",14.99,0.8327164,"900GB 15K SAS 12Gb/s 2.5"" HDD for Dell PowerEdge S",99.98,0.7759165
B087BQPVZJ,"DUNNO Case for iPad 9th/ 8th/ 7th Generation(iPad 10.2-Inch, 2021/2020/2019 Model), Magnetic Multi-A",DUNNO,Computers,22.99,17.94393220801402,-5.04606779198598,5.04606779198598,21.94896821220522,15,0.8492377,Uliking for Apple iPad 10.2 inch Case iPad 9th/8th,18.99,0.8815147,"iPad 9th/8th Generation Case, iPad 10.2 Case 2021/",18.99,0.865214,"Rotating Case for iPad 9th/8th/7th Generation, iPa",19.99,0.85805154
B08927HG8B,"SanDisk Extreme PRO 512GB CFexpress Type-B Memory Card, 1700MB/s Read, 1400MB/s Write",SanDisk,Computers,336.11,92.52721325448134,-243.58278674551866,243.58278674551866,72.47115133305128,15,0.7496873,SanDisk Extreme PRO 256GB CFexpress Type-B Memory ,241.16,0.98913985,SanDisk 16GB Ultra SDHC UHS-I Class 10 Memory Card,39.85,0.7711663,SanDisk Ultra 16GB Class 10 SDHC UHS-I Memory Card,7.9,0.75729525
B07QZBC4BN,Keple Mini USB Cable Lead Charger SatNav Data Sync Cord Compatible with Garmin GPS :Garmin Edge 800 ,Keple,Computers,6.49,9.292231001859346,2.8022310018593455,2.8022310018593455,43.17767337225494,15,0.6283926,Power Supply 5 feet Mini USB Cable Charger Cord Le,12.99,0.7407021,90° Degree 5PIN Mini USB Cable - USB A Male to Rig,6.99,0.70872045,Cmple - Micro USB Cable 3ft Male to Male Micro USB,6.99,0.66603386
B07656CD2F,"Noctua NA-SEC1 chromax.Green, 3-Pin/4-Pin Extension Cables (30cm, Green)",Noctua,Computers,10.95,18.711284171433114,7.761284171433115,7.761284171433115,70.87930750167229,15,0.6068528,"Noctua NA-SAVP1 chromax.Yellow, Anti-Vibration Pad",9.95,0.7402,"Noctua NA-SYC2, 3 Pin Y-Cables for PC Fans (Black)",9.95,0.73697066,"Noctua NA-SYC1, 4 Pin Y-Cables for PC Fans (Black)",9.95,0.73209953
B07Q2BTR5Z,"HP ProBook 450 G5 Laptop (2ST09UT#ABA) Intel i5-8250U, 8GB RAM, 256GB SSD, 15.6-in FHD 1920x1080, Wi",HP,Computers,899.0,405.48971998865716,-493.51028001134284,493.51028001134284,54.89547052406484,15,0.7814301,"HP ProBook 640 G1 14"" Laptop, Intel Core i5, 16GB ",265.0,0.8631766,HP Elitebook 840 G5 - 14 FHD - i5-8350U Quad Core ,261.03,0.8353911,HP Elitebook 820 G4 - 12.5in FHD Touchscreen Lapto,249.89,0.8006175
B086DKPTD7,"Fintie Keyboard Case for Samsung Galaxy Tab A 10.1 2019 Model SM-T510/T515/T517, Slim Stand Cover w/",Fintie,Computers,40.99,31.317863668898337,-9.672136331101665,9.672136331101665,23.59633162015532,15,0.845833,Fintie Keyboard Case for Samsung Galaxy Tab A 10.1,35.99,0.9023386,Fintie Keyboard Case for Samsung Galaxy Tab A 10.5,35.99,0.8808316,Fintie Keyboard Case for Samsung Galaxy Tab S6 10.,34.99,0.87489414
B076QVB53J,Supermicro Processor heatsink,Supermicro,Computers,38.28,51.45835186314236,13.17835186314236,13.17835186314236,34.426206539034375,15,0.59360826,Supermicro SuperChassis Rackmount Server CSE-510-2,229.99,0.6325116,Intel Heatsink w/ Cooling Fan For Socket-478 A8085,16.95,0.6245205,Supermicro 6-Inch 16Pin Front Control Split Cable ,14.0,0.61376923
B06WLGLJ3J,"Chi Mei N156bga-ea2 Rev.c1 Replacement Laptop LCD Screen 15.6"" WXGA HD LED DIODE (Substitute Only. N",Artist Unknown,Computers,45.49,53.26206718719022,7.772067187190217,7.772067187190217,17.08522133917392,15,0.7951619,Fullcom New 14 inch Narrow Edge Screen Compatible ,48.02,0.8289203,CHI MEI N156B6-L04 & N156B6-L06 BOTTOM LEFT CONNEC,52.27,0.8154913,Generic New 15.6 inch Screen Compatible with Satel,47.8,0.8115835
B0BLGLMTR4,"HP 2022 Newest Laptops for College Student & Business, 15.6 inch HD Computer, Intel Pentium Silver N",HP,Computers,529.99,555.7842825093145,25.794282509314485,25.794282509314485,4.866937585485478,15,0.79791677,"HP 2022 Newest Notebook Laptop, 15.6"" Full HD 1080",409.0,0.82653564,HP 2021 Chromebook 14 Inch Touchscreen 2-in-1 Lapt,491.0,0.8158273,"HP 2020 Newest Steam 11.6 Inch Laptop, Intel Celer",224.0,0.8142592
B07C295KL5,Skinit Decal Laptop Skin Compatible with MacBook Air 13.3 (2010-2017) - Officially Licensed Warner B,Skinit,Computers,24.99,19.31112866094533,-5.67887133905467,5.67887133905467,22.724575186293198,15,0.706294,Skinit Decal Laptop Skin Compatible with MacBook A,24.99,0.8188184,Cavka Vinyl Decal Skin Compatible for MacBook Pro ,29.0,0.7523493,Digi-Tatoo Decal Skin Compatible With MacBook Pro ,19.99,0.7384339
B01M04U1CD,"Dell Inspiron i5378-7171GRY 13.3 FHD 2-In-1 (7th Generation Intel Core i7, 8GB, 256GB SSD) Microsoft",Dell,Computers,409.75,580.9329784614976,171.18297846149756,171.18297846149756,41.77742000280599,15,0.8099445,"Dell Inspiron 13 5000 2-in-1 - 13.3"" FHD Touch - 8",679.0,0.91435695,"Dell Inspiron 15.6"" HD Laptop, Intel 4205U Process",429.99,0.83426154,"Dell Inspiron 15 5593, i5593-5964SLV-PUS, 10th Gen",779.0,0.8297814
B07X8HZNF3,"SIREG Webcam Cover Ultra Thin - Web Camera Cover fits Laptop,Tablet,Computer, Smartphone, Protect Yo",SIREG,Computers,6.99,7.952075910813125,0.9620759108131249,0.9620759108131249,13.763603874293631,15,0.7676512,SIREG Webcam Cover Slide 0.027in Ultra Thin Web Ca,6.99,0.98377085,Foretra - Ultra Thin Metal Webcam Slide Cover | Pr,5.1,0.7981888,Slider Webcam Cover Ultra Slim 0.028inch Web Camer,6.99,0.7856596
B09NVVBYVW,for Raspberry Pi Compute Module 4 Cooling Fan Raspberry Pi CM4 Heatsink CPU Cooling Fan Cooler Radia,Waveshare,Computers,13.29,52.893072825353585,39.603072825353586,39.603072825353586,297.9915186256854,15,0.5932119,Dual Gigabit Ethernet 5G/4G Mini-Computer with Met,86.99,0.7077506,Miuzei Raspberry Pi 4 B+ Case with Fan Cooling Pi ,15.99,0.6353218,"MakerFocus Raspberry Pi 4B Dual Cooling Fans, Rasp",16.99,0.63239163
B0BPWMJWPJ,"EVGA XR1 Pro Capture Card, 1440p/4K HDR Capture/Pass Through, Certified for OBS, USB 3.1, ARGB, Audi",EVGA,Computers,119.99,187.78137067868363,67.79137067868363,67.79137067868363,56.497517025321805,15,0.59825766,"Capture Card, Audio Video Capture Card with Microp",19.99,0.6781674,"Video Capture Card, 4K Cam Link Card HDMI to USB 2",18.99,0.611223,"Video Capture Card, Fulfalic 4K HDMI to USB Game C",17.99,0.6095654
B00776W34Q,FirePro V3900 Graphics Card Low Profile 1 GB DDR3 SDRAM (100-505637),AMD,Computers,129.99,211.1088046608091,81.1188046608091,81.1188046608091,62.403880806838295,15,0.6022336,Sapphire AMD FirePro W2100 2 GB DDR3 Dual DP PCI-E,119.96,0.6917324,ATI PCI Express Video Graphics Cards (100-505980),119.96,0.6827953,HP Low Power Kit 4 GB DDR3 1333 (PC3 10600) RAM 64,51.93,0.6217824
B016N7N1HW,"Sunon 70x70x15mm KDE1207PHV3 2Pin/2Wire 12v Low Speed Fan (2 pack), black",Sunon,Computers,8.95,29.89455929701468,20.94455929701468,20.94455929701468,234.01742231301324,15,0.65511245,Sunon PMD1204PQBX-A 40mm 13000 RPM Case Fan - Blac,19.99,0.72558355,Sunon SF11592A 1092HBL.GN 92mm x 92mm x 25mm 110-1,17.49,0.7133046,2 Pack Wathai 30mm x 10mm 5V Small DC Brushless Co,8.99,0.67761016
B08SLMVMX3,Japanese Food Stickers |50Pcs Japanese Cuisine Sushi Waterproof Vinyl Decals for Water Bottles Bicyc,FUNWING,Computers,5.99,7.052053829795348,1.0620538297953477,1.0620538297953477,17.73044790977208,15,0.76509553,Fishing Stickers |50 Pcs Waterproof Vinyl Decals f,5.99,0.8245695,Golf Stickers |50Pcs Golf Sport Waterproof Vinyl D,7.99,0.7983581,"50PCS Anime Puella Magi Madoka Magica Stickers,Pop",5.99,0.78199124
B08QFSJC8S,"Wineecy Backlit Keyboard Case for Samsung Galaxy Tab S6 Lite 10.4"" 2022/2020 (SM-P610/P613/P615/P619",Wineecy,Computers,32.99,32.746353180108336,-0.2436468198916657,0.2436468198916657,0.7385474989138093,15,0.8057907,JUQITECH Backlit Keyboard Case for Samsung-Galaxy-,35.99,0.85206664,Fintie Keyboard Case for Samsung Galaxy Tab S6 Lit,40.99,0.8499483,Fintie Keyboard Case for Samsung Galaxy Tab S6 10.,34.99,0.83726656
B09C6NZJYY,"SCREENARAMA New Screen Replacement for LM156LF2F03, 40pins, FHD 1920x1080, 144Hz, IPS, Matte, LCD LE",Unknown,Computers,76.28,60.06404759882387,-16.215952401176132,16.215952401176132,21.258458837409716,15,0.8479684,SCREENARAMA New Screen Replacement for LP156WHB(TP,56.19,0.8707535,SCREENARAMA New Screen Replacement for N156BGE-EB2,52.05,0.86393243,SCREENARAMA New Screen Replacement for NT156WHM-N1,52.05,0.85414577
B0711VCLG8,Mikrotik hAP mini RB931-2nD Small 2GHz Wireless Access Point 3 x 10/100 Ethernet ports 650MHz CPU Ro,MikroTik,Computers,22.51,112.99466740598905,90.48466740598904,90.48466740598904,401.9754216170104,15,0.55051357,Mikrotik hEX RB750Gr3 5-port Ethernet Gigabit Rout,56.0,0.632959,Ruckus Wireless ZoneFlex R500 Wireless Access Poin,199.98,0.5773415,MikroTik RouterBoard RB2011UiAS-IN 1 SFP Port Plus,117.0,0.5706818
B0BP13PR37,"CKLau 4K@60Hz 2 Port KVM Switch HDMI Monitor Switch with Audio, All Input Cables and 2 pcs USB 3.0 H",CKLau,Computers,89.99,154.72341482114015,64.73341482114016,64.73341482114016,71.93400913561526,15,0.7720587,CKLau 4Kx2K@60Hz Dual Port 3 Monitor KVM Switch HD,269.0,0.91026473,CKLau 4Kx2K@60Hz 2 Port KVM HDMI Switch with Audio,49.99,0.91018,CKLau 4Kx2K@60Hz 2 Port HDMI + Displayport Dual Mo,119.99,0.8340787
B084Y7MXD1,HP 256GB x900w USB 3.0 Flash Drive (P-FD256HP900-GE) with HP 128GB x900w USB 3.0 Flash Drive (P-FD12,HP,Computers,27.98,20.62624669758909,-7.353753302410912,7.353753302410912,26.282177635492893,15,0.71577287,PNY 64GB Turbo Attache 4 USB 3.0 Flash Drive,7.99,0.75177205,Verbatim 128GB USB 3.0 Store 'n' Go V3 Max Flash D,41.11,0.75160336,Kingston Digital 32GB DataTraveler 100 G3 USB 3.0 ,19.77,0.7481316
B078J9BTMF,Mini USB Microphone for Computer Laptop Desktop Driver Free Black,KunHe,Computers,7.8,49.468987916228194,41.6689879162282,41.6689879162282,534.2177937977974,15,0.6439728,Futheda 3.5mm Mini 3-Pole Stereo Omnidirectional M,7.99,0.727918,SoundTech CM-1000 3.5 mm Omni-Directional Conferen,45.03,0.69448406,SoundTech CM-1000 3.5 mm Omni-Directional Conferen,45.03,0.69448406
B07PJMGMQC,ADATA SD600Q 480GB External Solid State Drive SSD Hard Disk Red,ADATA,Computers,82.9,62.64244546810679,-20.257554531893213,20.257554531893213,24.436133331596153,15,0.66891277,ADATA SE760 SuperSpeed USB 3.2 Gen 2 USB-C Up to 1,143.27,0.7166813,Titanium Micro 1 TB Tiitanium One Portable SSD - U,69.99,0.7086484,ADATA SU635 240GB 3D-NAND SATA 2.5 Inch Internal S,19.99,0.6982584
B07BMP5ZB1,HP Desktop 705 Tiny AMD A8 7600B 3.1 GHz 4GB DDR3 Ram 320GB Hard Drive Windows 10 pro (Renewed),HP,Computers,199.99,291.4231100064948,91.43311000649481,91.43311000649481,45.71884094529467,15,0.7901835,HP EliteDesk 800 G3 Mini Business Desktop PC Intel,306.11,0.8268006,HP Desktop Computer Compaq Pro 6200 MT Intel Core ,89.0,0.8231025,HP Compaq Desktop Computer Pro 6300 SFF Intel Core,141.81,0.81666887
B085WTJ476,"Asus 16x External Blu-ray Drive with BD Suite Disc, USB 3.0 Cable, Power Adapter and Cord (BW-16D1X-",Produplicator,Computers,178.0,79.45408454847859,-98.54591545152141,98.54591545152141,55.36287384916933,15,0.6287233,"USB 3.0 External Blu-Ray DVD/BD/CD Drive, Portable",99.99,0.74068046,External Aluminum USB C USB 3.0 3D Blu-ray Burner ,89.99,0.71181464,Pioneer BDR-XD05W Slim BDRW/DVDRW 6x USB3.0 White,129.99,0.698085
B00CITMMLG,"Voroar Apple IPad Mini/iPad Mini Retina Voroar Survivor Case, Purple, Lavender (GB35923-2)",Voroar,Computers,29.95,28.88072251913722,-1.0692774808627803,1.0692774808627803,3.570208617237998,15,0.62400043,"iPad Mini case for Kids, Feitenn Non-Toxic Light W",14.49,0.64468515,iPad Air 3 Case iPad 10.5 2019 Case Shockproof Imp,19.99,0.64030325,Fintie Case for iPad 9.7 Inch 2018/2017 - [Tuatara,22.99,0.6350405
B087CV7433,Digi-Tatoo Ultra Thin Protective Cover Skin Decal Sticker for Microsoft Surface Laptop 5 (2022 Relea,Digi-Tatoo,Computers,22.99,16.618452867057183,-6.3715471329428155,6.3715471329428155,27.714428590442868,15,0.71207213,Digi-Tatoo Decal Skin Compatible With MacBook Pro ,19.99,0.83949196,Your Custom Design Upload Laptop Skin - Skin Decal,14.99,0.7317139,Top Side Stickers Laptop Decals for 13.5 inch Surf,7.99,0.7256638
B07Y1RF39H,Car Headrest Holder WANPOOL Swivel Car Headrest Mount Silicon Holder for 7-10 Inch Fire Tablets,WANPOOL,Computers,22.0,22.513007496403247,0.5130074964032474,0.5130074964032474,2.331852256378397,15,0.62866,VORI Case for Amazon Fire HD 10 Tablet (9th/7th/5t,23.99,0.6529073,AHK Car Headrest Mount Holder for Apple iPad Pro/A,29.99,0.65138674,"joylink Universal Tablet Hand Strap Holder, 360 De",12.99,0.6474489
B0B24MD1TP,ACEIRMC 2pcs ESP32-CAM WiFi Bluetooth Camera Module Development Board ESP32 with Camera Module OV264,ACEIRMC,Computers,15.99,32.02352703899817,16.033527038998166,16.033527038998166,100.27221412756826,15,0.60222954,AITRIP 2 Pieces ESP32-CAM WiFi Board ESP32-CAM-MB ,16.99,0.7912612,Bestol Tech 1pc ESP32-CAM Module ESP32 Serial to E,8.49,0.713142,Aideepen ESP32-CAM W-BT Board ESP32-CAM-MB Micro U,12.99,0.71198547
B09DBF2FMJ,New Slim 130W 90W Charger for Dell Vostro 15 7510 P106F002 Inspiron Laptop 19.5V 6.67A 4.62A Power S,NeaHao,Computers,56.99,32.12118828097726,-24.868811719022744,24.868811719022744,43.63714988423011,15,0.78450733,65W Type-C Charger Laptop Power Cord for Dell XPS ,21.99,0.8095727,DA130PE1 00 Charger Adapter 130W for Dell Inspiron,18.91,0.8034651,New DA130PM130 HA130PM130 Compatible with 130w del,21.99,0.80305195
B00755IN0C,NMB 92x25mm 4-Pin Fan MODEL# 3610RL-04W-B56,NMB-Mat,Computers,7.0,31.94837030836419,24.94837030836419,24.94837030836419,356.4052901194884,15,0.63707715,Delta AFB0912HH 4-wire PWM Fan,26.99,0.6977431,AddA 12v DC 0.25a 4in-long 2-Wire 2-Pin 80x25mm FA,17.99,0.65214354,SWCCF CPU Cooling Fan for Dell Latitude E5430 P/N:,19.95,0.6474618
B077Y22FMT,"65W UL Listed AC Charger Fit for Asus Zenbook 14 Q407IQ Q407I Q407 Q4071, Zenbook Flip 15 Q508UG Q50",Nicpower,Computers,22.59,29.84673745338302,7.256737453383021,7.256737453383021,32.12367177239053,15,0.7616239,UL Listed AC Charger Compatible with Asus Vivobook,20.99,0.82184726,UL Listed 7.5Ft 33W AC Charger Fit for Asus MJ401T,22.99,0.79894364,AC Charger Adapter Fit for Acer Aspire R14 R15 R5-,16.99,0.7754729
B0BZTPF6HH,"MSI G242PM, 24"" Gaming Monitor, 1920 x 1080 (FHD), IPS, 1ms, 144Hz, FreeSync, HDMI, Displayport, Til",MSI,Computers,189.99,263.6965567008241,73.70655670082408,73.70655670082408,38.794966419718975,15,0.78496575,"MSI G241V E2, 24"" Gaming Monitor, 1920 x 1080 (FHD",128.95,0.8943563,MSI 24.5” FHD (1920 x 1080) Non-glare with Super N,276.0,0.8539814,"MSI AG321CR, 32"" Gaming Monitor, 1920 x 1080 (FHD)",214.99,0.8534118
B09HN3B9NL,"2021 Apple iPad Mini 6 (8.3 inch, Wi-Fi + Cellular, 256GB) Purple (Renewed)",Apple,Computers,549.95,311.5414388721727,-238.40856112782734,238.40856112782734,43.35095210979677,15,0.73242015,"Apple iPad mini 7.9 inches (Early 2019 ) 256GB, Wi",349.95,0.8607955,"Apple iPad Pro 2018 (11-inch, Wi-Fi + Cellular 512",529.0,0.8005055,"2020 Apple iPad 8th Gen (10.2 inch, Wi-Fi + Cellul",269.99,0.79847413
B00CTY1HR0,Skinomi Full Body Skin Protector Compatible with HP Split 13 x2 (13t-m100)(Screen Protector + Back C,Skinomi,Computers,18.95,17.77938956607271,-1.1706104339272905,1.1706104339272905,6.1773637674263355,15,0.796624,Skinomi Screen Protector Compatible with HP Split ,16.95,0.9703279,Skinomi Full Body Skin Protector Compatible with M,18.95,0.8688451,Skinomi Full Body Skin Protector Compatible with N,18.95,0.8599964
B077T1M26T,8GB Thumb Drive Bulk Pack of 5 8GB Flash Drive Multipack Kepmem Value Mixed Colors Memory Sticks Por,Kepmem,Computers,15.99,20.16877424257183,4.178774242571828,4.178774242571828,26.133672561424813,15,0.79727185,Kepmem 16GB Flash Drive Bulk 10 Pack Thumb Drive S,26.99,0.93992925,8GB Thumb Drive Glass USB Flash Drive Drift Bottle,9.99,0.83864975,USB Flash Drive - 10 Pack 32MB USB 2.0 Memory Stic,15.88,0.8155509
B0BSYZM2Q4,"HP Z1 G5 Tower Workstation, Intel i7-8700K (6-Core) up to 4.7GHz, 32GB DDR4, 1TB NVMe M.2 SSD, Intel",HP,Computers,589.99,655.0365368826218,65.04653688262181,65.04653688262181,11.025023624573604,15,0.7719325,"HP Z640 Workstation, 2X E5-2680 v3 up to 3.3GHz (2",599.99,0.82798564,"HP 600 G2 Tower Workstation Gaming Computer, Intel",234.45,0.79594624,"2022 Newest HP Premium Laptop, 14"" FHD IPS LED Dis",429.0,0.789821
B00MRVJY1G,NETGEAR AC1200 Wi-Fi USB 3.0 Adapter for Desktop PC | Dual Band Wifi Stick for Wireless internet (A6,NETGEAR,Computers,60.0,85.42903615753542,25.42903615753542,25.42903615753542,42.3817269292257,15,0.7188427,"AC1300M USB 3.0 WiFi Adapter for PC, Dual Band Dua",16.99,0.8304245,EDUP AC 1300Mbps USB WiFi Adapter for PC USB 3.0 W,15.99,0.77985424,Netis WF2190 Wireless AC1200 Long-Range USB Adapte,24.99,0.7578271
B01A6JFB6W,"Linksys LGS124P: 24-Port Business Gigabit PoE+ Unmanaged Network Switch, Ethernet Plus, Wired Connec",Linksys,Computers,179.99,181.1776060171556,1.1876060171555878,1.1876060171555878,0.6598177771851702,15,0.68867195,"TRENDnet 5-Port Gigabit PoE+ Switch, 31 W PoE Budg",65.24,0.7684401,"MokerLink 6 Port PoE Switch with 4 Ports PoE+, 2 F",24.99,0.733178,"MokerLink 8 Port PoE Gigabit Managed Switch, 7 GE ",58.99,0.7139126
B07K58V57V,"Uliking Folio Case for Apple iPad Mini 1/2/3 (7.9""), Magnetic Smart Synthetic Leather Cover Folding ",Uliking,Computers,17.99,15.79576051823558,-2.194239481764418,2.194239481764418,12.196995451719946,15,0.82954407,"iPad Mini 1/ 2/ 3/ 4 Case, Uliking Slim Lightweigh",16.99,0.88180166,"iPad Mini 3 Case,iPad Mini 2 Case,iPad Mini Case,U",11.49,0.85284156,Fintie Case for iPad Mini 5 2019 / iPad Mini 4 - [,14.99,0.8523877
B097FNZGQD,"LG 27GP850-B Ultragear Gaming Monitor 27” QHD (2560 x 1440) Nano IPS Display, 1ms Response Tim, 165H",LG,Computers,351.49,325.4547108521264,-26.035289147873584,26.035289147873584,7.407120870543567,15,0.815435,LG 32GP850-B 32 UltraGear QHD (2560 x 1440) Nano I,396.99,0.96171397,LG 27GP700-B 27” Ultragear FHD (1920 x 1080) IPS G,170.0,0.8973244,LG 27QN600-B 27” QHD (2560 x 1440) IPS Display wit,246.99,0.8665616
B00YCXXXFA,Canon PowerShot ELPH 170 is Digital Camera Memory Card 2 x 32GB Secure Digital High Capacity (SDHC) ,Transcend,Computers,17.99,15.18311231919567,-2.806887680804328,2.806887680804328,15.602488498078534,15,0.68987507,Canon PowerShot ELPH 170 IS Digital Camera Memory ,13.95,0.95152175,Canon PowerShot SX540 HS Digital Camera Memory Car,26.99,0.7811655,Canon PowerShot N Digital Camera Memory Card 32GB ,7.82,0.7675725
B0155I1C30,"Skinomi Screen Protector Compatible with iPad Pro (12.9 inch, 2017 and 2015 Compatible) Clear TechSk",Skinomi,Computers,9.95,15.98302852658809,6.03302852658809,6.03302852658809,60.63345252852352,15,0.83924145,Skinomi Screen Protector Compatible with Apple iPa,8.95,0.9713794,Skinomi Screen Protector Compatible with Apple iPa,10.99,0.93857276,Skinomi Full Body Skin Protector Compatible with M,18.95,0.8918439
B09Y344NNW,"BETIZY iPad Air 5th Generation Case 2022/iPad Air 4th 2020 Case 10.9 Inch, Leather Case for iPad Pro",Betizy,Computers,9.99,27.778162343063208,17.788162343063206,17.788162343063206,178.0596831137458,15,0.84063256,Aoub New iPad Pro 11 Inch Case 2022(4th Gen)/2021(,19.99,0.86567056,Magnetic Case for 10.9 Inch iPad Air 4th Generatio,7.59,0.85399926,TSQQST iPad Air 5th Generation Case 2022/ iPad Air,23.99,0.8504935
B00MDHONRO,TOSHIBA MQ01ABD075 750GB 5400 RPM 8MB Cache 2.5 9.5mm SATA 3.0Gb/s internal notebook hard drive - Ba,Toshiba,Computers,44.99,125.61868184247334,80.62868184247333,80.62868184247333,179.2146740219456,15,0.7158548,Toshiba 1TB 5400RPM SATA3/SATA 6.0 GB/s 8MB Notebo,40.99,0.8056009,"(Old Model) Toshiba 3TB SATA 6Gb/s 7200rpm 3.5"" In",159.0,0.7354511,Toshiba 6TB 3.5 Inch Internal Hard Drive MD04ACA60,460.56,0.73421717
B08TM716YY,"PERFECTSIGHT HD Clear Screen Protector compatible with iPad Pro 9.7 Inch iPad 2017/2018 /Air 1/2, An",PERFECTSIGHT,Computers,29.99,18.138618333768278,-11.85138166623172,11.85138166623172,39.51777814682134,15,0.7471505,YINOVEEN 2PCS Anti Blue Light (HD) Screen Protecto,10.99,0.8327127,"EyeJust Blue Light Blocking Screen Protector, Comp",40.0,0.8188814,"PYS iPad Air 2 Screen Protector, iPad 9.7 Screen P",17.99,0.7888872
B009NB9JG8,"Vantec Dual 2.5-Inch HDD/SSD Bracket (Aluminum) for 9.5, 12.5mm 1.5 Cache Internal Bare or OEM Drive",Vantec,Computers,15.99,38.42909234085655,22.439092340856547,22.439092340856547,140.33203465201092,15,0.6516206,"SSD Mounting Bracket, NC XQIN SSD Bracket 2.5 to 3",5.99,0.7385671,"5.25"" to 3.5"" 2.5"" SSD Hard Drive Bay Tray Cooling",7.89,0.7081739,ICY DOCK Tool-Less Triple 3X 2.5 to 3.5 HDD Drive ,11.95,0.7045169
B09LS6HMH8,"MOLGRIA Keycaps Lilith, 130 Set Blue and White Keycaps for Gaming Keyboard, PBT Cherry Profile Dye S",MOLGRIA,Computers,45.99,24.268675938518456,-21.721324061481546,21.721324061481546,47.230537206961394,15,0.8070535,140 Keys PBT Keycaps Dye-Sub XDA Profile Milk and ,19.99,0.8478676,Coral Sea Keycaps 108 PBT Heat Sublimation OEM Pro,23.99,0.82830226,"IOAOI Aircraft Keycaps, PBT Keycaps 128 Key Custom",15.99,0.8168037
B08GNYW1SS,LINKUP PCIE 3.0 16x Shielded Extreme High-Speed Riser Cable Premium PCI Express Port Extension Card┃,LINKUP,Computers,27.96,64.79266726663637,36.83266726663637,36.83266726663637,131.73343085349202,15,0.66900986,PCIE Riser 1X to 16X Graphics Extension for GPU Mi,39.99,0.7255932,"Cooler Master Accessory Universal Riser Cable, Ris",39.99,0.7210462,Thermaltake TT Premium PCI-E 4.0 High Speed Flexib,89.99,0.71633756
B09LHQQ24N,"Fire HD 10 Case 2021,Fire HD 10 Plus Tablet Case (11th Generation, 2021 Release), Multi-Angle Slim S",FUYOCWE,Computers,23.99,23.95921308816973,-0.030786911830269048,0.030786911830269048,0.12833227107240122,15,0.8445269,for Fire HD 10 Case 2019/2017 10.1 Inch Tablet Cas,24.99,0.968057,"Fire HD 8 Case 2020,Fire HD 8 Plus Tablet Case (10",23.99,0.8980026,Case for Amazon Fire HD 10 Tablet (9th/7th Generat,21.99,0.8910981
B09ZFBZ7Q5,"2022 Flagship Acer Chromebook for Business and Student, 11.6"" HD Display, Intel Celeron Processor, I",Acer,Computers,199.0,214.83544101914924,15.835441019149243,15.835441019149243,7.9575080498237405,15,0.82805806,Acer 2022 Chromebook 315 Laptop Computer 15.6” Ful,299.99,0.8863869,"Acer 2022 Chromebook 315 15.6"" Full HD 1080p IPS T",212.0,0.85363287,"Acer Chromebook Spin 511 R753T R753T-C2MG 11.6"" To",269.0,0.8450859
B071GYKWYJ,Original New Replacement CPU Cooling Fan For HP ENVY X360 15-U Series: 15-u400 15-u410nr 15-u437cl 1,By Computerparts2016,Computers,16.99,19.876914215895646,2.886914215895647,2.886914215895647,16.991843530874913,15,0.7555777,New Laptop CPU Cooling Fan for HP Envy 15-AE 15-AE,14.99,0.84819436,QUETTERLEE CPU Cooling Fan for HP Envy 13-AH 13-AQ,13.99,0.7956902,Givwizd Replacement CPU Cooling Fan Compatible wit,29.99,0.7866374
B09Q5JRFZR,"icolor Laptop Skin Sticker Decal,12"" 13"" 13.3"" 14"" 15"" 15.4"" 15.6 inch Personalized Universal Notebo",Icolor,Computers,11.64,11.513496152680046,-0.12650384731995423,0.12650384731995423,1.0868028120270983,15,0.82368577,"Laptop Skin Sticker Decal,13.3"" 14"" 15"" 15.4"" 15.6",10.99,0.87821937,"3D Print Laptop Skin Vinyl Sticker Decal, 12"" 13"" ",8.98,0.87196296,"Laptop Skin Vinyl Sticker Decal, 12"" 13"" 13.3"" 14""",10.97,0.86459476
B094QBX1J7,Cooler MasterMechanical Gaming PC Keyboard,Cooler Master,Computers,18.85,21.628219224059094,2.778219224059093,2.778219224059093,14.73856352285991,15,0.7812403,"Pink Keycaps for Gaming Keyboard, Round Keycaps fo",13.99,0.8458677,PWNAGE Full PBT Keycap Set - Double Shot PBT Shine,18.99,0.8158344,hudiemm0B Mechanical Keyboard Doubleshot PBT Space,10.99,0.8137915
B095749TVG,"BRAECN Samsung Galaxy Tab A7 Lite Case 2021, Heavy Duty Rugged Silicone Case with Handle Grip, Shoul",BRAECN,Computers,26.99,22.64663035867403,-4.3433696413259675,4.3433696413259675,16.092514417658272,15,0.87038356,"BRAECN Galaxy Tab A7 10.4 Inch Case for Kids, Shoc",29.99,0.939554,"BRAECN Galaxy Tab S8/S7 Case 2022/2020, Heavy Duty",27.59,0.9166782,SUPFIVES Case for Samsung Galaxy Tab A7 Lite 2021 ,21.99,0.89393234
B09YXKSGT6,"Ansbell Magnetic USB C Adapter, 9Pins Magnetic Adapter Type C Connector Support Magnetic Charger 100",Ansbell,Computers,14.99,13.358416527323282,-1.6315834726767182,1.6315834726767182,10.884479470825339,15,0.7293628,Magnetic USB C to C Charging Cable Adapter Right A,13.99,0.8308768,"Magnetic USB C Adapter,Type C Connector, USB 3.1 4",16.97,0.776031,CableCreation USB C Cable 6FT 100W USB2.0 C to C C,9.99,0.7472517
B06XVZBVTL,for Acer Aspire One D270 D257 ZE6 ZE7 M5-583P e1-431 e1-471 Hard Drive Connector Cable DD0ZE6HD000,Unknown,Computers,9.0,18.002337251104013,9.002337251104013,9.002337251104013,100.02596945671125,15,0.6474097,New LCD Video EDP Cable for Acer Aspire Nitro VN7-,19.04,0.74255675,"Deal4GO 2.5"" SATA SSD Hard Drive Cable HDD Connect",12.99,0.68462104,50.M3EN1.005 New Acer Aspire S7 S7-391 Dc Jack Cab,32.38,0.6824708
B08HS9626Y,AAOTOKK 3.1Type C to USB C Panel Mount Screw Cable Gen 2 (3A) USB 3.1 Type C Female to Female Panel ,AAOTOKK,Computers,8.99,9.941272253160736,0.9512722531607363,0.9512722531607363,10.581448867193952,15,0.6704408,AAOTOKK Right Angle USB C to USB C 3.1 Gen 2 Cable,9.79,0.7863812,Cablecc Panel Mount Type Mini USB 5Pin Male to Fem,6.88,0.73991513,"Wpeng USB Extension Cable, Qaoquda 1ft 90 Degree R",7.97,0.69602394
B09WK7D8LX,co2CREA Hard Case Replacement for Apple Magic Mouse (for Magic Mouse),Co2CREA,Computers,15.99,22.3773426352659,6.387342635265901,6.387342635265901,39.94585763143152,15,0.594188,BOVKE Carrying Case Hard Protective Case Impact Re,10.99,0.6545564,elago Classic Pencil Case Compatible with Apple Pe,15.99,0.623514,"Incase Hardshell Case for MacBook Pro Retina 13"" D",48.5,0.6001529
B08RNNF624,"GIGABYTE AORUS NVMe Gen4 M.2 1TB PCI-Express 4.0 Interface High Performance Gaming, Full Body Copper",Gigabyte,Computers,151.22,235.23576924466025,84.01576924466025,84.01576924466025,55.558635924256215,15,0.742761,Gigabyte NVMe 1.3/ M.2/ PCIe 3.0x4/ 512GB SSD (GP-,69.99,0.8137302,INLAND Internal SSD 4TB Gaming Performance Plus NV,324.99,0.7705252,Plextor M8Pe 256GB M.2 PCIe NVMe Internal Solid-St,41.04,0.76805574
B07Q5QB4KR,"SuperGuardZ for iPad Air (2019) / Air 3 / iPad Pro 10.5 Screen Protector [Privacy, Anti-Spy], Anti-S",SuperGuardZ,Computers,17.99,9.129750725470796,-8.860249274529203,8.860249274529203,49.25096873001225,15,0.85853034,"[3-Pack] for Onn 7"" Tablet/Onn Surf 7"" Screen Prot",7.95,0.91355014,[3-Pack] for MacBook Air 13 inch (2018) [A1932] Sc,8.09,0.8954489,[3-Pack] for Google Nest Hub Max Screen Protector ,7.99,0.882728
B0BVZN33V5,"PUSLOM Extra Large Backpack for Men 55L,18.4Inch Travel Laptop Backpack with USB Charging Port Busin",Unknown,Computers,39.99,37.2890848960626,-2.7009151039374046,2.7009151039374046,6.753976253906988,15,0.82931906,LIGHT FLIGHT Laptop Backpack Women Travel Backpack,36.99,0.8609662,"Five Star Travel Laptop Backpack, Anti Theft Lapto",29.99,0.85066557,Laptop Backpack Anti Theft Backpack for Men Water ,48.99,0.8472452
B07GYLVR4F,LCDOLED Replacement 15.6 inches FullHD 1920x1080 IPS B156HAB01.0 40Pins LED LCD Display Touch Screen,LCDOLED,Computers,136.99,116.61616034831465,-20.37383965168536,20.37383965168536,14.87250138819283,15,0.7924929,daplinno 15.6'' Screen Replacement for Dell Inspir,149.9,0.8658737,LCDOLED Replacement for HP Pavilion x360 15-er 15t,139.99,0.83805966,LCDOLED Replacement 15.6 inches FHD IPS B156HAN02.,121.99,0.8372935
B0B7X68D54,"512GB Micro SD Card Class 10 Memory Card MicroSDHC UHS-I TF Cards High Speed Card for Smartphone, Di",SUPERDUODUO,Computers,16.98,13.616468953307159,-3.3635310466928416,3.3635310466928416,19.808781193715202,15,0.8526516,Micro sd Memory Cards 512GB TF Card 512GB Micro SD,13.99,0.96321434,512GB Micro SD Card Memory Card Class 10 High Spee,15.36,0.96235186,512GB Micro SD Card Memory Card Class 10 High Spee,13.98,0.95700186
B07C3JXQ6W,ThreeBulls 120Pcs Clear Rubber O-Ring Switch Dampeners Keycap White for Cherry MX Key Switch Keyboar,ThreeBulls,Computers,6.99,24.68949854515857,17.69949854515857,17.69949854515857,253.21171023116693,15,0.6718551,"AKWOX 9-Key Cherry MX Switch Tester, Keycap Puller",19.99,0.7137072,E-Element Keycaps Doubleshot Keycaps with Keycap R,8.99,0.7004888,GTSP 9009 XDA Retro PBT Keycaps Set for Gaming Key,25.99,0.6911614
B06XR7FCTJ,doupi 360 Smart Flip Cover for Apple iPad Air 2 (2. Gen.) iPad Air2 Deluxe Leatherette Protective Ca,doupi,Computers,16.98,14.95860850682143,-2.0213914931785713,2.0213914931785713,11.904543540509842,15,0.8089764,"New iPad 2017 9.7"" / iPad Air 2 Leather Case,360 D",8.99,0.8275721,NEWQIANG iPad Air 1st Generation Case with Screen ,10.99,0.826005,"iPad Air 2019 Case 10.5, TechCode 360 Degree Rotat",15.99,0.8240157
B01N7KWQAL,"Odyson - 150W Power Adapter Replacement for Apple 30"" Cinema HD Display A1083",Odyson,Computers,169.95,22.82174825516217,-147.12825174483783,147.12825174483783,86.5714926418581,15,0.58270925,"AC Charger Fit for Asus PA-1650-01, PA-1650-93, PA",18.99,0.62300646,90W AC Charger Adapter Fit for Dell Inspiron One 2,30.99,0.6114314,"Mac Book Pro Charger,Replacement AC 85w 2T-Tip Con",20.99,0.60231805
B08NHDLX76,"Robert Pattinson Stickers 50pcs for Travel Case, Waterproof Vinyl Decal for Teen Water Bottle, Lapto",YONGAI,Computers,5.99,7.049599213658087,1.0595992136580872,1.0595992136580872,17.689469343206795,15,0.81531996,"50pcs Pack Terror Movie Laptop Stickers, Cool Viny",5.99,0.84658414,"Blue Aesthetic Stickers,150pcs, Funny Cute Sticker",8.99,0.83942163,"50Pcs Gravity Falls Stickers, Funny Cartoon Sticke",5.99,0.83915895
B08MKZKG96,20 Pcs Stickers Pack Phoenix Aesthetic Vinyl Colorful Waterproof for Water Bottle Laptop Bumper Car ,Generic,Computers,9.95,8.508901388441387,-1.441098611558612,1.441098611558612,14.483403131242332,15,0.833959,20 Pcs Stickers Pack Mothman Aesthetic Vinyl Color,9.95,0.94675577,20 PCS Stickers Pack Lung Aesthetic Vinyl Colorful,9.95,0.9187972,20 PCS Stickers Pack Jack Aesthetic Daniels Vinyl ,9.95,0.87933224
B00Z07KXCI,"EVGA GeForce GTX 980 Ti 6GB CLASSIFIED GAMING ACX 2.0+, Whisper Silent Cooling w/ Free Installed Bac",EVGA,Computers,698.02,408.9613244244991,-289.0586755755009,289.0586755755009,41.4112311359991,15,0.81077325,"EVGA GeForce GTX 750 1GB FTW ACX Cooling, GDDR5 12",248.86,0.89442897,GIGABYTE GeForce RTX 3060 Ti Vision OC 8G Graphics,399.99,0.84038687,EVGA GeForce GTX780 Superclocked 3GB GDDR5 384-Bit,398.86,0.82832754
B08HP89N5H,IBENZER Compatible with 2023 2022 M2 MacBook Pro 13 Inch Case 2021-2016 M1 A2338 A2289 A2251 A2159 A,IBENZER,Computers,18.99,20.267000991351512,1.277000991351514,1.277000991351514,6.724597110855787,15,0.8233627,IBENZER Compatible with 2023 2022 M2 MacBook Pro 1,32.99,0.9766007,IBENZER Compatible with 2022 M2 MacBook Pro 13 Inc,16.19,0.96173537,IBENZER Compatible with 2023 2022 M2 MacBook Pro 1,15.99,0.9591746
B08X3YW1HT,Set of 3 - Wolverhampton Wanderers F.C. Soccer Sticker Decal Graphic,Stickers,Computers,7.96,7.618956331521972,-0.3410436684780276,0.3410436684780276,4.2844681969601455,15,0.5837892,"90's Hip Hop Sticker - Sticker Graphic - Auto, Wal",5.7,0.6137868,in A World Where You Can Be Anything Be Kind Stick,5.99,0.60810506,"Tom Holland, Tom Holland Decal Sticker - Sticker G",5.96,0.5986816
B08M6CCWZK,Sweet Tech Universal 360 Degree Rotating Wallet Case Cover Folio [Black] for Lenovo Tab E10 10 Inch ,Sweet Tech,Computers,12.99,16.087025550183203,3.0970255501832025,3.0970255501832025,23.841613165382622,15,0.7777016,"Universal Case for 9-10.5 inch Tablet, Newshine St",15.99,0.81834257,"Universal 9.5-10.5 Inch Tablet Case, Techcircle Sl",18.99,0.80197704,"Universal Case for 9-10 Inch Tablet, Techcircle Fo",18.99,0.7992809
B004YQXZ1M,Seagate Constellation ES 3 TB 7200RPM SATA 6Gb/s 64MB Cache 3.5 Inch Internal Bare Drive ST33000650N,Seagate,Computers,63.0,161.3878950759736,98.3878950759736,98.3878950759736,156.1712620253549,15,0.785947,Seagate 4TB Enterprise Capacity HDD 7200RPM SATA 6,39.99,0.90119755,Seagate 2TB Enterprise Capacity 3.5-Inch HDD 128 M,115.24,0.8443142,(Old Model) Seagate 2TB NAS HDD SATA 6Gb/s 64MB Ca,99.42,0.8283725
B00PXCWF4Y,T-Power 9V Charger for Emerson 1-FS4000 1-FS4000-000 1FS4000000 DCH2-100US.1301 Swiffer Sweeper Vac ,T-Power,Computers,13.99,25.637259410357625,11.647259410357625,11.647259410357625,83.25417734351412,15,0.6121465,Slim 230W 170W AC Charger Compatible with Lenovo T,54.99,0.63734865,"AC Charger Fit for Asus PA-1650-01, PA-1650-93, PA",18.99,0.63224185,AC Charger Fit for Samsung Series 7 Slate XE700T1A,20.99,0.6259873
B01HBSGTQ2,Snugg iPad Mini 5 / iPad Mini 4 Keyboard Backlit Wireless Bluetooth Keyboard Case Cover 360° Degree ,Snugg,Computers,59.99,33.87478529937356,-26.11521470062644,26.11521470062644,43.53261326992238,15,0.69004023,JADEMALL iPad Mini Keyboard Case for iPad Mini 5/ ,28.89,0.7386334,Fintie Keyboard Case for iPad Mini 6 2021 (8.3 Inc,39.99,0.726496,Keyboard Case for iPad 10th Generation 2022 10.9 i,35.99,0.71234995
B0848FKMTK,Laptop Motherboard 5B20M14186 8S5B20M14186 Compatible Replacement Spare Part for Lenovo Yoga 710-15I,Lenovo,Computers,37.99,515.4762690176141,477.48626901761406,477.48626901761406,1256.873569406723,15,0.6963892,Lenovo 5B20F78873 Y50-70 Laptop Motherboard w/Inte,498.86,0.7799425,Lenovo Yoga 3 Pro - 80HE010HUS Laptop Computer - C,849.0,0.745692,Laptop Cooling Fan for Lenovo YOGA2 EG50040S1-C450,27.99,0.709749
B0BG82JWK5,"cimetech Bluetooth Numeric Keypad, 22-Keys Wireless Number Pad for Data Entry, Portable Multi-Functi",Cimetech,Computers,16.99,34.77605310793208,17.78605310793208,17.78605310793208,104.68542147105404,15,0.6896387,Mechanical Numeric Keypad Wireless Bluetooth Keypa,29.98,0.79588217,FELICON Wireless Numeric Keypad 18 Keys with 2.4G ,17.99,0.7546489,"PINKCAT Wireless Number Pads, 28 Keys Numeric Keyp",14.99,0.7440915
B08F4F9FSJ,Stickers 20 Pcs Per Pack Geocaching Aesthetic Vinyl Colorful Waterproof Laptop Water Bottle Bumper C,Generic,Computers,9.95,8.254886921503438,-1.6951130784965613,1.6951130784965613,17.03631234669911,15,0.85282403,"Mountain Bike Stickers for Water Bottles, Cool Wat",6.99,0.8849685,20 PCS Stickers Pack Death Aesthetic Stranding Vin,9.95,0.8785828,20 PCS Stickers Pack Marley Aesthetic Vinyl Colorf,9.95,0.8718442
B09Q7JDCGN,SABRENT USB 3.0 Micro SD and SD Card Reader (CR-T2MS),SABRENT,Computers,12.99,16.196986907410622,3.206986907410622,3.206986907410622,24.688120919250363,15,0.69007915,SD Card Reader USB 3.0 7-in-1 Portable Memory Card,17.47,0.75104237,"COCOCKA USB 3.0 SD Card Reader, USB C Flash Memory",11.99,0.73513633,"SD Card Reader, JSAUX USB 3.0 to Micro/SD Card Ada",12.99,0.7340869
B092G4W4YW,XPG DDR4 D50 RGB 32GB (2x16GB) 3200MHz PC4-25600 U-DIMM 288-Pins Desktop Memory CL16 Kit Gray (AX4U3,XPG,Computers,111.69,119.44388966665959,7.753889666659589,7.753889666659589,6.94233115467776,15,0.70115,XPG DDR4 D55 RGB 32GB (2x16GB) 3200MHz PC4-25600 U,203.9,0.88833183,PNY XLR8 Gaming 16GB (2x8GB) DDR4 DRAM 3200MHz (PC,44.99,0.75256383,v-Color Prism DDR4 8GB (8GBx1) 3200MHz (PC4-25600),34.99,0.72999424
B09LS97Y8W,"atFoliX Screen Protector Compatible with Hammerhead Karoo 2 Screen Protection Film, Anti-Reflective ",atFoliX,Computers,14.49,12.458072107914578,-2.031927892085422,2.031927892085422,14.022966819085037,15,0.66684586,upscreen Reflection Shield Matte Screen Protector ,23.98,0.7065344,upscreen Scratch Shield Clear Screen Protector for,15.98,0.7015799,"[3-Pack] for Onn 7"" Tablet/Onn Surf 7"" Screen Prot",7.95,0.69436324
B005HYBIWS,"ICC #12-24 Rack Screws in 25-Pack, Black",ICC,Computers,13.48,52.95583838208671,39.47583838208671,39.47583838208671,292.847465742483,15,0.53925544,12U Open Wall Mount Frame Rack - Adjustable Depth ,169.0,0.6066174,3U 19-Inch Vertical Wall Mount Bracket - Vertical ,40.6,0.56987274,"3.5"" Drives mounting Screws for Drive Trays of Nor",9.99,0.5527147
B07D3N3QHJ,Lenovo Fingerprint Biometric USB Mouse Pointing Devices (4Y50Q64661),Lenovo,Computers,37.22,191.31110337621638,154.09110337621638,154.09110337621638,414.00081508924336,15,0.58036524,Lenovo ThinkPad Precision USB Mouse Mouse (0B47153,17.95,0.7185856,Lenovo GX30M39704 300 - Mouse - Right And Left-Han,7.97,0.6370885,"Lenovo Flex 5 2-in-1 Laptop: Core i7-8550U, 256GB ",599.99,0.61884373
B0852XB8P3,"The Perfect Dust Cover, Silver Gray Vinyl Cover for Canon ImageCLASS MF269dw Black and White Laser P",The Perfect Dust Cover LLC,Computers,26.99,24.532637241011827,-2.4573627589881717,2.4573627589881717,9.104715668722385,15,0.825567,"The Perfect Dust Cover, Black Vinyl Cover for Cano",26.99,0.96171594,"The Perfect Dust Cover, Silver Gray VINYL Cover fo",27.99,0.9571904,"The Perfect Dust Cover, White Vinyl Cover for HP L",24.99,0.8791519
B07H9BHBS9,New KrystalPix LCD Display FITS - LG P/N LP156WFC-SPP1 15.6 FHD WUXGA 1080P eDP Slim LED IPS Screen ,Unknown,Computers,55.68,70.32649958732154,14.646499587321536,14.646499587321536,26.30477655768954,15,0.8024731,Generic LCD Display Replacement FITS - HP Pavilion,119.68,0.8589574,Generic LCD Replacement Display - FITS AUO P/N B15,52.7,0.848246,New Generic LCD Display FITS - HP 15-DA0014DX 15.6,78.1,0.8426471
B07K23X9J9,"Maomi for Samsung Galaxy Tab A 8.0 inch Case 2018 Release ( Model:SM-T387),Kickstand Heavy Duty Cove",Maomini,Computers,8.99,14.955039291293472,5.965039291293472,5.965039291293472,66.35193872406532,15,0.7899527,Maomi for Samsung Galaxy Tab A 8.0 Case 2019 Relea,7.99,0.9616038,Tab A 8.0 T380 Case DWaybox Hybrid Rugged Heavy Du,13.96,0.8304578,Case for Samsung Galaxy Tab A 8.0 SM-T290/T295 (20,20.99,0.8286897
B014I479FC,"Moshi USB-C to USB 3.1 Adapter, Data Transfer Speed of Up to 5Gbps, Anodized Aluminum Casing, Compat",Moshi,Computers,24.95,23.553076977442316,-1.396923022557683,1.396923022557683,5.598889869970673,15,0.6365699,"USB C Thumb Drive, Dolomy 32GB USB C Flash Drive, ",11.99,0.6777273,SSE Type-C USB 3.0 3 in 1 Aluminum Combo Hub for M,11.95,0.6595442,Cable Matters Plug & Play USB C to Ethernet Adapte,15.99,0.64620197
B018KMI2MW,"Asus X553SA-BHCLN10 15.6-Inch Laptop (Intel Celeron Dual Core N3050 Processor, 4GB, 500 GB HDD, Wind",ASUS,Computers,385.0,445.397605312875,60.39760531287499,60.39760531287499,15.68768969165584,15,0.71482193,ASUS Q304UA 13.3-inch 2-in-1 Touchscreen Full HD L,599.99,0.7445871,"ASUS VivoBook F512DA Laptop, 15.6"" FHD Display, AM",499.0,0.74123126,"ASUS F556UA-AB54-BL 15.6"" FHD, Thin and Light Lapt",788.0,0.7379196
B071JVT6GP,"[3-Pack] Fire HD 8 Screen Protector - SuperGuardZ Clear Screen Protector for Fire HD 8 (5th Gen, 201",SuperGuardZ,Computers,7.59,8.749473204768984,1.1594732047689842,1.1594732047689842,15.276326808550516,15,0.8336878,"[3-Pack] for Onn 7"" Tablet/Onn Surf 7"" Screen Prot",7.95,0.87975675,S.G. for Microsoft Surface Duo Screen Protector - ,8.19,0.86826617,[3-Pack] for Google Nest Hub Max Screen Protector ,7.99,0.8647088
B0BSMXHH6T,"EVGA 220-G3-0650-Y1 SuperNOVA 650 G3, 80 Plus Gold 650W, Fully Modular, Eco Mode with New HDB Fan, 7",EVGA,Computers,129.97,254.95612279402292,124.98612279402292,124.98612279402292,96.16536338695309,15,0.6895315,"EVGA SuperNOVA 1000 G+, 80 Plus Gold 1000W, Fully ",195.9,0.852315,"EVGA SuperNOVA 1000 G6, 80 Plus Gold 1000W, Fully ",189.99,0.8457425,"EVGA SuperNOVA 850 P2, 80+ PLATINUM 850W , Fully M",354.97,0.8207054
B0BNCL4CR8,"2022 Apple iPad Pro (12.9-inch, Wi-Fi, 256GB) - Space Gray (Renewed)",Apple,Computers,949.0,367.1611427590624,-581.8388572409376,581.8388572409376,61.31073311284906,15,0.77201337,"Apple iPad Pro 2nd 12.9in with Wi-Fi 2017 Model, 5",595.0,0.84367657,"2021 Apple 12.9-inch iPad Pro (Wi‑Fi + Cellular, 5",929.95,0.8170544,"Apple iPad Pro 10.5in (2017) 256GB, Wi-Fi - Gold (",332.0,0.80904126
B09RNMRYS8,Speck Compatible with MacBook Air 13 Inch Case 2020 Release A2179 - Plastic Hard Shell Case - Drop P,Speck,Computers,49.41,28.58705923932387,-20.822940760676126,20.822940760676126,42.143170938425676,15,0.77140385,"MacBook Pro 13""(2016 2017 2018 Version) Plastic Ha",16.99,0.82559085,"Incase Hardshell Case for MacBook Pro Retina 13"" D",48.5,0.7952785,Kuzy Compatible with MacBook Air 13 inch Case 2017,25.99,0.7730048
B07D5ZX4KX,"Alapmk Protective Case Cover for 11.6"" HP Stream 11 Pro G5/G4/G3/G2/G1/11-ahXXX/11-rXXX/11-dXXX/11-y",Alapmk,Computers,21.99,21.997499058864353,0.007499058864354424,0.007499058864354424,0.03410213217077956,15,0.75686777,"Alapmk Protective Case Cover for 11.6"" HP Chromebo",20.99,0.8448245,"Alapmk Protective Case Cover for 11.6"" HP Pavilion",21.99,0.80539405,"Alapmk Protective Case for 14"" HP Pavilion 14 14-b",22.99,0.7856464
B07QYL62CZ,"Fintie Case for iPad 9.7 2018/2017, iPad Air 2, iPad Air - [Corner Protection] Premium Vegan Leather",Fintie,Computers,14.99,13.692358405579322,-1.2976415944206785,1.2976415944206785,8.656715106208662,15,0.87334555,Fintie Case for iPad 9.7 2018 2017 / iPad Air 2 / ,20.99,0.94338566,"Fintie Case for iPad Air 2 9.7"" - [SlimShell] Ultr",12.99,0.9031824,Fintie Folio Case for iPad Air 2 - Premium Vegan L,11.99,0.8909283
B00HF9SIOE,BIPRA S3 2.5 inch USB 3.0 FAT32 Portable External Hard Drive - Black (320GB),BIPRA,Computers,19.99,36.17590773471928,16.185907734719283,16.185907734719283,80.97002368543914,15,0.80110466,BIPRA S3 2.5 inch USB 3.0 NTFS Portable External H,49.99,0.9482682,BIPRA U3 2.5 inch USB 3.0 NTFS Portable External H,98.49,0.93453306,BIPRA S2 2.5 Inch USB 2.0 FAT32 Portable External ,18.99,0.9144223
B00DJE34O8,"IDE ATA (HDD and DVD Drive) 40/80 Flat (Ribbon) Data Cable (4 Connector) 3 Drive / 36 Inches,",Unknown,Computers,7.5,26.321382865527518,18.821382865527518,18.821382865527518,250.9517715403669,15,0.6176645,Tripp Lite P940-19I Serial ATA (SATA) Signal Cable,8.76,0.6702584,HDD SSD SATA Hard Drive Connector for Dell Latitud,25.56,0.6481724,HGST Deskstar 3.5-Inch 4TB 7200 RPM SATA III 6Gbps,89.0,0.63064265
B01BXGAHKM,492934-001 HP Motherboard IRVINE-GL6E,HP,Computers,86.04,101.43262802667824,15.392628026678238,15.392628026678238,17.890083713015155,15,0.71818125,HP PCI RISER BOARD FOR DL380 G6,29.99,0.76969373,HP dc7900 Small Form Factor SFF Motherboard 462432,75.0,0.7695288,HP DV2000 Compaq V3200 Motherboard AMD 440768-001 ,19.89,0.7691145
B0B6J9LKH6,Happy Resin Handmade Artisan Keycaps Resin Keycaps - R1/Esc Transparent Anime Keycaps for Cherry MX ,HAPPY RESIN,Computers,39.99,21.93811764713384,-18.051882352866162,18.051882352866162,45.140991129947885,15,0.7540399,"CN GAMING Fruit Drink Style Cute Keycap, Artisan R",18.88,0.8354214,MECHKYP Handmade Koi Fish Backlit Resin Keycap R4/,35.88,0.82086945,Coral Sea Keycaps 108 PBT Heat Sublimation OEM Pro,23.99,0.75662506
B0BJSD473L,"HP Business Laptop, 14"" FHD IPS Micro-Edge Display, AMD Ryzen 3 3250U (Beat i3-10110U), 8GB DDR4 RAM",HP,Computers,279.99,484.5751021672636,204.58510216726359,204.58510216726359,73.06871751393392,15,0.8215343,"HP 14 Laptop, AMD Ryzen 5 5500U, 8 GB RAM, 256 GB ",403.29,0.8599429,"HP 14 inch Laptop, Intel Pentium Silver N5030 Proc",257.0,0.8521296,"HP 14 Laptop, AMD 3020e, 4 GB RAM, 64 GB eMMC Stor",259.99,0.84014493
B0BM57CTYL,"Microsoft Surface Laptop 5 (2022), 13.5"" Touch Screen, Thin & Lightweight, Long Battery Life, Fast I",Microsoft,Computers,964.99,551.9954992647775,-412.99450073522246,412.99450073522246,42.79780108967165,15,0.77709585,"Microsoft Surface Laptop Go - 12.4"" Touchscreen - ",487.1,0.8430825,"Microsoft 2022 Surface Laptop Go 12.4"" Touchscreen",379.99,0.807685,"Microsoft Surface Go 3 - 10.5"" Touchscreen - Intel",468.83,0.8068399
B00F9HJCS0,Kyocera Hydro Cell Phone Memory Card 2 x 4GB microSDHC Memory Card with SD Adapter (2 Pack),Transcend,Computers,18.55,13.277427618736748,-5.272572381263252,5.272572381263252,28.423570788481143,15,0.71545607,Motorola MOTO X 2ND GENERATION Cell Phone Memory C,11.95,0.77795064,HTC M8 Cell Phone Memory Card 16GB microSDHC Memor,11.95,0.7632098,Verizon Ellipsis 10 Tablet Memory Card 16GB microS,11.95,0.7626467
B0B17FV1GF,"Acer Chromebook 315 CB315-4H CB315-4H-C2JF 15.6"" Chromebook - Full HD - 1920 x 1080 - Intel Celeron ",Acer,Computers,299.0,227.47828494767276,-71.52171505232724,71.52171505232724,23.920306037567638,15,0.8418233,"Acer Chromebook Spin 511 R753T R753T-C2MG 11.6"" To",269.0,0.8993696,Acer Chromebook 314 CB314-1H-C66Z 14&quot; HD Note,189.0,0.8805464,"Acer 2022 Chromebook 315 15.6"" Full HD 1080p IPS T",212.0,0.87037975
B076JR5H1X,"PTC DB9 Serial (RS-232) Y-Splitter Cable, 1'ft (Single)",PTC,Computers,6.25,62.63049459932844,56.38049459932844,56.38049459932844,902.0879135892551,15,0.58184445,Cables4computer C4C-USB-2920 FTDI Chipset High Spe,12.8,0.64443743,PL2303TA USB RS232 to DB9 Cross Wired Rollover Nul,14.9,0.6304616,DTech Serial Cable to USB Adapter DB9 Male RS232 P,11.88,0.62752026
B07QC6YS8L,"VSDISPLAY 5"" ZJ050NA-08C 5 inch 640X480 LCD Screen Work with HD-MI LCD Controller Driver Board VS-N5",VSDISPLAY,Computers,69.99,38.03040456526196,-31.959595434738034,31.959595434738034,45.66308820508363,15,0.61982214,"VSDISPLAY 12.3"" 12.3 inch 1280X480 LCD Screen LQ12",129.0,0.7382956,VSDISPLAY HD-MI VGA DVI Audio LCD Driver Board for,29.99,0.7301022,"VSDISPLAY 7"" 7 Inch 1280X800 IPS LCD Screen N070IC",69.99,0.7298463
B0874KSR68,OUWEE RC30-0287 Laptop Battery Compatible with Razer Blade Pro 17 2019 2020 RZ09-0287 RZ09-02876 RZ0,OUWEE,Computers,69.99,44.54746256682337,-25.442537433176625,25.442537433176625,36.351675143844304,15,0.6739235,New BETTY4 Laptop Battery Compatible with Razer Bl,79.99,0.75400925,OUWEE B41N1526 Laptop Battery Compatible with Asus,47.0,0.7278713,efohana C41N1531 Laptop Battery Replacement for RO,42.74,0.7061039
B00R3NPNN6,Lenovo 41A9684 280 WATTS Power Supply for M58,Lenovo,Computers,58.71,98.96804327866316,40.25804327866316,40.25804327866316,68.5710156339008,15,0.6178442,"IdeaPad Z585 15.6"" LED Notebook - AMD - A-Series A",299.0,0.68663484,IBM 24R2730 x3650 835W Hot Swap Power Supply,48.95,0.6800214,A-Tech 4GB KIT (2 x 2GB) For IBM-Lenovo ThinkCentr,36.44,0.64039505
B00BXOEHII,"Dell Optiplex 745 Small Form Factor Desktop w/ Intel Pentium D@3.00GHz, 2GB RAM, 80GB HD and license",GBBC,Computers,104.27,171.4657286854636,67.1957286854636,67.1957286854636,64.44397111869532,15,0.7259961,Dell Optiplex 7010 Business Desktop Computer (Inte,224.09,0.7665302,Dell Optiplex 7010 Business Desktop Computer (Inte,104.99,0.7628813,Delll Optiplex - Intel Pentium D 3.0ghz - 160GB HD,135.5,0.745678
B000T5JAWU,"Kingston Technology ValueRAM 1 GB, DDR2, Non-ECC, PC2 – 6400, CL5 (5 – 5-5 – 15), 800 MHz 1 GB DDR2 ",Kingston Technology,Computers,16.69,24.14466713277335,7.4546671327733485,7.4546671327733485,44.665471137048215,15,0.744771,A-Tech 2GB DDR2 533MHz PC2-4200 200-pin SODIMM Lap,17.09,0.7753576,NANYA Genuine NT2GC64B88G0NF-CG Computer Memory 2G,11.7,0.7698499,HYNIX 2GB PC2-6400U DDR2 MEMORY MODULE HMP125U6EFR,12.41,0.75937104
B08HQNHCS8,"LIQUN Cat8 Ethernet Cable 20ft, Internet Network Cables, RJ45 Cat8 LAN Network Internet Cord 2000Mhz",LIQUN,Computers,6.99,16.11722325741134,9.12722325741134,9.12722325741134,130.57544002019083,15,0.8300219,"Cat8 Ethernet Cable 50ft,High-Speed 40Gbps 2000Mhz",25.99,0.8501682,"YixGH CAT 8 Ethernet Cable 5ft, Internet Network C",5.99,0.84637284,Cat8 Ethernet Cable 50ft Black - High Speed Flat I,22.99,0.8399705
B01IOACQRM,BoxWave Screen Protector Compatible with Nikon D5 (Screen Protector by BoxWave) - ClearTouch Crystal,BoxWave Corporation,Computers,9.95,12.293274266201188,2.3432742662011883,2.3432742662011883,23.550495137700388,15,0.6124041,Screen Protector for Amazon Fire HD 10 (5th Gen 20,5.95,0.7491894,BoxWave Screen Protector Compatible with Garmin Dr,14.95,0.63940144,BoxWave Screen Protector Compatible with Wacom Int,24.95,0.63090587
B00ZB73OIW,"iShoppingdeals PU Leather Folding Folio Cover Case for Gigaset 8"" Tablet (Model QV830 Only), Black",iShoppingdeals,Computers,11.95,15.816090298154432,3.8660902981544325,3.8660902981544325,32.35222006823793,15,0.7017447,iShoppingdeals - for Samsung Galaxy Note 8.0 (GT-N,11.95,0.836161,Gigaset QV830 8 Inch Tablet Case - UniGrip Edition,12.95,0.8128564,ProCase Galaxy Tab A 8.0 Case 2017 Old Model T380 ,21.99,0.71151
B06XQ4YMCB,"Tripp Lite 6ft 2-Port Usb 3.0 Superspeed Desktop Extension Cable M/F 6' (U324-006-DSK2), Black",Tripp Lite,Computers,27.21,19.315568364434064,-7.894431635565937,7.894431635565937,29.012979182528248,15,0.7373947,"USB 3.0 Extension Cable 25Ft,USB 3.0 High Speed Ex",18.59,0.77082103,6 Pack A-MALE TO A-FEMALE USB 3.0 CABLE (6 FT) (Ca,15.3,0.76680434,Tripp Lite Active USB 2.0 Extension Cable USB-A M/,32.29,0.7616637
B07J4M1F8R,"1TB 1000GB 2.5"" SSD Solid State Drive for Dell Inspiron 15 (5548), 15 (5551), 15 (5555), 15 (5558), ",HardDriveGeeks,Computers,64.99,277.9905883477909,213.00058834779088,213.00058834779088,327.74363494043837,15,0.7276389,CMS 512GB 2.5-inch Internal SSD Compatible with De,39.0,0.8009881,"2021 Dell Inspiron 15 5000 Series 5502 Laptop, 15.",409.99,0.78288066,"Dell Compatible - 146GB 15K SAS 3.5"" HD -Mfg # M80",49.99,0.76717794
B0B8GXFPS9,"Seagate Exos X18 16TB Enterprise HDD - CMR 3.5 Inch Hyperscale SATA 6Gb/s, 7200 RPM, 512e and 4Kn Fa",Seagate,Computers,249.99,209.68600157062312,-40.30399842937689,40.30399842937689,16.122244261521214,15,0.64838296,Seagate Enterprise Capacity 3.5 HDD V.6 (Helium) H,199.45,0.7156161,Seagate 4TB Enterprise Capacity HDD 7200RPM SATA 6,39.99,0.7145255,Seagate 2TB Enterprise Capacity 3.5-Inch HDD 128 M,115.24,0.7096345
B074S8TMGH,XSPC 5060175589095 Cooler for PC,XSPC,Computers,159.95,76.77432330810039,-83.1756766918996,83.1756766918996,52.001048260018514,15,0.58250314,Thermaltake Core X71 Full Tower Computer Case Temp,216.75,0.6374186,"E30325-001 Intel Socket-771 Cooler, P/N: E30325",35.5,0.6120348,Corsair Dominator Platinum 8GB (2x4GB) DDR4 3000MH,186.68,0.59496075
B098JJ22VQ,"UUcovers 10.1"" Case for Kindle Fire HD 10 (Only Fits 11th Gen,2021 Release) & Fire HD 10 Plus (11th ",UUCOVERS,Computers,23.99,24.21788787782187,0.22788787782187114,0.22788787782187114,0.9499286278527351,15,0.85146046,"UUcovers 10.1"" Kindle Fire HD 10 (11th Gen, 2021) ",21.99,0.9078461,UUcovers Kindle Fire HD 10 Tablet Protective Case ,28.99,0.8910769,Uliking Fire HD 10 Case 9th/7th/5th Generation wit,29.99,0.8781113
B07HB9WNZV,"Apple iMac ME086LL/A 21.5-Inch Desktop 8GB RAM, 128GB Storage (Renewed)",Apple,Computers,490.0,344.0076145514651,-145.9923854485349,145.9923854485349,29.79436437725202,15,0.7286396,Apple iMac MRQY2LL/A 27 Inch Early 2019 i5 3.0GHz ,999.0,0.8200611,"Apple MacBook Pro with Retina, Touch Bar, Intel Co",644.23,0.7805222,"8GB 2X 4GB Memory for Apple iMac 21.5"" 3.06GHz Int",49.99,0.7675168
B00EKJWZ7I,"HQRP AC Adapter Charger Compatible with 7"" Dropad Android Tablet PC, Power Supply Cord + Euro Plug A",HQRP,Computers,10.91,14.001365392872245,3.0913653928722447,3.0913653928722447,28.33515483842571,15,0.65588385,HQRP AC Adapter Charger Compatible with Eken W70 W,8.91,0.83534896,HQRP AC Adapter Compatible with Eton GRUNDIG FR360,12.95,0.69364846,HQRP AC Power Adapter Compatible with Sony HandyCa,8.91,0.6810162
B08937HPFB,Silicone Keyboard Cover Skin for 2020 MacBook Pro 13 inch (Model:A2338 M1/A2289/A2251) & 2019 MacBoo,Nalian,Computers,8.99,9.349196824335023,0.3591968243350223,0.3591968243350223,3.995515287375109,15,0.8428256,Keyboard Cover for 2020-2022 New MacBook Pro 13 in,6.99,0.8768975,KZIK Silicone Keyboard Cover Compatible with MacBo,7.99,0.8768344,SANFORIN Silicone Keyboard Cover Skin for 2020 Mac,8.99,0.87578106
B07MLT3RD4,Cisco AIR-CAP2602I-A-K9 AIRONET 2602I IEEE 802.11N 4P,Cisco,Computers,52.37,48.83733763925753,-3.5326623607424708,3.5326623607424708,6.745584038079952,15,0.5566256,Cisco Wireless Networking (AIR-CAP2602I-A-K9),49.0,0.68078625,Wireless keypad 2.4g,7.67,0.6000037,802.11G Range Extender,21.95,0.57662344
B07RG217R3,Mushkin Helix-L – 1TB PCIe NVMe 1.3 – M.2 (2280) Internal Solid State Drive (SSD) – Gen3 x4 – 3D TLC,Mushkin,Computers,43.99,214.24281971003873,170.25281971003872,170.25281971003872,387.026187110795,15,0.65382344,"Samsung PM981 Polaris 1TB M.2 NGFF PCIe Gen3 x4, N",179.0,0.7056298,Gigabyte NVMe 1.3/ M.2/ PCIe 3.0x4/ 512GB SSD (GP-,69.99,0.6935626,Micron 2200 MTFDHBA512TCK-1AS1AABYY 512GB NVMe PCI,112.99,0.6885224
B0BM4G8L8C,"Beelink SEI11 Mini PC 11th Generation Intel i5-11320H Processor (up to 4.5GHZ),Mini Computer with 16",Beelink,Computers,309.0,422.0115803266296,113.0115803266296,113.0115803266296,36.573326966546794,15,0.79922414,Beelink Mini pc 10 Cores 12th Generation Intel i5-,449.0,0.92657,Beelink SEi10 Mini PC 10th gen Intel i5-1035G1(up ,429.0,0.89291304,"Beelink Sei11 Intel 11th i5 11320H Upto 4.5Ghz, In",309.0,0.85996735
B09DT6LY3R,YMDK Chinese Style Keycaps 157 Key Dye Sub PBT ZDA Similar to XDA Keycap Dye Sub for MX Keyboard 104,YMDK,Computers,23.66,27.40268199640177,3.742681996401771,3.742681996401771,15.818605225704866,15,0.7753157,YMDK 136 Key Childlike Keycaps Dye Sub ZDA PBT Key,33.9,0.8741967,Hkfos PBT Keycaps 134 Keys DIY Keyboard Accessorie,19.99,0.7977157,New Arrial XDA 61 ANSI Dye Sub Lotus Gray Keycaps ,31.5,0.78812844
B07CQY7N7M,WALNEW Universal Waterproof eReader Protective Case Cover for Amazon All-New Kindle 2022/Kindle Pape,WALNEW,Computers,14.99,21.526400253031493,6.536400253031493,6.536400253031493,43.60507173469975,15,0.70001537,WALNEW Stand Case Fits Kindle Paperwhite 10th Gene,17.99,0.73311865,"Flip Cover for Kindle Touch (2012 Old Model) case,",12.99,0.7207916,WALNEW Case for Kindle Paperwhite Prior to 2018(Mo,13.99,0.71824944
B08B5RHTM2,"ASUS CHROMEBOX3-NC356U Mini PC with Intel Celeron, 4K UHD Graphics and Power Over Type C Port, Star ",ASUS,Computers,239.99,196.39360921603827,-43.59639078396174,43.59639078396174,18.165919739973223,15,0.71046615,ASUS CHROMEBOX-M004U Desktop,79.99,0.82992524,"Acer Chromebox, Intel Celeron 3867U-Processor, 4GB",269.99,0.7651437,"NewLenovo 3 11"" Lightweight Chromebook Laptop PC C",138.5,0.71746945
B0C32T31QP,"ARESGAME AGT Series 850W Power Supply, 80+ Gold Certified, Fully Modular, FDB Fan, Compact 140mm Siz",ARESGAME,Computers,119.99,158.52270260810658,38.53270260810659,38.53270260810659,32.11326161188982,15,0.6926061,"ARESGAME AGV Series 750W Power Supply, 80 Plus Bro",70.99,0.8543384,Rosewill 1600-Watt Intel Haswell Ready 80 Plus Sil,225.99,0.75605637,"EVGA SuperNOVA 1000 G+, 80 Plus Gold 1000W, Fully ",195.9,0.7201023
B0928NNMMR,"Tablet Android 11 Tablets, 8 inch Tablet 2GB RAM, 32GB ROM Support 512GB Expand Computer Tablet PC, ",COOPERS,Computers,49.99,95.15170760774494,45.16170760774494,45.16170760774494,90.34148351219231,15,0.7846829,"Tablet 64GB 10 Inch Tablet, Android 11 Tablets, 60",49.99,0.83171964,"SGIN 10 inch Tablet, Android 12 Tablet Quad-Core A",99.99,0.8255806,"Tablet 10.4 inch,Android 11 GO Tablet,Quad-core 1.",59.99,0.81712675
B013K0UVW8,Delkin USB 3.0 Dual Slot SD & microSD Travel Reader (DDREADER-46),Delkin,Computers,20.82,19.22063008870824,-1.5993699112917596,1.5993699112917596,7.681891985070892,15,0.71564615,SD Card Reader USB 3.0 7-in-1 Portable Memory Card,17.47,0.78508264,"Card Reader USB 3.0 with USB-C Adapter, 7 in 1 Mem",18.47,0.77212197,"ERCRYSTO Card Reader and 3 Ports USB Hub, High Spe",9.99,0.7625777
B0B729G964,Hydro X Series XF Ball Valve- Black,Corsair,Computers,19.99,18.98358423647446,-1.0064157635255384,1.0064157635255384,5.034596115685535,15,0.60280925,"CORSAIR Hydro X Series, XF Ball Valve, Chrome",26.99,0.9556963,Richer-R Water Cooling Valve G1/4 Internal Threads,8.95,0.630383,Alphacool 17033 HF Double Nipple G1/4'' Outer Thre,10.05,0.6151306
B09CYFHQW2,"KARABI Compatible with MacBook Air 13 2022,2021,2020,2019,2018, A2337 M1 A2179 Retina Display+Touch ",KARABI,Computers,31.99,21.306358237423993,-10.683641762576006,10.683641762576006,33.3968170133667,15,0.82066625,Case Compatible with MacBook Air 13 inch 2020 2019,21.99,0.8460964,Bandless Case Compatible with MacBook Air 13 Retin,22.99,0.831566,Case Compatible with MacBook Air 13 Retina 2020 20,22.99,0.8305949
B00IEJABK8,"HP-Compaq Pavilion DM4-3170SE Beats Edition 14.0"" WXGA++ HD+ Slim LCD LED Display Screen",HP,Computers,80.2,61.09178655399927,-19.108213446000732,19.108213446000732,23.825702551123108,15,0.6982799,Compaq Laptop LCD Screen for HP Pavilion DV6-6119W,65.33,0.78369105,"17.3"" WXGA+ Glossy LED Screen For HP 612097-001",70.18,0.7381755,"14"" WXGA Glossy LED Screen For Compaq Presario CQ4",50.62,0.7348818
B009XZ4GRG,LaCie 1TB Porsche Design P'9221,LaCie,Computers,78.64,168.32690486546426,89.68690486546426,89.68690486546426,114.04743751966461,15,0.6261904,Lacie Porsche Design 2TB 3.0 USB Mobile External H,274.31,0.7632561,MBD- Truckee UL8E w/VT6315N-CE,198.02,0.6796123,LaCie Rugged RAID With Integrated Thunderbolt Cabl,345.0,0.6711944
B09VY8YWCD,"HP Newest 17t Laptop, 17.3'' HD+ Touchscreen, Intel Core i5-1135G7 Processor, Wi-Fi 6, Backlit Keybo",HP,Computers,739.0,717.2875150652953,-21.712484934704662,21.712484934704662,2.9380899776325657,15,0.88288915,"2022 Newest HP 17t Laptop, 17.3"" HD+ Touchscreen, ",769.0,0.97879636,"2021 Newest HP 15 Business-Laptop, 15.6"" HD Touchs",539.0,0.9618063,"HP Laptop, 15.6"" HD Touchscreen, AMD Athlon Gold 3",699.0,0.9061717
B09SZDDHZP,Timecity Case for Samsung Galaxy Tab A8 10.5 inch SM-X200/X205/X207 with 360 Degree Rotatable Kickst,timecity,Computers,27.99,16.64339182207002,-11.34660817792998,11.34660817792998,40.53807852065016,15,0.841649,BRAECN Samsung Galaxy Tab A8 10.5 Inch Case for Ki,24.99,0.8853432,Fintie Hybrid Slim Case for Samsung Galaxy Tab A8 ,17.99,0.8701268,Case for Samsung Galaxy Tab A 8.0 SM-T290/T295 (20,20.99,0.86719376
B008L2YPKK,"HP FBWC Capacitor Pack 36"" Cable for Smart Array Controllers 660093-001",HP,Computers,67.0,60.122427635157536,-6.8775723648424645,6.8775723648424645,10.265033380361889,15,0.55719244,HP Aruba 2920-24G-PoE+ - switch - 24 ports - manag,371.25,0.6000574,HP P410/512 MB with BBWC Smart Array 462864-B21,133.64,0.5931637,uxcell a Type 24-pin Forward Direction FFC FPC Rib,10.19,0.5736179
B095JS2M79,"Laptop Stand, Adjustable Computer Riser Notebook Holder for Laptop, Ergonomic Foldable Portable Lapt",Skrebba,Computers,29.99,24.01053124503294,-5.979468754967058,5.979468754967058,19.93820858608556,15,0.7730993,"CLUBYO Laptop Stand for Desk, Ergonomic Adjustable",20.99,0.84276235,Urmust Laptop Stand for Desk Aluminum Computer Sta,36.99,0.83066714,"Laptop Stand,Ergonomic Aluminum Laptop Mount Compu",29.99,0.8195854
B009NKPPEO,MICRON MEM DIMM 1GB PC2-5300 CL5 PB-FREE,Micron,Computers,12.99,66.6296437365064,53.63964373650639,53.63964373650639,412.9302828060538,15,0.69694465,MICRON 2GB PC3-10600U DDR3 MEMORY MODULE MT8JTF256,8.86,0.79179,16GB (1x16GB) Micron MTA16ATF2G64HZ-2G3B1 DDR4 240,44.34,0.7384556,8GB PC3-12800 DDR3 1600MHZ 1.35V SODIMM Memory HMT,11.47,0.7191441
B07HKM64N3,"Avolusion 750GB USB 3.0 Portable External Gaming Hard Drive (for PS4 HDD, Pre-formatted)",Avolusion,Computers,38.99,51.32579626725396,12.335796267253961,12.335796267253961,31.63835923891757,15,0.8122742,Avolusion 750GB USB 3.0 Portable External PS4 Hard,38.99,0.9809226,Avolusion 1TB USB 3.0 Portable External Gaming Har,39.99,0.9307295,Avolusion Mini HDDGear Pro 2TB USB 3.0 Portable Ex,49.5,0.89748096
B08NWJPTHH,Enermax Liqmax III 360 Addressable RGB AIO CPU Liquid Cooler + HF120 RGB PWM Fans 3-Pack (Bundle),Enermax,Computers,119.99,210.25596830043585,90.26596830043586,90.26596830043586,75.22790924280012,15,0.7098606,Enermax Liqmax III 360 White A-RGB AIO CPU Liquid ,91.79,0.8301864,"Thermaltake Floe 240mm, 16.8 Million Color Softwar",146.98,0.746859,Cooler Master MasterLiquid ML280 Mirror Close-Loop,105.07,0.746793
B01MY0QJ4A,MingShore Custom Case For Huawei MediaPad M2 10.0 Kids Friendly M2-A01L M2-A01W Shockproof Soft Tabl,MingShore,Computers,23.95,15.668305907455782,-8.281694092544218,8.281694092544218,34.579098507491516,15,0.6815083,Meijunter Tablet Case - Gel Silicone Rubber Shell ,9.13,0.78459406,Kids Proof Case for Samsung 7 inch Tablet Galaxy T,16.99,0.7136813,"FIEWESEY for Lenovo Tab M8 8 Inch Gen 3 2022 Case,",19.99,0.7082674
B00TXW37S8,LG LP156WH3(TL)(S2) Replacement Screen for Laptop LED HD Glossy by HP,Unknown,Computers,59.63,57.762817613298274,-1.867182386701728,1.867182386701728,3.131280205771806,15,0.7485602,"Generic New 14.0"" HD Glossy Replacement LED LCD Sc",44.57,0.8198228,SCREENARAMA New Screen Replacement for LP156WHB(TP,56.19,0.75786555,"New 17.3"" LED WXGA++ Glossy HD LCD Replacement Lap",64.35,0.7574475
B09NN54DPG,"HONKID Esc Keycap for Mechanical Gaming Keyboard Switches, Custom Keycaps for Esc and Tab Key with M",HONKID,Computers,19.99,19.907045015331033,-0.08295498466896589,0.08295498466896589,0.4149824145521055,15,0.70505124,"CN GAMING Fruit Drink Style Cute Keycap, Artisan R",18.88,0.74554896,E-Element Keycaps Doubleshot Keycaps with Keycap R,8.99,0.7387947,"PBT keycap, 104-key Customization, 60% Backlight w",17.99,0.7230994
B0912CGY5Q,"MSI GL65 Gaming Laptop: 15.6"" Display, Intel Core i5-10300H, NVIDIA GeForce GTX 1650, 16GB RAM, 512G",MSI,Computers,898.88,508.2656882184902,-390.6143117815098,390.6143117815098,43.45566836301951,15,0.73001474,MSI Gaming GeForce GTX 1080 8GB GDDR5X SLI DirectX,155.37,0.76555526,"Newest MSI GF63 Premium Gaming Laptop, 15.6"" FHD T",784.14,0.7563685,Acer Nitro 5 AN515-55 Gaming Laptop Intel Core i5-,749.99,0.73640424
B07BV1WH6Y,"Gizmo Dorks Checkpoint Friendly Neoprene Laptop Carrying Sleeve for The Apple MacBook Pro 13-Inch, B",Gizmo Dorks,Computers,13.97,17.31369889117415,3.3436988911741476,3.3436988911741476,23.934852477982442,15,0.7716253,Cosmos Neoprene Notebook Protective Sleeve Case La,13.97,0.81379354,Laptop Sleeve Case Compatible with 13 Inch MacBook,15.95,0.7939681,13 13.3 Inch Laptop Sleeve Case for MacBook Pro 13,23.99,0.78960013
B0B9J11YV9,"SAMSUNG Galaxy Tab A8 10.5"" FHD Touchscreen Android Wi-Fi Tablet, Gray, 64GB Storage (32GB Internal ",SAMSUNG,Computers,249.0,239.5838580494718,-9.416141950528214,9.416141950528214,3.7815831126619335,15,0.737673,SAMSUNG Galaxy Tab A 8.0-inch Android Tablet 64GB ,214.0,0.8299317,SAMSUNG Galaxy T290 Tab A 8-Inch 32 GB WiFi Androi,179.99,0.78741884,"Samsung Tab A7 Lite (64GB) 8.7"" Wi-Fi Tablet (SM-T",124.89,0.74416745
B0BCKSRFYP,"HUNSN Micro Firewall Appliance, Mini PC, VPN, Router PC, Intel N5105, RJ03m, AES-NI, 4 x Intel 2.5Gb",HUNSN,Computers,228.99,490.74803448444504,261.75803448444503,261.75803448444503,114.30981024693001,15,0.62936515,"HUNSN Micro Firewall Appliance, Mini PC, VPN, Rout",267.99,0.9654476,"KingnovyPC Firewall Micro Appliance, 6 Port i225 2",361.09,0.6854278,"MOGINSOK Firewall Appliance Mini PC, Intel Celeron",229.68,0.6539173
B091TGLHRD,"Cute Cat Stickers for Water Bottles 50PCS, Kawaii Kitten Cartoon Animal Stickers for Hydro Flask Scr",RGBEE,Computers,6.39,7.460127069763133,1.0701270697631333,1.0701270697631333,16.74690250020553,15,0.83856434,"Cute Pig Stickers for Water Bottles 50PCS, Kawaii ",6.29,0.9543108,"300 Pieces Mixed Stickers for Water Bottles, Vinyl",8.99,0.8616287,Cute cat Stickers for Laptop Stickers Car Cartoon ,5.99,0.84761727
B08BPJRLT9,"Dell Optiplex 7020 Desktop Computer PC, 8GB RAM, 500GB HDD Hard Drive, Windows 10 Professional 64 Bi",Dell,Computers,322.88,222.84390126838449,-100.03609873161551,100.03609873161551,30.98243890349836,15,0.83363724,"Dell Optiplex 7020 Business Desktop Computer, Inte",288.25,0.9601686,Dell Desktop Computer Package Compatible with Dell,120.92,0.9502534,Dell Optiplex 7010 Business Desktop Computer (Inte,224.09,0.8377657
B07C3146M4,"Dockem Koala Wall Mount 2.0: Damage-Free Universal Dock for Smartphone, Tablet, eReader: for iPad 1,",Dockem,Computers,16.99,43.39790983898672,26.407909838986722,26.407909838986722,155.43207674506607,15,0.58030456,Smart Home Mount Wall Mount Kit for Apple iPad 10.,49.5,0.60696125,VidaMount iPad 2/3 / 4 On Wall Metal Frame - Black,154.99,0.60056627,Gooseneck Tablet Mount Holder for Bed - Lamicall F,25.99,0.59222424
B09ND5HQTK,SightPro 27 Inch Computer Privacy Screen Filter for 16:9 Widescreen Monitor - Privacy Shield and Ant,Unknown,Computers,65.05,37.70602673212095,-27.34397326787905,27.34397326787905,42.035316322642664,15,0.8042378,Computer Privacy Screen Filter for 24 Inch Widescr,49.99,0.87525904,19.5 Inch Computer Privacy Screen Filter for 16:9 ,32.79,0.8635274,22 inch Computer Privacy Screen Filter - Suitable ,37.99,0.8633193
B08FTJZ6MX,"mCover Case Compatible ONLY for 2020~2023 13.4"" Dell XPS 13 9300/9310 / 9315 non-2-in-1 Models Noteb",MCover,Computers,19.99,23.010561542756573,3.0205615427565746,3.0205615427565746,15.11036289523049,15,0.8174952,"mCover Case Compatible for 2021-2022 15.6"" Dell In",23.99,0.8838004,"mCover Case Compatible for 2019-2021 14"" Dell Insp",17.99,0.8794751,"mCover Case Compatible for 2017~2019 11.6"" Dell Ch",19.99,0.84399647
B0B11V1585,Coliao 4pcs ESP32 Breakout Board GPIO 1 into 2 for 38PIN Narrow Version ESP32 ESP-WROOM-32 Microcont,Coliao,Computers,13.99,43.867389033722944,29.87738903372294,29.87738903372294,213.56246628822691,15,0.49603835,2pcs ESP32-DevKitC core Board ESP32 Development Bo,14.99,0.7179276,MELIFE Electronics Component Fun Kit w/Power Suppl,13.99,0.52835643,Aideepen ESP32-CAM W-BT Board ESP32-CAM-MB Micro U,12.99,0.5140227
B06Y1ZGH18,"ArmorSuit MilitaryShield Full Body Skin Film + Screen Protector for Apple iPad 9.7"" (2017/2018 Relea",ArmorSuit,Computers,19.95,14.055926950210774,-5.894073049789226,5.894073049789226,29.54422581347983,15,0.8284109,ArmorSuit MilitaryShield Full Body Skin Film + Scr,19.95,0.96296763,ArmorSuit MilitaryShield Full Body Skin Film + Scr,19.95,0.9624675,ArmorSuit MilitaryShield Screen Protector for New ,12.95,0.9483933
B07M7S7YTF,Case Star Compatible with MacBook air 13 Inch Case A1932 Plastic Hard Shell Cover Matte Rubberized (,Case Star,Computers,16.08,18.554523798994346,2.4745237989943476,2.4745237989943476,15.388829595735995,15,0.8571989,Laptop Hard Case for MacBook Air 13 inch Case A136,14.99,0.8879606,Case Compatible with MacBook Air 13 inch 2020 2019,21.99,0.87636447,ProCase MacBook Air 13 Inch Case 2020 2019 2018 Re,15.99,0.8750832
B00ZI8J6O0,"WD Grip Pack for My Passport Ultra 2TB with USB 3.0 Cable, Grape (WDBFMT0000NPL-NASN)",Western Digital,Computers,14.99,104.57077738286806,89.58077738286806,89.58077738286806,597.6035849424154,15,0.65040433,WD 2TB My Passport Ultra Portable External Hard Dr,87.0,0.79418606,WD 2TB Red My Passport Portable External Hard Driv,73.99,0.69842744,WD 5TB My Passport Portable External Hard Drive wi,107.99,0.69750124
B06XTTPT7C,JANRI Replacement Hard Drive Connector HDD FFC SATA Cable for Lenovo Y700 Y710 Y700-15 Y700-17 Y700-,JANRI,Computers,14.99,14.94983491126863,-0.0401650887313707,0.0401650887313707,0.2679458888016724,15,0.6371633,New SATA Hard Drive Cable Connector SSD HDD Cable ,12.99,0.7019687,"HDD SSD SATA Hard Drive Connector for Pro 17"" Unib",16.83,0.69295007,HDD SSD SATA Hard Drive Connector for Dell Latitud,25.56,0.6594881
B0BHHFF2SP,"TJD Android 11 Tablet 10.1 Inch Tablets with Stand, 4GB RAM 128GB ROM 512GB Expandable, Quad-Core Pr",TJD,Computers,109.99,84.29650128460932,-25.693498715390675,25.693498715390675,23.359849727603123,15,0.7864452,"TJD 10 inch Tablet, Octa-Core Processor, Android 1",69.99,0.8544515,"Tablet, 10 inch Tablets Android, 64GB ROM & 512GB ",54.96,0.84674,"Tablet 10.4 inch,Android 11 GO Tablet,Quad-core 1.",59.99,0.8411995
B089VP2NBJ,OTTERBOX Alpha Glass Series Screen Protector for Microsoft Surface Go 2 - Clear,OtterBox,Computers,15.7,16.521708842623344,0.8217088426233445,0.8217088426233445,5.233814284225124,15,0.65635896,"for iPad 10.9 inch (10th Gen, 2022) Tempered Glass",16.99,0.6820666,S.G. for Microsoft Surface Duo Screen Protector - ,8.19,0.6814166,[2-Pack] for Echo Show 8 (1st Gen) Screen Protecto,11.49,0.67757195
B0075327TM,D-Link Systems DIR-835 Wireless N750 Dual-Band Router (Discontinued by Manufacturer),D-Link,Computers,31.66,115.1700999181927,83.51009991819271,83.51009991819271,263.77163587552974,15,0.6745218,Linksys N750 Wi-Fi Wireless Dual-Band+ Router with,25.45,0.8089964,Linksys N900 Wi-Fi Wireless Dual-Band+ Router with,89.89,0.7151494,Linksys EA9400 Max-Stream AC5000 MU-MIMO Wi-Fi Tri,370.97,0.6905612
B0797RWQK8,SEDNA - 2 Port Ethernet RJ45 Manual Switch (2-in 1-Out or 1-in 2-Out),Sedna,Computers,11.9,103.23907734822778,91.33907734822778,91.33907734822778,767.5552718338469,15,0.5664269,Cmple 8-Port 10/100 Mbps Fast Ethernet Network Swi,18.99,0.587361,Sedna 10 Port USB 2.0 Internal Hub (Floppy Bay),28.8,0.5868213,CablesOnline 2-Way A/B RJ45 Metal Rotary Manual Sw,21.25,0.58491886
B003O9OFE6,KOMPUTERBAY 4GB (2 X 2GB) DDR2 SODIMM (200 pin) 800Mhz PC2 6400 / PC2 6300 for Dell HP 4 GB KIT,KOMPUTERBAY,Computers,11.0,30.47234170610987,19.47234170610987,19.47234170610987,177.02128823736246,15,0.74667066,Komputerbay 16GB (4 X 4GB) DDR3 DIMM (240 pin) 133,17.5,0.8200729,Komputerbay 8GB (2X 4GB) DDR3 SODIMM (204 pin) Mad,114.88,0.79572946,Komputerbay 512MB SDRAM SODIMM (144 Pin) LD 133Mhz,38.62,0.76840436
B083BMR9TD,"iClever BK10 Bluetooth Keyboard, Multi Device Keyboard Rechargeable Bluetooth 5.1 with Number Pad Er",iClever,Computers,33.99,65.78548927565583,31.795489275655832,31.795489275655832,93.54365776891977,15,0.67929447,iClever BK06 Bluetooth Keyboard - Multi-Device Por,52.99,0.83329093,"Bluetooth Keyboard, iClever DK03 Wireless Keyboard",32.99,0.78757834,obVus Solutions - minder Foldable Keyboard Bluetoo,49.99,0.6926398
B07D66628R,Laptop Ac Adapter Charger for Toshiba Satellite P75-A7100 PSPLNU-04702K; Toshiba Satellite P75-A7200,Galaxy Bang USA,Computers,16.99,17.5143350260567,0.5243350260567006,0.5243350260567006,3.0861390586032997,15,0.82122785,Laptop Ac Adapter Charger for Toshiba Satellite L8,16.99,0.93335575,Laptop Ac Adapter Charger for Toshiba Satellite L3,19.99,0.89864635,Laptop Ac Adapter Charger for Samsung NP550P5C-A01,19.99,0.86953646
B0BNNTHG1L,Cherry MC 2000 - Optical Mouse - Corded - Tilt-Wheel Technology - Symmetrical Design – Black,Cherry,Computers,17.48,54.06812930593768,36.588129305937684,36.588129305937684,209.31424088065035,15,0.6165401,Mini Mouse 2 Pack for Laptop Ergonomic Computer Mo,12.99,0.6728455,Posturite Penguin Ambidextrous Wired Ergonomic Mou,86.0,0.6669108,"ELECOM DEFT Trackball Mouse, Wired, Finger Control",33.99,0.63053536
B08KYGY5DP,"Avita Magus II 10.1"" HD Tablet with Detachable Keyboard, Windows 10, Intel Celeron N4000 Processor, ",Avita,Computers,149.99,368.9105635087078,218.9205635087078,218.9205635087078,145.9567727906579,15,0.65409887,"AOYODKG Tablet 2 in 1 with Keyboard, 10.1 inch And",79.99,0.6834667,"ASUS ZenBook 13 Ultra-Slim Laptop, 13.3” FHD NanoE",950.61,0.6769087,ASUS ZenPad 10 10.1-inch IPS WXGA (1920x1200) FHD ,264.99,0.67179775
B00A1SDRJW,Compaq HP Pavilion DV4-4000 Wireless WiFi Card 657325-001,Compaq,Computers,14.99,54.74226747420576,39.75226747420576,39.75226747420576,265.1919111021065,15,0.59340477,HP 675793-001 lt2523 LTE/HSPA+ mobile broadband mi,55.0,0.6414399,HP DV2000 Compaq V3200 Motherboard AMD 440768-001 ,19.89,0.6041485,A-Tech 4GB KIT 2X 2GB HP-Compaq Presario Notebook ,39.92,0.6037018
B00WHW76NI,Dell Gigabit Ethernet Card,Dell,Computers,21.98,62.1003101766503,40.12031017665029,40.12031017665029,182.53098351524247,15,0.61532646,StarTech.com 1-Port Gigabit Ethernet Network Card ,34.94,0.69602275,StarTech.com 1 Port 10G PCIe Network Card - 10GBas,323.26,0.6480119,EDUP Gigabit Ethernet PCI Express PCI-E Network Ca,13.99,0.6460612
B003U8I1RS,Laptop AC Adapter/Power Supply/Charger+US Power Cord for Compaq Presario,Unknown,Computers,12.99,19.83092496293224,6.84092496293224,6.84092496293224,52.66300972234211,15,0.7534352,AC Adapter/Power Supply&Cord for HP 6535s G5000 CT,8.23,0.79649174,NEW AC Adapter/Power Supply Cord for Toshiba API-7,12.99,0.7938924,Laptop/Notebook AC Adapter/Battery Charger Power S,11.89,0.79387
B00826UA4U,"14"" WXGA Glossy LED Screen For HP Pavilion G4-1229DX",Unknown,Computers,50.62,58.559746827739694,7.939746827739697,7.939746827739697,15.684999659699125,15,0.7977142,"17.3"" WXGA+ Glossy LED Screen For HP 612097-001",70.18,0.88511235,"14"" WXGA Glossy LED Screen For Compaq Presario CQ4",50.62,0.8524002,"New 17.3"" LED WXGA++ Glossy HD LCD Replacement Lap",64.35,0.84012747
B07T6L1WSB,"SCREENARAMA New Screen Replacement for Lenovo Ideapad 310-15ABR, FHD 1920x1080, IPS, Matte, LCD LED ",Unknown,Computers,87.5,57.983984413371175,-29.516015586628825,29.516015586628825,33.73258924186152,15,0.8188607,SCREENARAMA New Screen Replacement for Lenovo Idea,68.9,0.95806825,SCREENARAMA New Screen Replacement for Lenovo FRU ,52.05,0.89830315,SCREENARAMA New Screen Replacement for Lenovo Thin,52.05,0.8981287
B087M5ZNH2,"2020 Galaxy Tab A 8.4 Case, SM-T307/ SM-T307U Case, UGOcase Slim PU Leather Shockproof Multi-Angle V",UGOcase,Computers,16.99,14.177450578677618,-2.8125494213223803,2.8125494213223803,16.55414609371619,15,0.84316146,Wallet Case for Samsung Galaxy Tab A 8.4-Inch 2020,15.99,0.90193844,"UUcovers for 8"" Samsung Galaxy Tab A 8.0 2015 Case",15.99,0.8639945,"Galaxy Tab A 8.0 Case 2018, SM-T387 Case, Dteck Sl",12.99,0.85636646
B0C59WG9B9,"Lenovo IdeaPad Gaming 3 Laptop Computer, 15.6"" FHD Display 120Hz, AMD Ryzen 5 5600H, 32GB RAM, 1TB S",Lenovo,Computers,939.95,658.7257498445392,-281.2242501554608,281.2242501554608,29.919064860413936,15,0.8450209,"Lenovo IdeaPad 3 15.6"" FHD Premium Laptop | AMD Ry",679.99,0.90317786,"Lenovo IdeaPad 3 Gaming Laptop, NVIDIA GeForce RTX",859.99,0.8861278,"2020 Lenovo IdeaPad 15.6"" FHD LED Laptop Computer,",569.0,0.87440604
B097YF1GNM,LOVEVOOK Laptop Backpack for Women Work Laptop Bag Stylish Teacher Backpack Business Computer Bags C,LOVEVOOK,Computers,47.99,39.84981397544264,-8.140186024557359,8.140186024557359,16.962254687554402,15,0.85719025,"LOVEVOOK Laptop Backpack for Women, 17-inch Large ",44.98,0.88192683,"LOVEVOOK Laptop Backpack for Women, Water Resistan",39.99,0.87824154,LOVEVOOK Laptop Backpack Women 15.6 Inch Travel Ba,29.98,0.87717795
B08L39Y7Y6,MOSISO Laptop Shoulder Bag Compatible with MacBook Pro 16 inch 2023-2019 M2 A2780 M1 A2485 Pro/Max A,MOSISO,Computers,24.99,21.516257942907043,-3.473742057092956,3.473742057092956,13.900528439747722,15,0.8719142,MOSISO Laptop Shoulder Bag Compatible with MacBook,26.99,0.9376947,MOSISO Laptop Shoulder Bag Compatible with MacBook,25.99,0.9196479,MOSISO Vertical Laptop Shoulder Bag Compatible wit,25.99,0.8865761
B078SQ8TCC,Tesurty Replacement Laptop Battery for Acer Gateway NV50A NE56R31U NE56R41U NS41 NV55S NV55C NV75S N,Tesurty,Computers,21.98,32.49157932751598,10.511579327515978,10.511579327515978,47.82338183583247,15,0.73627454,Fancy Buying Laptop Battery for Acer AS10D31 AS10D,22.99,0.8769291,aowe Replacement Battery for ACER Aspire 5333 5336,22.49,0.8595546,OUWEE B31N1726 Laptop Battery Compatible with Asus,39.99,0.7678628
B00NZHPR12,Coollaboratory Liquid Copper,Coollaboratory,Computers,23.0,11.545565817360004,-11.454434182639996,11.454434182639996,49.80188775060868,15,0.5901105,"Thermal Grizzly Conductonaut - Aluminum, Thermal P",13.69,0.6820233,HK-part HY400 100g White Thermal Grease Paste Ultr,9.5,0.6296819,"4 Pieces Silicone Thermal Pad, 0.5mm 1mm 1.5mm 2mm",9.9,0.6201124
B08B5YMPBK,TREE.NB L12L4E55 L13M4A01 L13L4A01 Computer Battery for Lenovo IdeaPad Eraser B40 B50 N40 N50 M4400 ,TREE.NB,Computers,23.88,75.04549147227524,51.16549147227525,51.16549147227525,214.26085206145413,15,0.6673214,LBTECH L14S4P22 L14M4P23 L14L4P23 Compatible Lapto,35.89,0.7354157,Shareway 4-Cell Replacement Laptop Battery for Len,27.09,0.716416,ANTIEE 00UR891 01AV493 SB10L84121 Internal Battery,45.99,0.69872737
B07SPXTPGV,Arris DG1670A Touchstone Data Gateway Bulk Packed (Renewed),ARRIS,Computers,38.49,137.5414356633409,99.0514356633409,99.0514356633409,257.3432986836604,15,0.5679081,Arris DG1670A Touchstone Data Gateway Bulk Packed,31.05,0.9757975,Arris Touchstone DG3450 Cable Modem Wireless Gatew,119.97,0.6496879,Arris TM722G Telephony Cable Modem - DOCSIS 3.0,33.03,0.5661552
B01M0QMBV9,"2016 HP X360 Touchscreen 13.3-inch FHD 1920 x 1080 2-in-1 Convertible Laptop (Intel Core i5- 6200U, ",HP,Computers,399.99,720.716752679105,320.72675267910495,320.72675267910495,80.18369276209528,15,0.8676129,HP Envy x360 Flagship High Performance 2-in-1 Conv,899.99,0.9228042,"HP 2019 15.6"" HD Touchscreen Laptop Computer, 7th ",600.0,0.9073525,"2020 HP 15.6"" HD Touchscreen Premium Home & Busine",515.0,0.89747787
B09NRR6NTY,"2021 HP Newest Premium Laptop Computer, 17.3'' Full HD 1080P IPS Screen, 11th Gen Intel Core i5-1135",HP,Computers,789.99,691.0797264719549,-98.91027352804508,98.91027352804508,12.520446275021847,15,0.8682869,"HP 2021 17 Premium Laptop I 17.3"" FHD IPS 72% NTSC",719.0,0.8907604,"HP P Laptop, 17'' HD+ Anti-Glare Screen, 11th Gen ",779.99,0.8870441,"HP 17 Laptop PC, 17.3-inch HD+ Display, 11th Gen I",632.0,0.8841108
B07RF17GP5,"(3 Pack) Supershieldz Designed for Samsung Galaxy Tab A 10.5 inch (SM-T590, T595, T597) Screen Prote",Supershieldz,Computers,7.99,8.84506420682299,0.8550642068229894,0.8550642068229894,10.701679684893485,15,0.82782423,(3 Pack) Supershieldz Designed for Samsung Galaxy ,7.99,0.9476713,(3 Pack) Supershieldz Designed for Lenovo Tab M7 (,6.99,0.88437873,(3 Pack) Supershieldz Designed for School Zone Lit,7.99,0.8537368
B07XQ8JBSQ,"MoKo Case Fit Samsung Galaxy Tab A 8.0 T290/T295 2019 Without S Pen Model, Ultra Lightweight Slim-Sh",MoKo,Computers,5.99,12.486454793457796,6.496454793457795,6.496454793457795,108.45500489912847,15,0.82489735,MoKo Case Fit Samsung Galaxy Tab A 8.0 T290/T295 2,6.99,0.92854387,MoKo Case Fits Samsung Galaxy Tab A8 10.5 Inch 202,9.95,0.87495947,MoKo Case Compatible with Samsung Galaxy Tab A7 10,5.1,0.8722124
B09GNXVNB9,SNESH-5 in 1 Micro SD Card Reader Adapter Type C Micro USB SD Memory Card Reader Compatible with Mac,SNESH,Computers,5.99,13.635240994118151,7.645240994118151,7.645240994118151,127.6334055779324,15,0.68723845,Diamond Multimedia High Speed USB 3.1 Type-C- USB ,12.99,0.7329851,CY Mini Size USB 3.0 to Micro SD SDXC TF Card Read,12.88,0.73062277,"geekgo SD Card Reader,USB Memory Card Reader Adapt",13.98,0.71843076
B008C7C5OC,SanDisk Cruzer Fit USB 32GB Flash Drive (SDCZ33-032G-A11),SanDisk,Computers,22.99,23.894458961847196,0.9044589618471974,0.9044589618471974,3.9341407648855915,15,0.7516136,SanDisk Cruzer Glide USB 16GB Flash Drive,7.49,0.8798536,SanDisk Cruzer Fit CZ33 32GB USB 2.0 Low-Profile F,21.5,0.85822266,SanDisk Fast Performance Password Protected Cruzer,65.0,0.79663575
B0C279CYY4,"Micro PC Intel 8th Core i5-8279U (4C/8T, Up to 4.1GHz), I5 Mini PC with 8GB DDR4 RAM 500GB M.2 NVMe ",TRIGKEY,Computers,219.0,479.5811959856752,260.5811959856752,260.5811959856752,118.98684748204347,15,0.7185749,"Intel NUC 11 NUC11PAHi5 0GB DDR4 RAM,0GB SSD,Core ",379.0,0.7894325,"AWOW Mini PC Windows 10, 8GB RAM 128GB Storage Min",129.99,0.78178316,"Mini PC,Intel i5-11320H(Up to 4.5 GHz), Mini Deskt",329.99,0.7611927
B00DI8QBQI,"K-Musculo 8GB Mini Mike, Wazowski, Monster Inc. Shaped Cute Cartoon USB Flash Drives, Data Storage D",LeenCore,Computers,8.99,14.214125809316696,5.224125809316696,5.224125809316696,58.110409447349234,15,0.62853926,CHUYI Funny and Novelty Metal Guitar Shape 64GB US,11.99,0.6533798,CHUYI Novelty and Cute Music Note Shape Design 64G,11.99,0.6448629,USB Flash Drive 64GB Cute Penguin Model USB Drive ,12.98,0.6442332
B00L1GIWAW,"Black Box Data Tap, DB9, (3) DB9 Connectors, MFF",Black Box Network Services,Computers,43.43,69.94865402415275,26.518654024152745,26.518654024152745,61.06068161214079,15,0.5520204,"Black Box DB9 Serial Null-Modem Cable, DB9 Female/",48.4,0.7923428,"PcconnectTM PCCONNECT Modular Adapter, DB9 Male to",5.5,0.6125302,GB B450 AORUS PRO AM4 / B450 / DDR4 / S-ATA 600 / ,99.99,0.58035505
B074JSJSF3,"HumanCentric VESA Mount Adapter for AOC U2879VF, I2279, I2379VHE, I2779VH, I2279VWHE, P2779VC, Q3279",HumanCentric,Computers,29.99,76.09073379906255,46.10073379906255,46.10073379906255,153.72035278113557,15,0.6188762,Gladiator Joe Monitor Arm/Mount VESA Bracket Adapt,25.99,0.73610485,StarTech.com Monitor Wall Mount - Fixed - Supports,24.08,0.69333243,EasyMountLCD EZM Articulating Heavy-Duty Triple Mo,59.95,0.6466794
B08J7TPGJK,Mektron Case for MacBook Air 13 inch 2021 2020 2019 2018 Release A2337 M1 A2179 A1932 Keyboard Cover,Mektron,Computers,17.99,19.4764962511162,1.4864962511162005,1.4864962511162005,8.262903007872154,15,0.8614661,"Case for MacBook Air 13 inch, Gvtech Crystal Clear",7.99,0.89387846,MOSISO Compatible with MacBook Air 13 inch Case 20,14.99,0.8739307,IBENZER Compatible with New MacBook Air 13 inch Ca,17.99,0.8690522
B0017QHZ86,SanDisk Ultra - Flash Memory Card - 8 GB - CompactFlash,OEMPC WORLD,Computers,36.59,71.01424714166734,34.42424714166734,34.42424714166734,94.0810252573581,15,0.7560209,Cloudisk Compact Flash 32GB CF Card Memory Cards H,22.99,0.8418915,SanDisk Ultra 16GB Class 10 SDHC UHS-I Memory Card,7.9,0.7925633,SanDisk 32GB Ultra SDHC UHS-I Memory Card (10-Pack,69.99,0.7839112
B0B2VZJP4Y,"[2 Pack] LiuShan Tempered Glass HD Clear Scratch-Resistant 9H Hardness Film Screen Protector for 8"" ",LiuShan,Computers,13.98,9.732187835856493,-4.247812164143507,4.247812164143507,30.384922490296905,15,0.7091872,"Packard Bell 10.1 Tablet Screen Protector, Tempere",10.99,0.7268672,ZAGG InvisibleShield Glass Screen Protector for iP,12.49,0.7203082,Ratesell Lenovo Tab M8 FHD TB-8705F Screen Protect,10.99,0.7147238
B07ZNKTP4N,BRIGHTFOCAL New Screen Replacement for ASUS ROG GU501GM-BI7N8 FHD 1920x1080 120Hz Upgrade LCD LED Di,Unknown,Computers,143.5,73.31782272853219,-70.18217727146781,70.18217727146781,48.90744060729464,15,0.7878382,BRIGHTFOCAL New Screen Replacement for ASUS ROG GL,175.0,0.9401782,SCREENARAMA New Screen Replacement for ASUS ROG GL,68.9,0.8111924,BRIGHTFOCAL New Screen Replacement for Asus Vivobo,47.8,0.80721617
B08L7X2XVK,65W 45W USB C Laptop Charger for HP Spectre X360 13t 15-bl0xx 15-bl1xx 13-ae000 13-aw0xxx 13-ae013dx,ROLADA,Computers,14.59,16.622038017261076,2.032038017261076,2.032038017261076,13.927608068958714,15,0.83548063,65W 45W USB Type C Laptop Charger Replacement for ,15.99,0.90222275,45W Type C Charger for HP Chromebook X360 14 G5 11,15.99,0.8992908,45W Type C USB C Laptop Charger Replacement for HP,12.98,0.8754077
B09FFD6R2B,Samsung Evo Plus microSD SDXC U3 Class 10 A2 Memory Card 130MB/s with SD Adapter 2021 (256GB),SAMSUNG,Computers,26.99,58.88325564142752,31.89325564142752,31.89325564142752,118.16693457364774,15,0.741228,Samsung Evo Plus microSD SDXC U3 Class 10 A2 Memor,52.95,0.99981076,Samsung Micro 128GB Evo Plus Memory Card for Samsu,15.94,0.7691932,SAMSUNG PRO Plus SDXC 256GB Full Size SD Memory Ca,67.0,0.7606733
B0819PCPBV,"UGREEN Mini USB Cable 6FT,USB Mini Cable Mini USB 2.0 Cable,USB Mini B Cord Mini USB Charger Cable C",Unknown,Computers,9.99,10.317185280485377,0.3271852804853772,0.3271852804853772,3.275127932786558,15,0.6476357,Power Supply 5 feet Mini USB Cable Charger Cord Le,12.99,0.71735185,"UGREEN 2 Pack USB Extension Cable, (10 FT+ 10 FT) ",18.99,0.6848272,"UGREEN USB A to USB A, Male to Male, 2 Pack USB to",8.99,0.67824936
B07MZFS81V,G.Skill Ripjaws SO-DIMM Series 32GB (16GB x 2) 260-Pin SO-DIMM PC4-21300 DDR4 2666 CL19-19-19-43 1.2,G.Skill,Computers,62.99,67.71308369720562,4.723083697205617,4.723083697205617,7.4981484318234894,15,0.7687293,8GB G.Skill 2400MHz DDR4 SO-DIMM Laptop Memory Upg,27.87,0.83297384,Crucial 32GB Kit (8GBx4) DDR4 2133 MT/s (PC4-17000,159.0,0.79737055,G.Skill Ripjaws X Series 16 GB (2 x 8 GB) 240-Pin ,35.99,0.7860956
B093PLSQ9Y,"Anban Compatible with MacBook Pro 16 inch Case 2023 2022 2021 A2780 A2485 with M2 M1 Chip, Clear Pla",anban,Computers,11.99,22.812951360210374,10.822951360210373,10.822951360210373,90.26648340459028,15,0.76512986,Anban Compatible with MacBook Air 13 inch Case 202,22.99,0.81831247,Anban Compatible with MacBook Air 13 inch Case 202,34.99,0.81398594,May Chen for MacBook Pro 16 Inch (2023 2021 Releas,19.99,0.7860586
B01MDOCK9S,Fixcracked Touch Screen Replacement Parts Digitizer Glass Assembly for Ipad mini 3 + Professional To,FixCracked,Computers,18.99,29.800634451387847,10.810634451387848,10.810634451387848,56.92803818529673,15,0.7390926,SRJTEK for iPad 2 Touch Screen Replacement A1397 A,15.2,0.80566573,for iPad 5 5th Gen Screen Replacement A1822 A1823 ,20.99,0.79615283,Black Touch Screen Digitizer Repair Kit for iPad 9,16.99,0.7853523
B0149EB6G4,RAISING ELECTRONICS 1U Rack Mount Sliding Keyboard Tray,RAISING ELECTRONICS,Computers,67.99,83.33243840580279,15.342438405802795,15.342438405802795,22.565727909696715,15,0.70213956,Raising Electronics Server Shelf Cantilever Tray V,17.99,0.81768113,Raising Electronics 12U Desktop Under The Counter ,59.99,0.80527675,Raising Electronics 6U Wall Mount Open Frame 19 In,62.99,0.7704123
B01L2H1ACQ,HP Envy 750-040z Orchid2 AMD Motherboard 782614-002 MS-7906 V2 Bolton D3,HP,Computers,55.5,129.17933099057774,73.67933099057774,73.67933099057774,132.7555513343743,15,0.65003234,HP 501540-0012GB DDR3 PC3-10600 1333MHz 240pin ECC,41.25,0.70269525,HP Procurve Switch 4000M Fans ADDA AD0924HB-A72GL ,59.99,0.67225236,Intel S3000PT Single Board BPTVBB D60098-204 S775 ,65.0,0.6628596
B0BTV7WDKV,"RAOYI 5 Pack 32GB USB Flash Drive, USB 2.0 Memory Stick Thumb Drives Jump Drive Pen Drive for PC Lap",RAOYI,Computers,18.99,27.502973063609172,8.512973063609174,8.512973063609174,44.828715448178905,15,0.8107868,"RAOYI 10 Pack 2GB USB Flash Drive, USB 2.0 Swivel ",25.99,0.8791479,RAOYI 10 Pack 2G 2GB USB Flash Drive USB 2.0 Memor,25.99,0.8386203,5 Pack 16GB Flash Drive USB 2.0 Flash Memory Stick,17.99,0.8337437
B08CVF3458,"DETUOSI LG G Pad 5 10.1"" FHD Case, LG gpad 5 10.1 inch Case 2019 (LM-T600/T605), 【2 Viewing Angles】 ",DETUOSI,Computers,7.99,16.12797039249856,8.137970392498561,8.137970392498561,101.8519448372786,15,0.6919498,"GWYLH Vegan Leather Case for LG G Pad 5 10.1, Ligh",9.98,0.8242566,"Cherrry for LG G Pad 5 10.1 Inch Tablet Case,Heavy",17.99,0.75902104,DETUOSI Rotating Case for Lenovo M10 FHD Plus 10.3,14.99,0.7098529
B0B6VZTFVG,"Intehill 4K Portable Monitor for Laptop and Mini PC, High-end 13.4-inch Small Computer Monitor with ",Intehill,Computers,229.0,231.04445923473992,2.044459234739918,2.044459234739918,0.8927769584017109,15,0.71040636,"Teamgee Laptop Screen Extender, 12” Portable Monit",259.99,0.738129,"ARZOPA Portable Monitor, Ultra Slim Portable Lapto",89.99,0.7288309,ViewSonic VA2715-2K-MHD 27 Inch 1440p LED Monitor ,179.99,0.7206031
B017GZLBLS,Durpower USB Cable 4-pin Mini Sync Data Cord Compatible with Fujifilm FinePix Digital Cameras 2600 2,Durpower,Computers,14.86,10.724131645151731,-4.135868354848268,4.135868354848268,27.832223114725902,15,0.61641276,Durpower 6FT Mini USB Cable Sync Data Cord Compati,9.95,0.7205669,"ReadyWired USB Data Cable Cord for Olympus FE-120,",8.99,0.64990294,Monoprice 15-Feet USB A to mini-B 5pin 28/28AWG Ca,5.48,0.64264846
B09TRQXDZP,"Dell 2021 Newest Inspiron 3000 Laptop, 15.6 HD Display, Intel Core i5-1035G1, Online Meeting Ready, ",Dell,Computers,809.96,717.3981405251976,-92.56185947480242,92.56185947480242,11.427954402044843,15,0.89891106,"Dell 2021 Newest Inspiron 3000 Laptop, 15.6 HD Dis",779.0,0.94219,"Newest Dell Inspiron 3511 Premium Laptop, 15.6"" FH",487.21,0.91970706,"Dell Inspiron 15.6"" HD Laptop, Intel 4205U Process",429.99,0.9127387
B07RJGXHPY,"ANVISION 2-Pack DC 24V 40mm x 10mm Brushless Cooling Fan, Dual Ball Bearing, YDM4010B24",ANVISION,Computers,13.98,14.228976285802663,0.2489762858026623,0.2489762858026623,1.7809462503766975,15,0.71255594,2packs 40mm x 40mm x 10mm 4010 12V 0.15A Ball Bear,9.99,0.79006803,2 Pack Wathai 30mm x 10mm 5V Small DC Brushless Co,8.99,0.7866742,"GDSTIME 125CFM Big Airflow 24V 1238 Cooling Fan, 1",15.99,0.76107424
B000EZYFR0,.Audio 550 DSP Ultimate Performance Headset & Software,Plantronics,Computers,129.99,72.26693190754993,-57.72306809245008,57.72306809245008,44.40577590003083,15,0.61185676,Plantronics SupraPlus SL H351 with VoiceTube - Hea,119.99,0.7173184,Poly - Blackwire 8225 Wired Headset with Boom Mic ,127.93,0.66764295,Plantronics D100-M USB DECT Adapter (Microsoft Var,90.95,0.64751136
B0B9H2K3SW,"Dell Tower Computers PC Refurbished Desktop OptiPlex 5040,Windows 10 Pro i5 6500 16GB Ram 256GB M.2 ",Dell,Computers,169.99,345.71894672414106,175.72894672414105,175.72894672414105,103.37604960535387,15,0.714802,"Dell OptiPlex 9010 Refurbished Desktop Computers, ",165.58,0.8483295,Dell Optiplex 3040 Tower Desktop PC Intel i5-6500 ,468.0,0.73390037,DELL Optiplex 790 High Performance Desktop Compute,92.89,0.7322644
B07R52SLCM,Head Case Designs Officially Licensed Amy Brown Fairy Cat Folklore Leather Book Wallet Case Cover Co,Head Case Designs,Computers,14.95,15.347841953735383,0.39784195373538367,0.39784195373538367,2.6611501922099245,15,0.62165445,"Thankscase Case Compatible with iPad Mini 4, Rotat",10.99,0.6380014,Dteck Case for Samsung Galaxy Tab A (9.7-Inch) Tab,15.99,0.6338493,Samsung - Book Cover for Samsung Galaxy Tab 3 7.0 ,7.49,0.63266987
B09F2MX54R,"SAMSUNG 11.6"" HD Chromebook, Intel Celeron Processor Up to 2.5GHz, 4GB Ram, 32GB eMMC SSD, Chrome OS",SAMSUNG,Computers,114.0,204.19245730037196,90.19245730037196,90.19245730037196,79.11619061436137,15,0.7736749,"Samsung High Performance Chromebook computer, Inte",179.0,0.81925845,"Acer 2022 15inch HD IPS Chromebook, Intel Dual-Cor",161.0,0.8183449,"Samsung Chrome OS 15.6"" Full HD Intel Celeron Proc",209.99,0.8154557
B08GQW2WJT,"14-15 Inch Waterproof Laptop Sleeve Case Compatible Acer Chromebook 14,Acer Aspire R 14,HP Stream 14",dealcase,Computers,11.99,16.489278068083497,4.4992780680834965,4.4992780680834965,37.525254946484544,15,0.8763165,"14 Inch Laptop Sleeve Case with Handle for HP 14"" ",16.99,0.9098412,"14-15 Inch Laptop Sleeve Case for Acer Swift 3 14,",11.99,0.89917815,15.6 inch Waterproof Laptop Sleeve Case for Acer C,13.99,0.8928353
B001QWX1AM,Brand 320GB Hard Disk Drive/HDD for Sony Vaio VGN-N160G VGN-N160G/W VGN-N230E-B VGN-N230E-W VGN-N270,Unknown,Computers,27.99,43.856092026481555,15.866092026481557,15.866092026481557,56.68485897278156,15,0.6882761,Brand 500GB Hard Disk Drive/HDD for Toshiba Satell,33.99,0.7332066,Brand 320GB Hard Disk Drive/HDD for Acer Aspire 50,27.99,0.73186165,"NEW 250GB 2.5"" SATA HDD Hard Disk Drive for Dell L",25.99,0.7087123
B0C69N532T,"ASUS Dual GeForce RTX™ 3060 OC Edition 8GB GDDR6 (PCIe 4.0, 8GB GDDR6, HDMI 2.1, DisplayPort 1.4a)",ASUS,Computers,259.99,483.4673896230913,223.4773896230913,223.4773896230913,85.95614816842621,15,0.7899492,ASUS Phoenix NVIDIA GeForce RTX 3060 V2 Gaming Gra,351.0,0.937398,ASUS Dual NVIDIA GeForce RTX 3070 Gaming Graphics ,429.99,0.9331013,GIGABYTE GeForce RTX 3060 Ti Vision OC 8G Graphics,399.99,0.83276784
B005JPJLW4,Rocketfish RF-AP306 Mini DisplayPort to DVI Adapter,Rocketfish,Computers,27.86,17.37795895929989,-10.48204104070011,10.48204104070011,37.62398076346056,15,0.6252043,gofanco Gold Plated 10 Feet Mini DisplayPort to DV,6.99,0.67269135,Cable Matters Mini DisplayPort to VGA Adapter (Min,10.99,0.6586735,ICZI Mini DisplayPort to DisplayPort Cable 6 Feet ,8.99,0.6508239
B0BFW1KJRS,Vansuny Micro SD Card 64GB microSDXC Memory Card with SD Adapter A1 App Performance V30 4K Video Rec,Vansuny,Computers,6.99,32.797051810653585,25.807051810653583,25.807051810653583,369.19959671893537,15,0.81959665,Micro Center 64GB Class 10 MicroSDXC Flash Memory ,7.99,0.863536,Silicon Power 256GB Micro SD Card U3 Nintendo-Swit,14.99,0.86123407,64GB Class 10 Micro SDXC Flash Memory Card for Mob,7.56,0.8490783
B00QC6JU3O,Kodak Z710 Digital Camera Memory Card 2GB Standard Secure Digital (SD) Memory Card,Transcend,Computers,11.49,13.527746179212256,2.037746179212256,2.037746179212256,17.734953692012674,15,0.7561639,Kodak Z612 Digital Camera Memory Card 2GB Standard,11.49,0.8880551,Minolta DiMage Z6 Digital Camera Memory Card 2GB S,11.49,0.7878519,ZTE Z992 Cell Phone Memory Card 2 x 16GB microSDHC,17.95,0.7754195
B09HCBP9QR,"YINHANG Laptop Sleeve Case Specially Compatible with 16 Inch MacBook Pro A2485 A2141 2021 2022, Prot",YINHANG,Computers,9.99,18.76971668621002,8.77971668621002,8.77971668621002,87.88505191401423,15,0.8068628,Comfyable Slim Protective Laptop Sleeve 16 Inch Co,25.99,0.86207014,YINHANG Laptop Sleeve Case 13 Inch for 13.3 MacBoo,15.99,0.82755065,Laptop Sleeve Bag for 14-inch MacBook Pro 2021 A24,31.99,0.81894106
B09QWC3KC2,2inspira Portable Monitor External Mobile Second Extender Screen for Laptop with Touchscreen Battery,2inspira,Computers,279.99,210.37319132577184,-69.61680867422817,69.61680867422817,24.86403395629421,15,0.58394337,JJTechGiant Triple Portable Monitor for Laptop Scr,399.9,0.6360253,TOPOSH Portable Monitor 15.6” USB Type-C Full HD 1,179.99,0.6305193,ADPOP Portable Monitor 15.6'' FHD 1080P Portable L,89.99,0.6257502
B01MTO411X,"Luma Whole Home WiFi (2 Pack - Orange) - Replaces WiFi Extenders and Routers, Compatible with Alexa,",Luma,Computers,137.88,142.26914787382208,4.389147873822083,4.389147873822083,3.183310033233306,15,0.5935687,NETGEAR Orbi Voice Whole Home Mesh WiFi System (RB,299.95,0.651634,ASUS ZenWiFi Whole-Home Dual-Band Mesh WiFi 6 Syst,118.67,0.6316047,"D-Link COVR Whole Home Mesh WiFi System AC3900, Up",197.5,0.6250948
B092HFZ9CS,JOIOT 500G Portable External SSD USB 3.1 Type C Flash Drive External Solid State Drive Portable SSD ,JOIOT,Computers,45.99,55.63341020720655,9.64341020720655,9.64341020720655,20.9684936012319,15,0.74989724,JOIOT Mini Portable SSD 240GB External Solid State,29.99,0.8758075,Timetec 1TB Portable External SSD USB3.2 Gen2 Type,51.99,0.77686894,Titanium Micro 1 TB Tiitanium One Portable SSD - U,69.99,0.77577996
B07CSQDR4N,"HP 2018 Elitebook 840 G1 14inch HD LED-backlit anti-glare Laptop Computer, Intel Dual-Core i5-4300U ",HP,Computers,199.48,283.2358907695725,83.75589076957252,83.75589076957252,41.98711187566298,15,0.78257495,HP Elitebook 840 G1 14in HD LED-backlit Anti-glare,247.49,0.8775226,"HP EliteBook 820 G1 12.5in Laptop, Intel Core i5-4",143.74,0.83360606,HP Elitebook 840 G5 - 14 FHD - i5-8350U Quad Core ,261.03,0.8290461
B07RQN2S6Y,Dream A Little - Skin Sticker Decal Wrap for Amazon Echo Dot (2nd Generation),DecalGirl,Computers,12.99,9.353467501798558,-3.6365324982014418,3.6365324982014418,27.994861418024957,15,0.67666876,Purple Burst - Skin Sticker Decal Wrap for Amazon ,12.99,0.9552673,Old Glory - Skin Sticker Decal Wrap for Amazon Ech,12.99,0.8951287,Skin Decals for Apple AirPods - Sacred Honu - Stic,7.99,0.67489886
B0BSTY5LBB,AIOEXPC PC Stick with Intel Celeron J4125 Windows 11 Pro 8GB DDR4 128GB SSD Mini Computer Stick Supp,AIOEXPC,Computers,209.99,427.7391895505606,217.74918955056057,217.74918955056057,103.69502812065363,15,0.7196531,Mini PC Windows 11 Pro GK41 Mini Desktop Computers,135.99,0.75540304,MeLE Fanless Mini PC Stick PCG02 Windows 11 Pro Ce,209.99,0.75373006,"Mini PC Windows 11 Pro, KAMRUI AK1 PRO 12GB RAM 25",199.99,0.7517361
B0BDLQXB7J,Highpoint SSD7202 – PCIe 3.0 x8 2-Port M.2 NVMe RAID AIC RAID Controller Card,HighPoint Technologies,Computers,299.0,148.995415421628,-150.004584578372,150.004584578372,50.16875738407091,15,0.7359257,PIONEER 512GB NVMe SSD PCIe M.2 2280 Gen 3x4 TLC I,107.59,0.7712909,M.2 NGFF NVMe SSD to PCIE 3.0 X16/X8/X4 Adapter wi,17.99,0.7607422,Lexar NM620 SSD 1TB PCIe Gen3 NVMe M.2 2280 Intern,49.3,0.75801075
B07RLVZ746,Meffort Inc 14 14.4 Inch Laptop Notebook Skin Sticker Cover Art Decal (Included 2 Wrist pad) - Famil,Unknown,Computers,11.95,11.557156342063667,-0.39284365793633214,0.39284365793633214,3.2873946270822776,15,0.8793213,Meffort Inc 15 15.6 Inch Laptop Notebook Skin Stic,12.95,0.9735988,Meffort Inc 15 15.6 Inch Laptop Notebook Skin Stic,12.95,0.97279024,Meffort Inc 17 17.3 Inch Laptop Notebook Skin Stic,13.95,0.9653382
B00X7DH5GE,"External CD DVD Drive, Chuanganzhuo USB 2.0 Slim Protable External CD-ROM Drive DVD-ROM Player for L",Chuanganzhuo,Computers,17.99,27.790149839685196,9.800149839685197,9.800149839685197,54.475541076626996,15,0.6610399,"Guamar External CD/DVD Drive,USB 3.0 Type C CD DVD",39.99,0.73318464,SUHSAI 320GB Portable External Hard Drive USB 2.0 ,15.79,0.67568815,NOLYTH External CD DVD Drive USB 3.0 Type-C CD/DVD,39.99,0.6688172
B096JSFC4M,"Modoker Mens Canvas Vintage Backpack for Men,Women, Travel Laptop Backpack Fits 17/15.6 Inch Compute",Modoker,Computers,48.99,40.11067939482255,-8.879320605177455,8.879320605177455,18.124761390441833,15,0.8241795,Canvas Leather Backpack Vintage Backpack Rucksack ,29.99,0.87754345,Modoker Upgraded Vintage Laptop Bag Gifts for Wome,35.99,0.8619369,"KAUKKO Travel Laptop Backpack, Outdoor Rucksack, S",42.99,0.8496265
B01LEN9TJO,"ACdream Kindle Fire HD 7 2012 Case, Folio Leather Wallet Case for Kindle Fire HD 7 2012 Version with",ACdream,Computers,20.39,18.40489058668044,-1.9851094133195595,1.9851094133195595,9.73570089906601,15,0.7794571,"Fintie Folio Case for Kindle Fire HD 7"" (2012 Old ",18.99,0.8316179,"Elepower Case for Fire HD 8 2017/2016/2015, Premiu",11.99,0.80361915,"Uliking Case for 8"" Amazon Kindle Fire HD 8 Tablet",28.99,0.7906812
B087SPLHC8,"Avid Media Composer Keyboard Cover - Fits The 13"" & 16"" MacBook Pro 2020+ - Full Protection and All ",Editors Keys,Computers,29.85,17.120295475557292,-12.72970452444271,12.72970452444271,42.645576296290486,15,0.6235706,Logic Pro Keyboard Cover for MacBook Pro with Touc,29.85,0.71873343,KZIK Silicone Keyboard Cover Compatible with MacBo,7.99,0.643468,Kuzy Older Version Keyboard Cover Compatible with ,9.99,0.6409101
B09L5K2KBQ,"ViewSonic VP2768 PRO 27"" 1440p Monitor with 100% sRGB Rec 709 14-bit 3D LUT and Color Calibration fo",ViewSonic,Computers,430.12,262.06619844716784,-168.05380155283217,168.05380155283217,39.07137579113554,15,0.7788925,ViewSonic VP2468_H2 24-Inch Premium Dual Pack Head,429.99,0.87991905,ViewSonic VA2715-2K-MHD 27 Inch 1440p LED Monitor ,179.99,0.8393391,ViewSonic VA2746MH-LED 27 Inch Full HD 1080p LED M,211.0,0.80010766
B00CDGRCKK,"Incase Folio for iPad mini, White (CL60302)",Incase Designs,Computers,5.07,26.584743351849504,21.514743351849503,21.514743351849503,424.35391226527616,15,0.6970527,Speck Products Stylefolio Case and Stand for iPad ,34.95,0.74159014,Fintie Case for iPad Mini 5 2019 / iPad Mini 4 - [,14.99,0.7323372,"iPad Mini 1/ 2/ 3/ 4 Case, Uliking Slim Lightweigh",16.99,0.7263663
B0869J5CC2,"iBosi Cheng Ultra High Speed 8K 60Hz HDMI Cable HDMI Adapter Cable Compatible with Laptop, Monitor, ",IBosi Cheng,Computers,9.99,27.743128631834246,17.753128631834244,17.753128631834244,177.7089953136561,15,0.6848214,"USB C HUB Dual Monitor, OBERSTER 9 in 1 USB C Adap",27.99,0.73875093,"Akingdleo Portable External Monitor Cable,10Gbps U",13.99,0.73098207,"USB C Hub, 7 in 1 USB C to USB Adapter 4KHDMI Adap",19.99,0.7138252
B07GV8YM9K,"AIJAKO 10.1 Inch Silicone Case for Dragon Touch Notepad K10/Max10/Max10 Plus,FLYINGTECH 10,Lectrus 1",AIJAKO,Computers,13.95,21.811477970721555,7.861477970721555,7.861477970721555,56.354680793702904,15,0.68704784,AIJAKO 10.1 Inch Silicone Case for Dragon Touch No,11.99,0.95794904,AKNICI Case for Dragon Touch Notepad K10/Max10/Max,9.99,0.8934294,"Universal Case for 9.5-10.5 inch Tablet, Chgdss fo",13.99,0.76807386
B07X6SKXQG,"MoKo Case for New iPad 9th/8th/7th Gen Case (2021/2020/2019), Soft TPU Translucent Frosted Back Cove",MoKo,Computers,11.95,12.955550923373686,1.0055509233736863,1.0055509233736863,8.41465207844089,15,0.86714816,MoKo iPad 10.2 Case for iPad 9th Generation 2021/ ,13.99,0.94373167,MoKo Case Fit 2018/2017 iPad 9.7 6th/5th Generatio,10.95,0.9300061,"MoKo Case for New iPad 10th Generation Case 2022, ",11.95,0.92362666
B0BSY3N219,"HP 128GB x900w USB 3.0 Flash Drive 2-Pack, Gray/Blue",HP,Computers,17.99,19.659344415064034,1.6693444150640353,1.6693444150640353,9.279290800800641,15,0.7051188,Verbatim 128GB USB 3.0 Store 'n' Go V3 Max Flash D,41.11,0.75447094,Kingston Digital 32GB DataTraveler 100 G3 USB 3.0 ,19.77,0.7324699,PNY 64GB Turbo Attache 4 USB 3.0 Flash Drive,7.99,0.7291893
B07RMD1ZBV,"ZTE ZPad 10 Inch Tablet Case,LiuShan PU Leather Slim Folding Stand Cover for 10.0"" ZTE ZPad 10 Inch ",Unknown,Computers,12.98,14.07338202826728,1.0933820282672801,1.0933820282672801,8.423590356450541,15,0.7090861,"ASUS ZenPad 10 Case,LiuShan PU Leather Slim Foldin",12.98,0.83944935,"Samsung Galaxy Book2 12 Tablet Case,LiuShan PU Lea",15.98,0.7373269,"LiuShan Compatible with Vankyo MatrixPad S30 Case,",10.99,0.7331479
B007KZQM8W,WD My Net Switch - 8 Port Gigabit Ethernet Network Switch - HD Media Switch,Western Digital,Computers,16.05,83.97451429076249,67.92451429076249,67.92451429076249,423.20569651565415,15,0.6138802,GearIT Cat8 Ethernet Cable S/FTP (5ft / 10 Pack/Bl,48.04,0.6479876,Zyxel 5-Port Gigabit Ethernet Unmanaged Switch | P,15.49,0.6397564,"Tenda 8-Port Unmanaged Gigabit Ethernet Switch, Et",26.99,0.6388154
B07QNL8GY3,5 Pack Rectangle Walnut Wood 2.0/3.0 USB Flash Drive USB Disk Memory Stick with Wooden (2.0/32GB),Zhongyuanmaoyi,Computers,17.99,18.334195584413443,0.3441955844134448,0.3441955844134448,1.9132606137489985,15,0.72429216,10PCS 2.0/3.0 USB Flash Drive Pen Drive Memory Sti,23.99,0.8175732,Wooden Flash Drive 1GB EASTBULL High Speed USB 2.0,5.99,0.7767199,Personalized 360° Swivel USB Flash Thumb Drive 4GB,5.9,0.72938746
B008OEHV6U,Microsoft Wedge Touch Mouse,Microsoft,Computers,69.99,122.18827934765446,52.19827934765446,52.19827934765446,74.57962472875334,15,0.6244661,Microsoft Bluetooth Mobile Mouse 3600 - Azul. Comf,19.99,0.7106888,Microsoft L2 Sculpt Touch Mouse Bluetooth EN/XD/XX,51.33,0.6773351,Logitech Touch Mouse,99.99,0.6592638
B07PWVQ85R,"Samsung Notebook 9 Pro 2-in-1 13.3"" Touch Screen Intel Core i7 Titan Platinum (NP930MBE-K01US)",SAMSUNG,Computers,699.0,528.804967163376,-170.19503283662402,170.19503283662402,24.34835949021803,15,0.67832553,DELL Latitude E7440 14in Touchscreen Ultrabook Lap,192.59,0.7049602,"Microsoft Surface Pro Tablet Black - 64GB, 10.6""",219.99,0.68871427,ASUS VivoBook Flip 14 Thin and Light 2-in-1 Laptop,632.0,0.68543756
B07BMY2FMJ,"Cooler Master MasterLiquid Lite 120 CPU Liquid Cooler '120mm Radiator, 1x MasterFan Pro 120 AB PWM F",Cooler Master,Computers,87.62,79.20315647698506,-8.416843523014947,8.416843523014947,9.606075693922559,15,0.71495765,Cooler Master MasterLiquid ML280 Mirror Close-Loop,105.07,0.8124345,Asus ROG Strix LC 120 RGB AIO Liquid CPU Cooler 12,169.84,0.75117004,Cooler Master SickleFlow 120 ARGB White Edition 3N,68.75,0.7404442
B07MQC388H,"MagicHold Floor Stand for Books,Laptop Aluminum Height Adjustable Table for Bed Sofa,Compatible with",MagicHold,Computers,79.99,25.174331761534155,-54.81566823846584,54.81566823846584,68.52815131699693,15,0.73721594,"Tablet Stand, Adjustable Heavy Duty Aluminum Stand",34.99,0.7632072,"ALASHI Tablet Stand for Desk, Multi-Angle Adjustab",19.99,0.7626103,"iPad Stand for Desk,Tablet Stand Holder,Adjustable",12.99,0.75848985
B0BPSZ7RWH,"[Gigastone] 16GB 10-Pack Micro SD Card, FHD Video, Surveillance Security Cam Action Camera Drone, 85",Gigastone,Computers,42.98,39.63914384180827,-3.340856158191727,3.340856158191727,7.773048297328355,15,0.7748107,"[Gigastone] 16GB 5-Pack Micro SD Card, FHD Video, ",29.98,0.9856153,512GB SD Card Class 10 High Speed Security Digital,22.16,0.8352039,512GB SD Card Memory Card Class 10 High Speed Secu,31.68,0.8217031
B06WV9Z9QT,COMeap 24 Pin to 10 Pin ATX PSU Main Power Adapter Braided Sleeved Cable for IBM Lenovo PCs and Serv,COMeap,Computers,11.99,44.57595099766019,32.58595099766019,32.58595099766019,271.77607170692403,15,0.5940116,E-outstanding ATX PSU Power Supply Adapter Cable f,11.99,0.68039215,24Pin Right Angle ATX 24Pin Female to 24pin Male R,10.99,0.6428594,"Power Supply Module 24 Pin DC 12V 300W, PC PSU Com",32.71,0.6104321
B07WJYY325,InstallerParts Ethernet Cable CAT6A Slim Cable UTP Booted 1 FT (5 Pack) - Black - Professional Serie,InstallerParts,Computers,14.94,14.291502745859376,-0.648497254140624,0.648497254140624,4.3406777385583935,15,0.8625411,InstallerParts Ethernet Cable CAT6A Super Slim Cab,26.49,0.992438,InstallerParts (10 Pack Ethernet Cable CAT6 Cable ,21.19,0.9190128,InstallerParts Ethernet Cable CAT6 Cable UTP Non-B,13.27,0.913309
B083BMV39L,"Smays 90-Degree Angle USB C Cable Bulk 6-Pack, 6 ft TPE Pink",Smays,Computers,12.99,11.280507997556725,-1.709492002443275,1.709492002443275,13.160061604644149,15,0.66728854,"Smays USB C Cable Bulk 10-Pack 3ft, Type C Phone C",11.99,0.73126495,Gold Plated Angled USB C Cable Extension 90 Degree,7.99,0.71674246,StarTech.com USB C to USB C Cable - 3m / 10 ft - U,16.14,0.6919417
B098BMV41F,"HP 2021 Laptop 15.6"" HD Touch Screen, 11th Gen Intel Core i5-1135G7(Beat i7-1065G7), 16GB RAM, 1TB S",HP,Computers,699.99,676.5977886414065,-23.3922113585935,23.3922113585935,3.3417922196879237,15,0.85075665,"HP 2022 Newest Notebook Laptop, 15.6"" Full HD 1080",409.0,0.8786521,"HP 2021 17 Premium Laptop I 17.3"" FHD IPS 72% NTSC",719.0,0.8704706,"HP 15.6"" Full HD Touchscreen Laptop, Intel Core i7",980.99,0.86999714
B07X7SZPHN,MoKo iPad 10.2 Case iPad 9th Generation 2021 / 8th Generation 2020 / 7th Generation 2019 Case with P,MoKo,Computers,14.99,13.39420424318202,-1.5957957568179797,1.5957957568179797,10.645735535810404,15,0.8350317,MoKo iPad 10.2 Case for iPad 9th Generation 2021/ ,13.99,0.9086542,"MoKo Case for New iPad 10th Generation Case 2022, ",11.95,0.8848969,MoKo Case Fit iPad Air 5th/4th Generation 10.9 Inc,5.99,0.87457335
B0057GVITO,Dell 318-0912 Switch by Design Studio lid for 15-Inch Inspiron R Series Laptop (Lovers in Morning),Dell,Computers,14.0,51.567022085160325,37.567022085160325,37.567022085160325,268.3358720368595,15,0.5571115,Suyitai Laptop LCD Hinge Cover Bezel Touch Replace,19.99,0.6142583,Keyboard Cover for Dell inspiron 13 5301 5390 5391,9.99,0.6116531,Keyboard Cover Design for Dell Latitude 5400 5401 ,6.49,0.57449216
B0B9RWB1TW,Taeeiancd Keycaps 60 Percent 137 Keys Custom Gaming Keycaps PBT Dye-Sublimation XDA Profile ANSI US ,Taeeiancd,Computers,27.99,28.340959915673245,0.350959915673247,0.350959915673247,1.2538760831484352,15,0.8024382,140 Keys PBT Keycaps Dye-Sub XDA Profile Milk and ,19.99,0.8503455,GTSP 9009 XDA Retro PBT Keycaps Set for Gaming Key,25.99,0.831447,Hkfos PBT Keycaps 134 Keys DIY Keyboard Accessorie,19.99,0.82531506
B0BHKZ5V19,"HP Tower Computer Z230 Workstation,i7 Refurbished PC,16GB Ram,1TB SSD + 3TB HDD,Built in WiFi Deskto",HP,Computers,349.73,426.19526636097635,76.46526636097633,76.46526636097633,21.86408554055309,15,0.7346198,"HP Z640 Workstation, 2X E5-2680 v3 up to 3.3GHz (2",599.99,0.81063974,"HP Z230 Workstation Gaming Computer Desktop, Intel",266.07,0.78079545,HP Z420 Desktop Workstation E5-1620 500G 6GB RAM,160.0,0.7657195
B01MTY073H,"SUNMALL A1466 Keyboard Keyboard Replacement for Apple MacBook Air 13"" A1369 (2011) A1466 (2012-2015)",SUNMALL,Computers,13.99,16.20877596987803,2.2187759698780294,2.2187759698780294,15.85972816210171,15,0.7171497,SUNMALL Backlight Backlit Keyboard Replacement for,19.99,0.93363506,Padarsey Replacement US Backlit Backlight Keyboard,29.99,0.8091519,SUNMALL Replacement Hard Drive Cable with IR Senso,10.75,0.7830699
B071ZR325F,"HP Pavilion Desktop Computer, Intel Core i5-7400, 8GB RAM, 1TB Hard Drive, Windows 10 (570-p020, Bla",HP,Computers,708.66,526.8310738123978,-181.82892618760218,181.82892618760218,25.658133122738995,15,0.8184841,"HP Pavilion Wave Compact Desktop Computer, Intel C",699.99,0.9403666,"HP Pavilion 23.8"" Touch-Screen All-in-One Desktop ",549.0,0.8361698,"HP Pavillon 590-A0019 Tower Computer Desktop PC, A",249.99,0.8180858
B0721R184Y,iPad Pro 10.5 Case (2017) - SaharaCase Protective Kit + Tempered Glass Screen Protector [Not Keyboar,ZERODAMAGE SAHARA CASE,Computers,29.99,22.019075081840064,-7.970924918159934,7.970924918159934,26.57860926362099,15,0.7709183,"Speck iPad 10.2 Inch Case - Slim Stand, Hard Back ",19.88,0.78912246,"iPad 10.2 Case for Kids Girls, iPad 9th/8th/7th Ge",31.99,0.78603107,Snugg iPad 10.2 Case/iPad Air 3 Case/iPad Pro 10.5,22.28,0.78008676
B00K9M3WXG,Adafruit 24 RGB LED Neopixel Ring,Adafruit,Computers,18.16,89.24568940458008,71.08568940458008,71.08568940458008,391.4410209503308,15,0.51101106,Adafruit NeoTrellis RGB Driver PCB for 4x4 Keypad ,12.69,0.5891823,Thermaltake V250 Motherboard Sync ARGB ATX Mid-Tow,59.99,0.546238,Adafruit Flora - Wearable Electronic Platform: Ard,19.01,0.5308106
B08J812VVP,"DETUOSI Hybrid Shockproof Case for Lenovo Tab M10 FHD Plus 10.3"" [2nd Gen] 2020 (TB-X606F/X) and Tab",DETUOSI,Computers,15.99,15.617974631871524,-0.372025368128476,0.372025368128476,2.326612683730306,15,0.7717365,DETUOSI Rotating Case for Lenovo M10 FHD Plus 10.3,14.99,0.8729433,ProCase Kids Case for Lenovo Tab K10 10.3 Inch 202,15.99,0.8686108,Case for Lenovo Tab M10 FHD Plus 10.3 inch 2020 Mo,17.99,0.8290045
B0BMWHCGBZ,PowerColor AMD Radeon RX 7900 XT Graphics Card,PowerColor,Computers,799.99,207.90045854917435,-592.0895414508257,592.0895414508257,74.01211783282612,15,0.75070107,PowerColor AMD Radeon HD6450 1GB DDR3 DVI/HDMI/VGA,138.68,0.83075917,PowerColor Red Devil AMD Radeon RX590 8GB GDDR5 AX,398.86,0.80571556,PowerColor AX7770 1GBD5-HE AMD Radeon HD 7770 GHz ,158.86,0.7656757
B005CDM6AC,MPF Products 2000mAh NTA2253 L-LB2 190247-1000 190247-B000 Battery Replacement Compatible with Logit,MPF Products,Computers,7.95,43.11645747230869,35.166457472308686,35.166457472308686,442.3453770101721,15,0.5221382,Replacement for Logitech MX Revolution (Older Gene,14.99,0.67107916,"Logitech M100 Wired USB Mouse, 3-Buttons, 1000 DPI",16.99,0.5447872,DR. BATTERY NNF1C HMPFH Laptop Battery Compatible ,49.99,0.5311209
B09DCCLFQ7,"Case Compatible with MacBook Pro 13 inch with Retina Display (Model: A1502 & A1425,Older Version 201",Bandless,Computers,18.99,14.950318994655705,-4.039681005344294,4.039681005344294,21.27267512029644,15,0.8246075,"Laptop for MacBook Pro 13 Inch Case 2012-2015, Sun",13.88,0.8492468,"MacBook Pro 13 Inch Case 2020, Matte Plain Case & ",8.88,0.8458003,OneGET MacBook Pro 13 Inch Case with Touch Bar Lap,15.99,0.8318891
B09BFDHNXW,KROSER Lunch Backpack 15.6 inch Laptop Backpack with USB Port Insulated Cooler Backpack for Men and ,KROSER,Computers,39.99,38.70981040977061,-1.2801895902293907,1.2801895902293907,3.2012742941470136,15,0.7599598,KROSER Laptop Backpack for 17.3 Inch Laptop Anti-T,26.99,0.85986555,KROSER Laptop Backpack 15.6 Inch Stylish Backpack ,26.99,0.7976923,"Lunch Backpack for Men, Insulated Cooler Bag Lunch",49.99,0.7877544
B00BLZHPRE,Cisco SG300-10SFP-K9 10-Port Gigabit Managed SFP Switch,Cisco,Computers,494.99,137.12104408711767,-357.86895591288237,357.86895591288237,72.29821934036696,15,0.6069166,"QNAP QSW-308-1C 10GbE Switch, with 3-Port 10G SFP+",182.26,0.6542325,Juniper Networks 1000BASE-LX SFP Module EX-SFP-1GE,29.9,0.65172005,"2Pack 1000BASE-T Copper SFP Transceiver, SFP to RJ",36.99,0.64850247
B0BSNBL2FP,"USB C Hub, TOTU 9-in-1 Docking Station Type C Hub with 4K HDMI Port, 3 USB 3.0 Ports,1 USB 2.0 Port,",TOTU,Computers,30.99,76.48704634419369,45.49704634419369,45.49704634419369,146.81202434396158,15,0.7780416,"USB C Hub Dual HDMI Adapter, OBERSTER 9-in-1 Tripl",35.99,0.85256886,"USB C HUB Dual Monitor, OBERSTER 9 in 1 USB C Adap",27.99,0.81099623,"Cable Matters USB C Hub with HDMI 4K, 80W Charging",20.99,0.80558467
B07W62RW2H,"SCREENARAMA New Screen Replacement for HP Pavilion 15-AU091NR, FHD 1920x1080, OnCell Touch, Glossy, ",Unknown,Computers,111.28,59.217868106990394,-52.06213189300961,52.06213189300961,46.784805798894325,15,0.8917988,SCREENARAMA New Screen Replacement for HP Pavilion,72.45,0.94320625,SCREENARAMA New Screen Replacement for HP 15-AC158,75.2,0.93911564,SCREENARAMA New Screen Replacement for HP 15-R011D,64.01,0.9345054
B07HQZDXYZ,D883F Dell System Board For Precision T5500 WorkstATIon. New Pull (Renewed),Dell,Computers,150.0,284.27455362854386,134.27455362854386,134.27455362854386,89.5163690856959,15,0.640762,A-Tech Micron 64GB Kit 8X 8GB PC3-10600 1.35V for ,223.52,0.68144745,Dell DN075 Precision 390 Motherboard,173.0,0.669816,A-Tech Micron 16GB Kit 4X 4GB PC3-10600 1.5V for D,47.87,0.6666494
B0BNH2LT66,"NETGEAR 10-Port Gigabit/10G Ethernet Plus Switch (GS110EMX) - Managed, with 8 x 1G, 2 x 10G/Multi-gi",NETGEAR,Computers,243.95,200.64869744822803,-43.301302551771954,43.301302551771954,17.750072782034003,15,0.6839139,NETGEAR 8-Port Gigabit Ethernet Smart Switch (GS10,75.49,0.85121715,NETGEAR 48 Port Gigabit Ethernet Unmanaged Network,318.43,0.7902441,Netgear GS110T ProSafe 8-Port Gigabit Smart Switch,167.14,0.77686185
B09WV33GYB,SilverStone Technology AR09-115XS 2U Rackmount Server/Small Form Factor Intel CPU Cooler with Screw ,SilverStone Technology,Computers,49.19,65.98865938840777,16.79865938840777,16.79865938840777,34.1505578133925,15,0.6942923,SilverStone Technology AR09-115XS 2U Rackmount Ser,48.52,0.988984,SilverStone Technology Slim Computer Case for Mini,166.82,0.7337171,Silverstone Shark Force 160 ARGB Performance Enhan,35.7,0.72916615
B00MQWQT0A,sb components Jet Black Case for Raspberry Pi 3 Model B and Raspberry Pi 2 Model B (Black) with Acce,Sb components,Computers,5.59,30.77290485526722,25.18290485526722,25.18290485526722,450.4991924019181,15,0.60737646,Black Protective Case/Box/Enclosure for Raspberry ,9.99,0.7063741,"Raspberry Pi 3 B+ Case, Aluminum Alloy Passive Coo",13.99,0.69175225,"Zebra Case - Raspberry Pi 3 B+, Pi 2, Pi B+ and 2B",19.99,0.67947394
B08NDY9Z7C,Patriot Viper Steel RGB DDR4 32GB (2 x 16GB) 3600MHz Kit - PVSR432G360C0K,Patriot Memory,Computers,78.99,143.70223932376766,64.71223932376766,64.71223932376766,81.92459719428746,15,0.7261968,Patriot Viper Elite II DDR4 16GB(2 x 8GB) 4000MHz ,47.99,0.8071499,Patriot Viper Steel DDR4 16GB (2 x 8GB) 3600MHz Ki,42.99,0.7755894,Corsair Dominator Platinum RGB 16GB (2x8GB) DDR4 4,94.99,0.7665951
B07C72F62T,Futurebatt New AC Adapter Charger for Sony Vaio 19.5V 90W Power Supply Cord Laptop Notebook Power Ca,HIGH QUALITY FUTUREBATT FUTUREBATT,Computers,14.79,18.39061982567071,3.6006198256707123,3.6006198256707123,24.344961634014282,15,0.72718215,"Ac Adapter Charger for Acer Aspire E1-572-6484, E1",18.69,0.7551738,Sony Vaio Vgn-s380 Vgn-s380b Vgn-s38gp Vgn-s430p/s,32.0,0.7480294,Ac Adapter Charger replacement for Samsung NP300V5,10.99,0.7444255
B08Z3F9W6K,"Fast Charger Cord Cable for JBL Charge-4 Charge-5 Flip-5 Pulse-4,Jr-Pop,Clip-4,GO-3,Extreme-3,Tuner-",SCOVEE,Computers,6.99,10.665569324630455,3.6755693246304553,3.6755693246304553,52.583252140635985,15,0.64116615,JYDMIX 3ft/0.9m 3 Pack USB A to USB C Nylon Braide,6.99,0.6908955,1 Foot Short USB C Cord Fast Charge 5 Pack Durable,8.99,0.6697279,"Smays USB C Cable Bulk 10-Pack 3ft, Type C Phone C",11.99,0.6657573
B00B4NGR36,"iHome Smart Brief: 13 inch Laptop Briefcase for Mac, Heathered Grey",iHome,Computers,41.99,20.81350764924241,-21.17649235075759,21.17649235075759,50.432227555983786,15,0.762822,Laptop Sleeve Carrying Case Cover 13 in Briefcase ,14.99,0.78325886,"Laptop Sleeve 13 inch, 14 Inch Laptop Case, Protec",11.99,0.78043985,Laptop Sleeve 13 Inch Case Briefcase Compatible wi,15.99,0.77816546
B074J6VC8J,Laptop Ac Adapter Charger Power for Samsung NP355E5C-A01US NP365E5C-S01US NP365E5C-S02US NP365E5C-S0,Fancy Buying,Computers,8.39,26.232283730454856,17.842283730454856,17.842283730454856,212.66130787192913,15,0.7843492,DTK 19V 4.74A 90W Ac Adapter for Samsung Laptop Co,15.9,0.85228914,Ac Adapter Charger replacement for Samsung NP300V5,10.99,0.8299568,240W 19.5V 12.3A Adapter Laptop Charger PA-9E for ,37.79,0.79629505
B08BN8KDLH,"COGA Autofocus 1080P Webcam with Microphone for Desktop, Privacy Shutter and Tripod, USB Webcam for ",COGA,Computers,29.99,80.16520146100605,50.175201461006054,50.175201461006054,167.3064403501369,15,0.65467197,Webcam with Microphone - QY 1080p Full HD USB Came,24.99,0.71751404,YESPURE Web Camera Webcam 1080P with Built-in Dual,18.99,0.7129682,"Webcam with Microphone & Privacy Cover, 1080P Driv",15.99,0.70958114
B00K7CDNNM,Ac Adapter Charger for Acer Aspire 7745Z 7750 7750-6423 7750-6669 7750G-6444 7750G 7750G-6645 7750G-,Usmart,Computers,9.99,14.31606699951524,4.326066999515239,4.326066999515239,43.303973969121515,15,0.8045891,new Ac adapter charger for Acer Extensa 4620-4908 ,9.99,0.8867986,Ac Adapter Laptop Charger for HP Pavilion X360 2-i,10.99,0.8511183,Ac Adapter Charger replacement for Acer Aspire 575,13.99,0.8421589
B07RLSB7MN,CYD 65W 20V 3.25A Laptop Charger Compatible for Lenovo Power Supply ADP-45DW B ADL45WCC IdeaPad Flex,CYD,Computers,18.89,35.25714709766774,16.36714709766774,16.36714709766774,86.64450554615001,15,0.73954964,CYD 45W 20V 2.25A Laptop Power Cord Compatible for,15.99,0.85798883,CYD 45W 20V 2.25A Replacement for Laptop-Charger L,19.99,0.78090835,CYD 40W 20V 2A Laptop Charger Universal Compatible,18.89,0.7761059
B07DMDZ49B,MSI Full HD Gaming Red LED Non-Glare Super Narrow Bezel 1ms 1920 x 1080 144Hz Refresh Rate Adjustabl,MSI,Computers,676.47,211.26438355759205,-465.205616442408,465.205616442408,68.76958570851744,15,0.6985878,MSI 24.5” FHD (1920 x 1080) Non-glare with Super N,276.0,0.8062298,"MSI G241V E2, 24"" Gaming Monitor, 1920 x 1080 (FHD",128.95,0.72149473,ViewSonic Omni VX2418C 24 Inch 1080p 1ms 165Hz Cur,129.99,0.7192049
B0BXP3T64R,"COO Keyboard Case for iPad Pro 12.9 inch 6th/5th/4th/3rd Generation (2022-2018), Folio Stand Case fo",COO,Computers,39.99,66.4942661256116,26.5042661256116,26.5042661256116,66.27723462268466,15,0.85300905,"iPad Pro 12.9 Case with Keyboard,Keyboard Case for",147.89,0.9093127,typecase Touch Keyboard Case for iPad Pro 12.9 (6t,84.89,0.8702716,MicroPack iPad Pro 12.9 Case with Keyboard - (6th ,44.98,0.864321
B07PG9Y56C,"USB 2.0 Type Cable A Male to A Male Black/White 3Ft, 6Ft, 10Ft, 15Ft (10FT, White)",WireZee,Computers,5.5,9.319541018165793,3.8195410181657934,3.8195410181657934,69.44620033028716,15,0.7377383,1 Metre USB 2.0 A Male to A Female Extension Lead ,7.99,0.79213494,CablesOnline 5-Pack 6 inch USB 2.0 A-Type Male to ,9.89,0.784183,V7 High-Speed USB 2.0 Extension Cable - 3 feet - A,8.19,0.78310615
B0957RT7B2,"Cat 6 Outdoor Ethernet Cable 250 ft, Adoreen Gbps Heavy Duty Internet Cable (from 25-300 feet) Suppo",Adoreen,Computers,39.99,53.98472614461866,13.99472614461866,13.99472614461866,34.9955642526098,15,0.7939265,"Adoreen Cat 6 Ethernet Cable 40 ft-Gray, High Spee",10.99,0.84859663,Maximm Cat6 Outdoor Cable 250 feet - Black - Solid,74.99,0.8050703,Ultra Spec Cables 300ft Cat6 Outdoor Waterproof Et,144.95,0.80204624
B07SSHWLGF,"SCREENARAMA New Screen Replacement for LP156WH3(TL)(SA), HD 1366x768, Glossy, LCD LED Display with T",Unknown,Computers,64.01,58.67147488340102,-5.338525116598987,5.338525116598987,8.340142347444129,15,0.83864963,SCREENARAMA New Screen Replacement for LP156WHB(TP,56.19,0.94318086,SCREENARAMA New Screen Replacement for LP140WHU(TP,61.28,0.87814504,SCREENARAMA New Screen Replacement for HP 15-BA113,71.08,0.8505355
B004Z8EYRI,"parts-quick Memory Module 8GB 1333MHz DDR3 (PC3-10600) - 2X4GB SO-DIMMs RAM for iMac 21.5"" inch 2.5G",parts-quick,Computers,49.99,53.45652827087249,3.4665282708724874,3.4665282708724874,6.9344434304310605,15,0.8315952,parts-quick 16GB 2 X 8GB Compatible Memory for iMa,174.99,0.94426847,"8GB 2X 4GB Memory for Apple iMac 21.5"" 3.06GHz Int",49.99,0.91090745,parts-quick 8GB (2 x 4GB) Memory for Apple MacBook,49.99,0.8999141
B07S8TTTXK,VASCHY Men Backpack Water-Resistant Hiking Daypack Travel School Backpack,VASCHY,Computers,45.99,40.21631582287428,-5.773684177125723,5.773684177125723,12.554216519081807,15,0.7982834,Canvas Leather Backpack Vintage Backpack Rucksack ,29.99,0.8255496,"VSNOON Laptop Backpack,15.6 Inch Stylish Backpack ",29.99,0.8159503,"VSNOON Laptop Backpack Women, 15.6 Inch laptop bag",29.99,0.8057282
B01DQBDKGK,"StarTech.com 4U Rack Mount Drawer - 55 lb (25 kg) - 4U Steel Storage Rack Drawer for 19"" AV / Sever ",StarTech,Computers,119.69,167.57898836221537,47.88898836221537,47.88898836221537,40.01085166865684,15,0.6559957,StarTech.com 6U Wall Mount Network Cabinet - Verti,430.91,0.6972058,DynaCable 12U Heavy Duty Open Frame Swing Out Wall,135.45,0.68824327,Tripp Lite 4-Post Rack Fixed Heavy Duty Toolless M,124.76,0.67739046
B07QWNQQKQ,"EVGA 500 BT, 80+ Bronze, 500W, 3 Year Warranty, Power Supply 100-BT-0500-K1",EVGA,Computers,118.4,168.2068628865082,49.806862886508185,49.806862886508185,42.06660716765894,15,0.6025989,"EVGA 210-GQ-1000-V1,1000 GQ, 80+ GOLD 1000W, Semi ",281.99,0.7077215,"EVGA Supernova 1300 P+, 80+ Platinum 1300W, Fully ",328.39,0.65731454,"EVGA SuperNOVA 1000 G+, 80 Plus Gold 1000W, Fully ",195.9,0.637281
B00M7QUJYM,HP Elite 8000 SFF Intel Core 2 Duo E8400 3.00GHz 8GB Memory 250GB Hard Drive Windows 7 Pro 64Bit Ins,HP,Computers,112.72,291.8647113840523,179.14471138405233,179.14471138405233,158.9289490632118,15,0.7380085,"HP EliteDesk 800 G2 Business Desktop Mini Tower, I",296.74,0.7811917,"HP EliteDesk 800 G3 Business Desktop Mini Tower, I",233.5,0.7759599,HP EliteDesk 800 G3 Mini Business Desktop PC Intel,306.11,0.7565531
B09Y3RL59C,PcProfessional Screen Protector (Set of 2) Anti Glare Finishing for Lenovo Thinkpad Series Laptop - ,PcProfessional,Computers,14.99,15.528818976076684,0.5388189760766835,0.5388189760766835,3.594522855748389,15,0.82627374,PcProfessional Screen Protector (Set of 2) for Len,14.99,0.945016,PcProfessional Screen Protector (Set of 2) for Len,14.99,0.9429318,PcProfessional Screen Protector (Set of 2) for Len,12.99,0.915321
B01EMQMOSI,Vangoddy Neoprene Protector Carrying Case Sleeve for 14-Inch Laptops (Neoprene14BPNK),Vangoddy,Computers,21.99,17.265538719285725,-4.724461280714273,4.724461280714273,21.484589725849357,15,0.8271053,Meffort Inc 15 15.6 inch Neoprene Laptop Sleeve Ba,21.95,0.85374856,Meffort Inc 15 15.6 inch Neoprene Laptop Sleeve Ba,21.95,0.8377982,Meffort Inc 15 15.6 inch Neoprene Laptop Sleeve Ba,21.95,0.83369076
B07TDBJH1K,"Amplim Micro SD Card 64GB, 2 Pack Extreme High Speed MicroSD Memory Plus Adapter, MicroSDXC U3 Class",Amplim,Computers,30.92,58.22661484001892,27.306614840018916,27.306614840018916,88.31376080213104,15,0.8052653,Amplim 1TB Micro SD Card | MicroSD Memory Plus Ada,229.98,0.9410754,Amplim 512GB Micro SD Card | MicroSD Memory Plus A,93.92,0.9385854,64GB Class 10 Micro SDXC Flash Memory Card for Mob,7.56,0.8118672
B07H9G19TJ,"Apple iPad 9.7in 6th Generation WiFi + Cellular (128GB, Silver) (Renewed)",Apple,Computers,249.99,346.71172273942324,96.72172273942323,96.72172273942323,38.6902367052375,15,0.7453269,Apple iPad Pro 9.7in 256GB Gold WiFi + 4G Cellular,399.0,0.81878805,"iPad Pro 9.7-inch (32GB, Wi-Fi + Cellular, Space G",199.0,0.80743635,"Apple iPad Pro 10.5-inch 64GB WiFi Only, Gold (Ren",266.51,0.7747264
B09P6D4YK3,"Anban Compatible with MacBook Pro 14 inch Case 2023 2022 2021 M2 A2779 A2442 M1 Pro/Max Chip, Glitte",Anban,Computers,15.99,20.397438039065275,4.4074380390652745,4.4074380390652745,27.563715066074263,15,0.77461964,Anban Compatible with MacBook Air 13 inch Case 202,22.99,0.8544965,Anban Compatible with MacBook Air 13 inch Case 202,34.99,0.8464575,G JGOO Compatible with MacBook Pro 14 Inch Case 20,9.86,0.7909274
B09W219JD6,Herize Case for Galaxy Tab A8 10.5 Inch 2022 (SM-X200/X205/X207) | Samsung A8 Tablet Case W/Screen P,Herize,Computers,25.99,20.189783281390792,-5.800216718609207,5.800216718609207,22.31710934439864,15,0.8150045,Samsung Galaxy Tab A7 Case 2022/2020 | Herize SM-T,20.99,0.8907873,BRAECN Samsung Galaxy Tab A8 10.5 Inch Case for Ki,24.99,0.8406654,Galaxy Tab A 8.0 SM-T290/T295 Case 2019 with Scree,19.99,0.83031607
B0983LWLZ1,"TPACC Case for iPad 9.7 inch (2018/2017 Model, 6th/5th Generation), Slim Protective Case PU Leather ",TPACC,Computers,14.99,16.642595430572293,1.6525954305722923,1.6525954305722923,11.024652638907888,15,0.81609875,"iPad 2 Case, iPad 3 Case, iPad 4 Case, Slim Lightw",12.99,0.83753526,"NewShine iPad 2018/2017 9.7 Inch Case, Premium Lig",13.99,0.82602143,"iPad 6th/5th Generation (iPad 9.7"" 2018 2017) /iPa",19.99,0.82533777
B00EVQJ6RM,"Intel 530 Series SSDSC2BW120A401 2.5"" 120GB SATA III MLC Internal Solid State Drive (SSD) - Drive on",Intel,Computers,108.48,93.03978271219238,-15.440217287807627,15.440217287807627,14.233238650265143,15,0.67943025,"Intel 2.5"" SSD Hard Disk 540s Series, 240GB, 7mm 2",99.0,0.7225994,"Intel 480GB SATA3 Solid State Drive 2.5"" SSDSC2BB4",245.0,0.7185502,Intel 320 Series Solid State Drive SSDSA2BW300G301,119.0,0.7159013
B07TBKZZG8,"USB C Hub, Type C Hub, 5-in-1 USB C Adapter with 4K USB C to HDMI, Power Delivery Charging Port, 3 U",Rowland Harbour,Computers,12.98,46.96440147844274,33.984401478442734,33.984401478442734,261.8212748724402,15,0.7687756,"SIIG USB Type C (USB-C) Hub with 4K HDMI, 60W Lapt",50.54,0.7999406,"Cable Matters USB C Hub with HDMI 4K, 80W Charging",20.99,0.7940231,"Amiroko USB C to HDMI Cable, USB 3.1 Type C (Thund",10.99,0.79251623
B07SW8B56V,"SCREENARAMA New Screen Replacement for Lenovo G50-45 80E3, HD 1366x768, Matte, LCD LED Display with ",Unknown,Computers,52.05,56.70481630468894,4.654816304688943,4.654816304688943,8.942970806318815,15,0.8244895,SCREENARAMA New Screen Replacement for Lenovo FRU ,52.05,0.9218385,SCREENARAMA New Screen Replacement for Lenovo Thin,52.05,0.9191394,SCREENARAMA New Screen Replacement for Lenovo Idea,68.9,0.89624286
B07JNCFH7R,"hBARSCI Heart & Paw Print Vinyl Decal - 5 Inches - for Cars, Trucks, Windows, Laptops, Tablets, Outd",hBARSCI,Computers,9.99,10.806693459485023,0.8166934594850233,0.8166934594850233,8.175109704554787,15,0.68260026,"hBARSCI Cross Vinyl Decal - 11 Inches - for Walls,",18.99,0.86780876,"hBARSCI Hooptie Vinyl Decal - 5 Inches - for Cars,",9.99,0.8450979,"hBARSCI Flames Vinyl Decal - 5 Inches - for Cars, ",9.99,0.8306188
B07G4FXR7K,CPU Cooling Fan for HP 15-ba113cl 15-ba016ds 15-ba015ds 15-ba140ca 15-ba105ng 15-ba081nr 15-ba040ca ,Unknown,Computers,13.99,25.29099619259229,11.300996192592288,11.300996192592288,80.77910073332586,15,0.6998499,Givwizd Replacement CPU Cooling Fan Compatible wit,29.99,0.93097436,CPU Cooling Fan for HP Beats Special Edition 15-p0,14.99,0.85525393,New Laptop CPU Cooling Fan for HP Envy 15-AE 15-AE,14.99,0.7400433
B00AI18L5C,UpBright¨ New Global 12V AC/DC Adapter for NEC ADP69 PC-VP-BP47 OP-520-76411 MultiSync LCD1765 L172E,UPBRIGHT,Computers,9.99,17.83101605568358,7.84101605568358,7.84101605568358,78.48864920604184,15,0.731314,UpBright New 12V AC/DC Adapter Compatible with Sha,12.99,0.85737795,UpBright New 18V AC/DC Adapter Replacement for Mic,8.99,0.8030838,UpBright New Global DC 5V AC/DC Adapter for Jailbr,9.99,0.7849803
B00PN4MNGM,2RZ0826 - StarTech.com 2 Port PCI Express PCIe USB 3.0 Controller Card w SATA Power,StarTech,Computers,25.0,106.2181929045849,81.2181929045849,81.2181929045849,324.8727716183396,15,0.64951515,StarTech.com 4 Port PCI Express USB 3.0 Card - 2 E,36.68,0.70202285,StarTech.com 2 Port USB 3.1 (10Gbps) Card - USB-A ,43.88,0.6818488,ASRock Motherboard ATX DDR3 1066 LGA 1150 H81 PRO ,168.68,0.66154075
B00GGM6R62,Logitech Wireless Solar Keyboard K750 for Mac - Retail Box - Silver,Logitech,Computers,94.99,59.04974465907651,-35.940255340923486,35.940255340923486,37.83583044628222,15,0.6459763,Logitech Wireless Keyboard K350,59.65,0.6911453,Macally Backlit Bluetooth Keyboard for All Devices,39.99,0.6690582,Logitech K350 Wave Ergonomic Keyboard with Unifyin,34.99,0.66719043
B08BP3HV29,"A1382 Laptop Battery Compatible with MacBook Pro 15 inch A1286[Early 2011, Late 2011, Mid 2012 Versi",Gomarty,Computers,38.74,29.9786554446102,-8.761344555389801,8.761344555389801,22.615757757846673,15,0.7238067,Temark A1377 A1405 A1496 Replacement Laptop Batter,40.99,0.8434361,"A1382 Replacement Battery for MacBook Por A1286, M",46.99,0.8369088,GHU New Battery Replacement for A1331 Compatible w,34.9,0.8211041
B08FM7L9MB,"MingShore Universal for Lenovo Tab M8 HD,Smart Tab M8,Tab M8 FHD,Tab M8 3rd Gen 8.0 Inch Tablet Sili",MingShore,Computers,19.79,15.357334818140545,-4.432665181859454,4.432665181859454,22.39851026710184,15,0.721238,"HminSen Case for Lenovo Tab M8 3rd Gen TB-8506F,So",12.99,0.81774586,"Timecity Lenovo M8 Tablet Case, Lenovo TB-8505f Ca",22.99,0.7988373,"FIEWESEY for Lenovo Tab M8 8 Inch Gen 3 2022 Case,",19.99,0.7484334
B00BM8PNPQ,CMS 4GB (1X4GB) DDR3 8500 1066MHZ Non ECC SODIMM Memory Ram Upgrade Compatible with Acer® Aspire As5,Computer Memory Solutions,Computers,18.0,18.35824619628588,0.3582461962858794,0.3582461962858794,1.9902566460326634,15,0.9348909,CMS 4GB (1X4GB) DDR3 8500 1066MHZ Non ECC SODIMM M,18.0,0.993055,CMS 4GB (1X4GB) DDR3 10600 1333MHZ Non ECC SODIMM ,18.0,0.98817676,CMS 8GB (2X4GB) DDR3 8500 1066MHZ Non ECC SODIMM M,25.0,0.98377335
B07FZ3VV5J,Lot/Bulk - (10 Pack) USB Flash Memory Stick Thumb Pen Drive U Disk 16MB,General,Computers,13.0,23.117596098563336,10.117596098563336,10.117596098563336,77.82766229664104,15,0.7585042,10PCS 2.0/3.0 USB Flash Drive Pen Drive Memory Sti,23.99,0.7936034,RAOYI 10 Pack 2G 2GB USB Flash Drive USB 2.0 Memor,25.99,0.7881325,Kepmem 16GB Flash Drive Bulk 10 Pack Thumb Drive S,26.99,0.7751255
B0892XZ1QS,"MOSISO 360 Protective Laptop Shoulder Bag Compatible with MacBook Air/Pro,13-13.3 inch Notebook,Comp",MOSISO,Computers,27.99,21.426868029484723,-6.5631319705152755,6.5631319705152755,23.44813137018677,15,0.88772106,MOSISO 360 Protective Laptop Sleeve Compatible wit,11.49,0.9345565,MOSISO 360 Protective Laptop Sleeve Compatible wit,18.49,0.92822975,MOSISO 360 Protective Laptop Sleeve Compatible wit,24.99,0.92788804
B085L1L5RZ,"MOSISO USB C to USB Adapter 2 Pack, USB Type-C to USB Connector, Thunderbolt 3 to USB 3.0 Converter ",MOSISO,Computers,9.99,19.528517066399985,9.538517066399985,9.538517066399985,95.48065131531516,15,0.7007225,Syntech USB C to USB Adapter Pack of 2 USB C Male ,13.99,0.77515864,Macbook Pro Charger 96W Usb-C Power Adapter For Ma,25.99,0.7237826,SSE Type-C USB 3.0 3 in 1 Aluminum Combo Hub for M,11.95,0.7224665
B09MH82KP1,OWC Mercury Pro U.2 Dual Thunderbolt NVMe U.2 SSD Enclosure,OWC,Computers,229.0,106.90041536951459,-122.09958463048541,122.09958463048541,53.31859590850891,15,0.68469405,OWC Mercury Elite Pro Dual Mini Portable (0GB Encl,74.99,0.80315804,Other World Computing OWCTB3DK13PSL OWC 13 Port Th,172.0,0.73032486,OWC Mercury Elite Pro Mini USB C Bus-Powered Exter,39.99,0.717799
B073RT16TX,Standard 32MB 64MB 128MB 256MB 512MB (Megabyte) 40x Compact Flash Memory Card (256 Megabyte),Gigaram,Computers,7.75,26.482420983965383,18.732420983965383,18.732420983965383,241.70865785761782,15,0.71236724,"256GB Class 10 Flash Memory Card with Adapter, Com",13.99,0.76108503,Silicon Power-32GB MLC High Endurance DashCam Micr,19.24,0.7403928,Cloudisk Compact Flash 32GB CF Card Memory Cards H,22.99,0.73676133
B00QMP8RQQ,"Lap PRO - Mini, Universal Beanbag Lap Stand/Tray for iPad Mini, iPad Air, Galaxy, Xoom, Nexus & All ",Renegade Concepts,Computers,21.99,21.697144901083742,-0.29285509891625594,0.29285509891625594,1.331764888204893,15,0.70361733,Pillow Foam Laptop Tablet .Multifunction Tablet St,16.99,0.74982643,"Lamicall Tablet Pillow Stand, Pillow Soft Pad for ",25.99,0.7384632,Homemari Tablet Stands Laptop Tablet Stand Holder ,17.99,0.7280556
B074JFZNGJ,"Cellular360 Shockproof Case for Apple iPad Mini 4, Protective and Handy with 360 Degree Rotatable Ki",Cellular360,Computers,16.99,19.418711180067906,2.428711180067907,2.428711180067907,14.294945144602162,15,0.77787757,Cellular360 iPad Pro 12.9 3rd Gen & iPad Pro 12.9 ,34.99,0.85197705,Timecity iPad Mini 5/4 Case with Screen Protector ,25.99,0.8020134,SEYMAC stock iPad Mini 5/4 Case with Screen Protec,23.99,0.795026
B00DIWDGAS,Micron 2GB (1x2GB) SODIMM DDR2 PC2-6400 800MHz Laptop RAM,Micron Technology,Computers,15.0,22.050700915116813,7.050700915116813,7.050700915116813,47.00467276744542,15,0.76357806,16GB (1x16GB) Micron MTA16ATF2G64HZ-2G3B1 DDR4 240,44.34,0.88800526,MICRON 2GB PC3-10600U DDR3 MEMORY MODULE MT8JTF256,8.86,0.85687596,A-Tech 2GB DDR2 533MHz PC2-4200 200-pin SODIMM Lap,17.09,0.83242786
B00D6Q5BJA,8GB 4X2GB Dell OptiPlex 755 Series Desktop/PC DDR2 PC2-5300 RAM Memory,SAMSUNG,Computers,31.62,30.79530234020838,-0.8246976597916209,0.8246976597916209,2.608151991750857,15,0.8152484,4GB 2x2GB Dell OptiPlex 330 Desktop RAM Memory DDR,32.99,0.95630157,New! 8GB 4x2GB Dell OptiPlex 745 Mini Tower Memory,36.0,0.9430215,New! 2GB Desktop Memory DDR2 PC5300 667MHz for Del,10.55,0.9315743
B00MGWQE6E,CMS 16GB (2X8GB) DDR3 12800 1600MHz Non ECC DIMM Memory Ram Upgrade Compatible with Alienware® X51 R,Computer Memory Solutions,Computers,32.99,20.355040094994955,-12.634959905005047,12.634959905005047,38.299363155516964,15,0.87970585,CMS 2GB (1X2GB) DDR3 10600 1333MHZ Non ECC DIMM Me,14.25,0.9069584,CMS 4GB (1X4GB) DDR3 10600 1333MHZ Non ECC SODIMM ,18.0,0.897789,CMS 4GB (2X2GB) DDR2 6400 800MHZ Non ECC DIMM Memo,19.0,0.8892188
B09ZQNYGCL,X6 BT Bluetooth Magnetic VIP Card Reader Writer USB 3 Tracks Swipe Encoder [Upgraded Black Version],HZGOTech,Computers,155.0,69.60069626674222,-85.39930373325778,85.39930373325778,55.096324989198564,15,0.6059124,Deftun Bluetooth MSR-X6(BT) MSRX6BT Magnetic Strip,185.0,0.8191891,"geekgo SD Card Reader,USB Memory Card Reader Adapt",13.98,0.6525423,Arteck Universal Multi-Device Bluetooth Keyboard U,22.99,0.61169696
B07K9V2JF3,Cateck Ultra-Thin Premium Aluminum 3-Port USB 3.0 Hub with SD/TF Card Reader Combo Exclusively Desig,Cateck,Computers,27.99,18.99121421952562,-8.998785780474378,8.998785780474378,32.15000278840435,15,0.6696786,"BYEASY USB Hub, USB 3.1 C to USB 3.0 Hub with 4 Po",14.99,0.69240534,"USB3.0 Card Reader, Cateck 6 in 1 Aluminum Card Re",17.99,0.6914075,IOGEAR USB-C 2-in-1 SD Card Reader - w/USB Type A ,14.95,0.6908308
B09BBC9ZG5,"Barisc Laptop Stickers of Drew House, Fashion Brand Logo Vinyl Decals Waterproof Graffiti Patches fo",BARISC,Computers,6.99,7.586516300775672,0.5965163007756722,0.5965163007756722,8.533852657734938,15,0.8023808,"Blue Aesthetic Stickers,150pcs, Funny Cute Sticker",8.99,0.8436432,"50pcs Pack Terror Movie Laptop Stickers, Cool Viny",5.99,0.82406193,"300 Pieces Mixed Stickers for Water Bottles, Vinyl",8.99,0.8173425
B09C2QGSTZ,Zalman ZM-SF120 120Mm RGB Led Fan,Zalman,Computers,7.99,47.3698233396769,39.379823339676896,39.379823339676896,492.863871585443,15,0.6685183,ZALMAN CNPS80G Rev.1 CPU Cooler for Intel/AMD Comp,25.21,0.73838437,"CORSAIR AF140 LED Low Noise Cooling Fan, Single Pa",18.5,0.6988765,ZEUS GAMDIAS RGB Computer Case Cooling Fans 120mm ,39.99,0.68863887
B01M5KGZ39,UL Listed 90W AC Charger Fit for Asus M1603Q M1603 X560UD Zenbook 15 UX533FD UX533FN K560UD VivoPC K,Superer,Computers,25.99,33.5959359986786,7.6059359986786,7.6059359986786,29.264855708651787,15,0.7989372,UL Listed 7.5Ft 33W AC Charger Fit for Asus MJ401T,22.99,0.8373218,PWR+ 180W AC Adapter for Asus ROG Gaming G501JK GL,49.9,0.8167644,UL Listed AC Charger Fit for Asus X552 X552E X552E,16.99,0.8102153
B00KR6XXZ6,"SanDisk Extreme PRO-Series Solid State Drive SDSSDXPS-480G-G25 (2.5"", SATA Revision 3.0, 6Gb/s 480GB",SanDisk,Computers,150.0,105.75289406124129,-44.24710593875871,44.24710593875871,29.49807062583914,15,0.6684967,SanDisk Extreme 900 Portable 960GB SSD (SDSSDEX2-9,245.97,0.8018076,SanDisk Extreme PRO 256GB CFexpress Type-B Memory ,241.16,0.69288385,SanDisk 64GB Extreme microSDXC UHS-I Memory Card w,10.4,0.6828668
B08L17VCK3,"I Am Stronger Than Yesterday - Inspirational Quote Stickers - 2.5"" Vinyl Decal - Laptop, Decor, Wind",FunPopStickers,Computers,5.99,7.211744001514667,1.2217440015146668,1.2217440015146668,20.396394015269895,15,0.6362165,Prove Them Wrong Inspirational Laptop Stickers - 2,6.99,0.7084873,Inspirational Sticker Pack - Inspirational Laptop ,7.99,0.66979027,Yea OK Funny Stickers - 2 Pack - Laptop Stickers -,6.99,0.66324973
B09BCHYWXC,CoBak Replacement Cap for Apple Pencil - Silicone Protective Cap Cover for Apple Pencil 1st Generati,CoBak,Computers,5.95,9.58218792639143,3.6321879263914303,3.6321879263914303,61.045175233469415,15,0.65650827,COLORCORAL Case for Apple Pencil Silicone Apple Pe,5.99,0.7194164,LINGXIU 6 Pack Silicone Case Cover Compatible Appl,9.99,0.69916046,Silicone Case for Apple Pencil Holder Sleeve Skin ,6.99,0.6841178
B07Z53VHMN,HFSX Vintage Backpack Anti Theft Laptop Backpack Men Women Business Travel Computer Backpack College,HFSX,Computers,27.99,35.45838054103291,7.468380541032911,7.468380541032911,26.682317045490926,15,0.80119354,BESCHOI 15.6 inch Laptop Backpack Detachable Large,41.99,0.82800794,"XQXA Laptop Backpack, Travel Business Backpack for",32.38,0.8223254,"LOVEVOOK Laptop Backpack Purse for Women, 17 Inch ",39.98,0.8142887
B09XQXP9J7,6 Pack 1GB USB Flash Drive USB 2.0 Thumb Drive Memory Stick Jump Drive Pen Drive - Black/Red/Blue/Si,MONGERY,Computers,16.99,21.081576445230432,4.091576445230434,4.091576445230434,24.082262773575245,15,0.8408977,USB Flash Drive 8GB 3 Pack USB USB 2.0 Thumb Drive,8.99,0.8709522,2GB Flash Drive 10 Pack Thumb Drives USB 2.0 Swive,23.59,0.86488473,USB Flash Drive 32GB Exmapor Memory Stick Bulk Sto,16.99,0.85513216
B07D9H3QZ9,Power Cable Cord for EPSON Printer WF-2610 WF-7010 NX105,Unknown,Computers,7.99,15.604561146641597,7.614561146641597,7.614561146641597,95.30114075896867,15,0.608269,ReadyWired Power Cord Cable Plug for Epson Workfor,8.99,0.7529709,StarTech.com Power Cord - 15 ft / 4.5m - NEMA 5-15,11.59,0.64715064,6-FT 6FT USB 2.0 cable for HP PSC 2210 2410 Printe,6.76,0.64142823
B00N1QLFYU,Craig Electronics Activity Tracker Watch (CC426),Craig Electronics,Computers,8.57,43.17565225417629,34.60565225417629,34.60565225417629,403.7999096169929,15,0.42626065,Logitech Wireless Mouse M315 - Vivid Violet,12.99,0.4831506,"ELECOM M-FCC2BRSBK Wireless ""CAPCLIP"" Mouse Blueto",49.96,0.44793934,TacPower USB 2.0 Power Charger +Data Cable/Cord/Le,6.99,0.44500208
B00ESYW40S,"OtterBox DEFENDER SERIES Case for Samsung Galaxy Tab 3 7.0"" (ONLY) - Retail Packaging - BLACK",OtterBox,Computers,24.95,21.4029566822181,-3.547043317781899,3.547043317781899,14.216606484095786,15,0.73997074,OTTERBOX DEFENDER SERIES for Samsung Galaxy Tab Pr,18.95,0.80521137,OtterBox DEFENDER SERIES Case for iPad Mini 4 (ONL,48.28,0.79249847,OtterBox Defender Series Case for Samsung Galaxy T,18.74,0.789529
B09TNXCSMN,"HP 2022 Newest Pavilion Desktop, AMD Ryzen 7 5700G, 16GB RAM, 1TB PCIe SSD, Windows 11, Wi-Fi 5, Blu",HP,Computers,999.99,643.0493607808934,-356.94063921910663,356.94063921910663,35.69442086611932,15,0.7893036,"HP Pavilion Desktop PC, AMD Ryzen 3 5300G, 4 GB RA",510.0,0.8368303,"HP Pavilion Desktop PC, AMD Ryzen 7 5700G, 16 GB R",760.49,0.83300936,"HP Pavilion Desktop, AMD Ryzen 7 4700G Processor, ",837.88,0.799838
B07Q2G689J,93mm Long Crossfire Bridge Connector Adapter Flexible for ATI/AMD Video Graphics Card,Ecowsera,Computers,10.99,52.6030671365468,41.613067136546796,41.613067136546796,378.64483290761416,15,0.56225324,"GELRHONR SLI Bridge 2 Way,10cm 26pin Flexible Grap",9.98,0.71540403,CFIKTE VER 008S PCI-E Express Cable 1X TO 16X Grap,12.99,0.5944093,PCIE Riser 1X to 16X Graphics Extension for GPU Mi,39.99,0.5914999
B07SQNZ39D,ASUS 2019 VivoBook Premium Flagship Notebook Laptop 15.6 Inch WideView FHD Display AMD Quad-Core A12,ASUS,Computers,510.0,632.8505848942691,122.8505848942691,122.8505848942691,24.088349979268454,15,0.8266202,ASUS Vivobook 15.6 Full HD Intel Gen 10 Core i7-10,695.0,0.85681254,"ASUS 2021 VivoBook 15.6"" FHD Touchscreen Laptop Co",479.0,0.8465146,"ASUS Newest VivoBook 15.6"" FHD Touchscreen Laptop,",499.0,0.8416973
B01AOFUJRE,BoxWave Screen Protector Compatible with Fossil Q Founder Gen 1 (Screen Protector by BoxWave) - Clea,BoxWave Corporation,Computers,9.95,13.761581716629838,3.8115817166298385,3.8115817166298385,38.30735393597828,15,0.6311689,Screen Protector for Amazon Fire HD 10 (5th Gen 20,5.95,0.7426842,BoxWave Screen Protector for Garmin DriveLuxe 51 L,17.95,0.6603488,BoxWave Screen Protector Compatible with Garmin Dr,14.95,0.6408913
B08CVGYFC4,"ASCENY Coiled & Double-Sleeved Mechanical Keyboard Cable, for Type-C Mechanical Keyboards (Purple)",ASCENY,Computers,14.99,32.00527836628943,17.01527836628943,17.01527836628943,113.51086301727437,15,0.5565166,EPOMAKER Mix 1.8m Coiled Type-C to USB A TPU Mecha,19.99,0.6502808,"HyperX Coiled Cable - Durable Coiled Cable, Stylis",29.99,0.6168624,"Atelus Computer Keyboards Wired, Full Size Typewri",26.99,0.5621333
B07KXYD3NY,WDX0R Battery for Dell Inspiron 15 5000 7000 15 7579 7573 7560 7569 7570 5565 5567 5568 5570 5578 55,King EBOYEE,Computers,25.99,38.179260761994826,12.189260761994827,12.189260761994827,46.89981055019172,15,0.7105171,40WH XCMRD Battery for Dell Insprion 15 3000 Serie,23.47,0.74842274,Laptop TF03XL Battery for HP Pavilion x360 15-CC 1,25.47,0.73856676,FSKE 8N0T7 Laptop Battery for Dell XPS 15 9575 15-,42.0,0.7365571
B0BWXH2QS8,"Emetok for iPad Keyboard [Aluminum Base, Big Keycap, Rechargeable], Portable Bluetooth 5.1 Keyboard ",Emetok,Computers,13.99,42.62197844805844,28.63197844805844,28.63197844805844,204.66031771306962,15,0.7624069,ZAGG Folio Keyboard - Backlit Tablet Keyboard and ,12.5,0.7850176,NSANJAO Bluetooth Keyboard for ipad pro 12.9 (Slid,29.99,0.7812128,"Alpatronix iPad Case with Keyboard, 9.7 inch KX130",27.95,0.77889395
B0C617749R,"ELECOM EX-G Trackball Mouse, Wired, Thumb Control, Sculpted Ergonomic Design, 6-Button Function with",ELECOM,Computers,30.99,60.92238730417152,29.932387304171524,29.932387304171524,96.58724525386101,15,0.71348006,"ELECOM DEFT PRO Trackball Mouse, Wired, Wireless, ",69.99,0.9528386,"ELECOM Relacon Handheld Trackball Mouse, Thumb Con",54.99,0.9291491,"ELECOM EX-G Pro Trackball Mouse, Wired, Wireless, ",69.99,0.9079189
B00AR090EU,ADMS-450 USB Cable & RT Systems Software FT-450,RT Systems,Computers,57.57,121.91029677280677,64.34029677280677,64.34029677280677,111.7601125113892,15,0.49599415,USB Programming Cable with USB Driver CD for Yaesu,17.29,0.59116924,KRS-2000 USB Cable & RT Systems Software TS-2000,59.83,0.56407994,TYT Original USB Programming Cable & Software CD f,10.9,0.52420413
B09LYCNNTG,"CISSOOK Cherry Blossoms Hard Shell Case for MacBook Pro 14 inch A2442 A2779 M1 M2, Cherry Floral Cov",CISSOOK,Computers,21.99,20.15610995219604,-1.8338900478039584,1.8338900478039584,8.339654605747878,15,0.8143499,CISSOOK Navy Blue Sparkly Glitter Case for MacBook,10.49,0.89892054,CISSOOK Floral Case Cover for MacBook Pro 13 Inch ,21.99,0.8857237,CISSOOK Floral A2485 Case for MacBook Pro 16 Inch ,16.99,0.8749642
B08FNLPCMV,BRIGHTFOCAL New Screen Replacement for Acer Nitro AN515-55-53AG FHD 1920x1080 IPS LCD LED Display Pa,Unknown,Computers,50.88,73.67907359565743,22.799073595657426,22.799073595657426,44.80949999146506,15,0.8057338,BRIGHTFOCAL New Screen Replacement for Acer Nitro ,84.01,0.9598975,BRIGHTFOCAL New Screen Replacement for Acer Aspire,55.01,0.91995364,BRIGHTFOCAL New Screen Replacement for Acer Predat,73.58,0.8646658
B07J6GNZQ3,"RAIJINTEK OPHION SFF PC Case (Mini-ITX) with Tempered Glass, Max. 330mm VGA Card, ATX PSU, Type-C Hu",Raijintek,Computers,85.0,109.5833079717066,24.583307971706603,24.583307971706603,28.921538790243062,15,0.67386,GAMEMAX Micro-ATX Tower Computer Case with Removab,69.99,0.70997137,Thermaltake Core X71 Full Tower Computer Case Temp,216.75,0.6996347,Lian Li O11DXL-W O11 Dynamic XL ROG Certified (Whi,230.82,0.6894728
B0BZ7CL1QF,"LEVEN JS600 SSD 240GB 3D NAND SATA III Internal Solid State Drive - 6 Gb/s, 2.5 inch /7mm (0.28"") - ",LEVEN,Computers,15.99,56.40677253077081,40.41677253077081,40.41677253077081,252.7628050704866,15,0.7028445,SSD M.2 2242 64GB NGFF SHARKSPEED Plus M2 SSD 3D N,13.99,0.75745046,Inland Professional 3 Pack 256GB SSD SATA III 6Gb/,59.99,0.7264458,Eluktro Pro Performance 240GB SSD SATA III (6 GB/s,109.95,0.72009397
B09WR1YPBB,"Akko Pink Keycaps Set, Clear Translucent 155-Key ASA Profile Keys with Mac Keycaps Set for Mechanica",Akko,Computers,39.99,24.43905727156399,-15.550942728436013,15.550942728436013,38.887078590737715,15,0.69433033,Akko Keycaps Top Printed Shine-Through with ASA Pr,29.89,0.82227284,XDK Custom Keycaps 120 Keys(PBT XDA Dye-Sub) Enlig,32.99,0.7061038,"XVX Low Profile Keycaps, PBT Keycaps 144 Keys, Sky",25.99,0.7031211
B08L9WSC33,HGST MegaScale DC 4000.B HMS5C4040BLE641 4TB Coolspin 64MB Cache SATA 6.0Gb/s 3.5in Internal Hard Dr,HGST,Computers,38.99,126.02252499616667,87.03252499616667,87.03252499616667,223.21755577370266,15,0.72209775,HGST MegaScale DC 4000.B HMS5C4040BLE640 (0F23139),158.68,0.91875327,HGST Deskstar 3.5-Inch 4TB 7200 RPM SATA III 6Gbps,89.0,0.76037925,Lenovo ThinkServer 3.5-Inch 2TB 7.2K SAS 6Gbps Hot,355.0,0.7362604
B0B3L29D8V,Crucial RAM 16GB Kit (2x8GB) DDR4 2666 MHz CL19 Memory for Mac CT2K8G4S266M,Crucial,Computers,35.99,67.34706861617497,31.357068616174963,31.357068616174963,87.12717037003324,15,0.76597816,Crucial 8GB Kit (4GBx2) DDR4 2133 MT/s (PC4-17000),68.99,0.847754,Crucial 32GB Kit (8GBx4) DDR4 2133 MT/s (PC4-17000,159.0,0.82230943,A-Tech 8GB (2x4GB) DDR4 2666 MHz UDIMM PC4-21300 (,21.17,0.7888335
B07N6NPDT6,"Fantom Drives 8TB External Hard Drive - 7200RPM USB 3.0/3.1 Gen 1 Aluminum Case - Mac, Windows, PS4,",Fantom Drives,Computers,189.49,242.9266667948057,53.43666679480569,53.43666679480569,28.20025689735906,15,0.67209876,FD 1TB 7200RPM External Hard Drive - USB 3.2 Gen 1,86.12,0.73736846,FD 2TB 7200RPM External Hard Drive - USB 3.2 Gen 1,99.26,0.7332532,"Fantom Drives 10TB External Hard Drive - GFORCE 3,",264.95,0.7233051
B01B5BDCVQ,Vertical Cable Data Rackmount 8U Open Wall Mount Frame Rack with Hinge,VC VERTICAL CABLE,Computers,163.43,140.3480502482267,-23.081949751773294,23.081949751773294,14.123447195602578,15,0.6818419,9U Open Wall Mount Frame Rack with Hinge - Adjusta,144.99,0.94202304,12U Open Wall Mount Frame Rack - Adjustable Depth ,169.0,0.8293111,RAISING ELECTRONICS 6U Wall Mount Open Frame 19inc,62.99,0.6941005
B0C5WP835J,"Youtec AirPods Case, Don't Touch Me Airpods Cover with Keychain Soft Cute Shockproof Cover for Women",Youtec,Computers,11.99,11.772580753483016,-0.2174192465169842,0.2174192465169842,1.8133381694494095,15,0.7728193,NIUTRENDZ Cute Cow Print Case for AirPods Case Cov,10.99,0.8252752,LiZHi for Airpods Pro 2nd Generation Case Cover 20,6.29,0.819507,"Airpods Case, Airpods Accessories Kits, 2 Pack Pro",12.99,0.79861224
B0774TWGWK,"BRAECN Shoulder Strap for Tablet Cases,Adjustable & Removable Universal Carrying Strap,Ultra Comfort",BRAECN,Computers,8.99,30.71705521430638,21.727055214306382,21.727055214306382,241.68025822365274,15,0.6673284,"MOSISO 56 inch Shoulder Strap, Adjustable Thick So",11.99,0.7273027,Qishare Shoulder Pad Air Cushion Laptop Case Bag M,8.99,0.7229462,"Replacement Shoulder Strap Pad for Camera,Backpack",14.96,0.7038533
B0C3HNRM47,Large Dual Monitor Stand Riser - Solid Wood Desk Shelf with Eco Cork Legs for Laptop Computer/TV/PC/,Aothia,Computers,59.99,30.280967913659993,-29.70903208634001,29.70903208634001,49.52330736179364,15,0.66648877,"WESTREE Dual Monitor Stand with Drawer for Desk, 2",39.99,0.76125085,"ETHU Dual Monitor Stand, Dual Monitor Riser for 2 ",29.99,0.75112796,"WALI Monitor Stand Riser, Laptop 3 Height Adjustab",10.98,0.70751595
B00HLOL17Y,"iMBAPrice Large Font Print USB LED Backlit Keyboard, Orange and Blue (IMBA-LOB-BKB)",IMBAPrice,Computers,18.99,44.04306063733104,25.05306063733104,25.05306063733104,131.92764948568217,15,0.6267302,iMicro KB-US9813 104-Key Wired USB Keyboard (Engli,14.95,0.64412916,DataCal EZSee Large Print Black Keyboard Bundled w,49.95,0.6365006,Arabic Keyboard Stickers with Fluorescent Inlays. ,8.99,0.6312118
B07M76JQLH,"MiliPow 240W Power Supply Replacement for Dell Optiplex 3040 7040 5040 3650 3656 SFF, B240NM-00 HU24",MiliPow,Computers,26.0,31.57463856233128,5.57463856233128,5.57463856233128,21.440917547428,15,0.71201444,ANPBAORE 240W Power Supply for Dell Optiplex 3040 ,59.99,0.7920855,Dell Optiplex GX745SFF 275 watt power supply -MH30,51.98,0.7900386,250W Power Supply for DELL Optiplex 390 790 990 30,32.69,0.77013505
B09MRWR8W4,"Dell Inspiron 15.6"" FHD Touchscreen Anti-Glare LED Laptop | 11th Generation Intel Core i5-1135G7 | 1",Dell,Computers,599.99,594.7067435691387,-5.283256430861343,5.283256430861343,0.8805574144337978,15,0.8340265,Dell Inspiron 15 i5584-5360SLV-PUS Laptop 15.6 FHD,587.67,0.88995653,Dell Newest Inspiron 15 3000 3501 15.6” HD Laptop ,999.0,0.8809929,"Dell 2021 Newest Inspiron 15 3000 Laptop, 15.6-inc",569.0,0.84301543
B07NQPCP8Z,BRIGHTFOCAL New Screen Replacement for Dell Alienware 15 R3 AW15R3-7376SLV 15.6 Non-Touch IPS FHD 10,Unknown,Computers,53.24,59.584634266847274,6.344634266847272,6.344634266847272,11.917044077474214,15,0.83010995,BRIGHTFOCAL New Screen Replacement for DELL Inspir,61.01,0.890954,BRIGHTFOCAL New Screen Replacement for LM156LFCL03,49.34,0.88525677,BRIGHTFOCAL New Screen Replacement for DELL Inspir,132.0,0.84637773
B07YSK7XZS,Cavka Case for Apple iPad Air 5th 2022 4th 2020 Gen 3th 10.2 12.9 Pro 11 10.5 9.7 Mini 6 5 4 3 2 1 M,Cavka,Computers,30.0,28.44921476925292,-1.5507852307470813,1.5507852307470813,5.169284102490271,15,0.7613953,TSQQST iPad Air 5th Generation Case 2022/ iPad Air,23.99,0.80055773,SUPLIK Kids Case for iPad Air 5th/4th Generation (,14.98,0.7770809,Fingic iPad Pro 11 Inch Case 2022/2021 / 2020/2018,19.99,0.77555394
B00VVZPTOU,Belkin Air Protect Laptop Case - 14” Always On Laptop Sleeve For Chromebook Laptops - Laptop Case 14,Belkin,Computers,31.75,18.966100852099903,-12.783899147900097,12.783899147900097,40.26424928472472,15,0.7794353,"Laptop Sleeve 13 inch, 14 Inch Laptop Case, Protec",11.99,0.8051963,14 15 15.4 15.6 Inch Laptop Handle Bag Computer Pr,16.96,0.79402745,LSS Protective Laptop Sleeve Case with PU Leather ,17.99,0.7933967
B071GSRB5X,"iPad Pro 10.5"" (2017) Screen Protector, Armorsuit MilitaryGlass® 9H Tempered Glass Screen Protector ",ArmorSuit,Computers,12.95,14.4637475511764,1.513747551176401,1.513747551176401,11.689170279354448,15,0.8206614,ArmorSuit MilitaryShield Anti-Glare Screen Protect,11.85,0.92047244,ArmorSuit MilitaryShield Full Body Skin Film + Scr,19.95,0.90411097,ArmorSuit MilitaryShield Screen Protector for New ,12.95,0.8995641
B08BRQ17TH,"EBKK BETTY4 Laptop Battery for Razer Blade 2016 14"" V2 Series RZ09-0165 RZ09-0195 RZ09-01953E72 RZ09",EBKK,Computers,54.99,38.4252911149288,-16.564708885071205,16.564708885071205,30.123129450938723,15,0.72843796,New BETTY4 Laptop Battery Compatible with Razer Bl,79.99,0.82179135,C41N1712 Laptop Battery for Asus ROG Zephyrus GX50,35.99,0.7868191,OUWEE B31N1726 Laptop Battery Compatible with Asus,39.99,0.7659413
B07P7RGB14,"ANVISION 40mm x 10mm DC 12V Brushless Cooling Fan, Dual Ball Bearing, YDM4010B12",ANVISION,Computers,9.58,14.009753557270367,4.429753557270367,4.429753557270367,46.239598718897355,15,0.7100137,2packs 40mm x 40mm x 10mm 4010 12V 0.15A Ball Bear,9.99,0.8029776,2 Pack Wathai 30mm x 10mm 5V Small DC Brushless Co,8.99,0.75390553,2PCS Dual Ball Bearings Fan 60x60x10mm DC 12V 6010,7.99,0.73848647
B06Y4BQXVR,"(3 Pack) Supershieldz Designed for RCA Voyager III 7 inch (RCT6973W43) Screen Protector, Anti Glare ",Supershieldz,Computers,7.99,8.861195590233187,0.8711955902331869,0.8711955902331869,10.903574345847145,15,0.81375855,(3 Pack) Supershieldz Designed for Lenovo (Tab M8 ,7.99,0.85688716,(3 Pack) Supershieldz Designed for Samsung Chromeb,9.99,0.85053194,(3 Pack) Supershieldz Designed for Ematic 10.1 inc,8.99,0.8454387
B0B8H76WPX,FT232RL FTDI USB to TTL 3.3V 5.5V Serial Adapter Module Download Cable for Android Mini Port,HUABAN,Computers,7.0,47.875804674734646,40.875804674734646,40.875804674734646,583.9400667819235,15,0.57325965,Adafruit FTDI Serial TTL-232 USB Cable [ADA70],24.63,0.6555712,FTDI Cable 5V VCC-3.3V I/O,17.99,0.6541679,USB to 3.5mm Audio Jack 5V TTL UART Serial Cable w,15.0,0.6166667
B08PNW6WGX,"HP Laptop 15-dy1079ms (Core i7-1065G7) 15.6 Full HD 1920x1080 IPS touchscreen 12GB DDR4 Ram, 256GB S",HP,Computers,579.0,659.7155147610456,80.7155147610456,80.7155147610456,13.940503412961244,15,0.876525,"HP 17.3"" FHD Laptop, 11th Gen Intel Core i5-1135G7",672.0,0.9008022,"HP Pavilion 23.8"" Touch-Screen All-in-One Desktop ",549.0,0.8870266,"HP 2023 Pavilion x360 14"" FHD Touchscreen 2-in-1 L",739.0,0.88199556
B07YVVH36G,"ASUS ZenBook 13 Ultra-Slim Laptop 13.3"" FHD Display, Intel 8th gen Core i5-8250U, 8GB RAM, 256GB M.2",ASUS,Computers,499.65,652.4623242283941,152.81232422839412,152.81232422839412,30.583873557168843,15,0.80158925,"ASUS ZenBook 13 Ultra-Slim Laptop, 13.3” FHD NanoE",950.61,0.8582711,"ASUS F556UA-AB54-BL 15.6"" FHD, Thin and Light Lapt",788.0,0.8402913,"ASUS UX430UN-NB71 ZenBook 14"" Ultra-Slim Laptop wi",999.99,0.8370891
B07XZ1VLPF,RICHEN Raspberry Pi 4 Computer Model B Armor Aluminum Alloy Case/Passive Cooling Shell Metal Enclosu,RICHEN,Computers,18.86,37.29989450652694,18.43989450652694,18.43989450652694,97.77250533683426,15,0.65519524,"Akasa Pi-4 Pro, Pure Aluminum Raspberry Pi 4 Armor",27.99,0.736882,"Raspberry Pi 3 B+ Case, Aluminum Alloy Passive Coo",13.99,0.71700674,"Zebra Case - Raspberry Pi 3 B+, Pi 2, Pi B+ and 2B",19.99,0.6864054
B08NXWS66C,FuelRod Portable Charger Kit - Pack of 2 - Includes All Cables & Adapters Compatible with All Tablet,FuelRod,Computers,34.99,13.37861948171565,-21.611380518284353,21.611380518284353,61.76444846608846,15,0.48172513,T POWER 4 x pcs Micro-USB to USB Cable for Incredi,13.99,0.5254569,"PWR+ Charger for Lenovo Tab M10 Plus, Samsung Gala",12.99,0.50365186,"KEAIDUO Kindle Fire Fast Charger, 5V 2A USB Wall A",9.99,0.4987716
B09J28P3LD,"Earto iPad Air 5th Generation Case with Keyboard, Pro 11 inch, 7 Color Backlit, 360° Rotation, Smart",Earto,Computers,49.99,48.75545080542349,-1.234549194576509,1.234549194576509,2.469592307614541,15,0.85482067,iPad Air 5th/4th Generation Keyboard Case 2022/202,37.99,0.8727186,iPad Keyboard Case for iPad 2018 (6th Gen) - iPad ,62.99,0.86663485,"Earto iPad 6th Generation Case with Keyboard, iPad",58.98,0.8641379
B004CN7CFM,"Pwr AC DC Car Charger Compatible with Sylvania 7"" 8"" 9"" 10"" inches Portable DVD Player, Sylvania SYN",PWR+,Computers,9.99,32.09515774572372,22.105157745723716,22.105157745723716,221.2728503075447,15,0.71429443,CAR Charger for Panasonic Toughbook CF-18 CF-19 CF,34.99,0.7834979,USB-C Laptop Charger for LG Gram 14 15 16 17 2-in-,27.99,0.7691848,Laptop Charger for Asus VivoBook F510UA F512JA E20,22.9,0.74195516
B07D12H39T,StarTech.com 10m USB 2.0 Active Extension Cable M/F - 10 meter USB 2.0 Repeater / Extender Cable USB,StarTech,Computers,37.61,15.97783210770894,-21.632167892291058,21.632167892291058,57.517064324092146,15,0.71961784,"C2G USB Long Extension Cable, USB Cable, USB A to ",23.8,0.78467166,Tripp Lite Active USB 2.0 Extension Cable USB-A M/,32.29,0.7730495,InstallerParts 3 ft USB 2.0 High Speed Extension C,5.55,0.7543499
B09L7Y6S8Z,Fintie Case for MacBook Air 13 Inch A2337 (M1) / A2179 / A1932 (2021 2020 2019 2018 Release) - Snap ,Fintie,Computers,12.99,21.30678049411738,8.31678049411738,8.31678049411738,64.02448417334395,15,0.8690304,Fintie Case for MacBook Pro 13 Inch A2338(M2 M1) A,12.99,0.90063184,Case Compatible with MacBook Air 13 inch 2020 2019,21.99,0.8938158,Fintie Case for MacBook Air 13 Inch A2337 (M1) / A,30.99,0.88898015
B007KWX56W,HP 600 GB 2.5-Inch Internal Hard Drive 600 SAS 16 MB Cache Internal Bare or OEM Drives 652583-B21,HP,Computers,45.63,60.63146738498875,15.00146738498875,15.00146738498875,32.87632563004328,15,0.75744313,HP 581286-B21 581311-001 600GB 6Gb/s SAS Dual Port,29.0,0.846079,HP 507284-001 300GB SAS 10K Dual Port Hot Pluggabl,70.0,0.8075016,HP/COMPAQ 432320-001 146GB Hard Drive,47.51,0.7993889
B01JPMSFZA,"Barrow G1/4"" Male to Female Extender Fitting, 45 Degree Rotary, Black",Unknown,Computers,7.99,18.180784649973116,10.190784649973116,10.190784649973116,127.54423842269232,15,0.6458671,"Floratek G1/4"" 90 Degree Fitting Male to Female Ex",15.99,0.7524322,"Barrow G1/4"" to 14mm Hard Tubing Compression Fitti",20.99,0.7240833,"Barrow G1/4"" Multi-Stage Anti-Cyclone Fitting, Bla",8.99,0.69943166
B003NFV4PO,USB-C Replacement Charger 5V 3A for Raspberry Pi 4 Power Supply UL Listed Fast Type C AC Adapter Com,PWR+,Computers,17.9,15.746723401635416,-2.1532765983645827,2.1532765983645827,12.029478203154094,15,0.6417312,USB-C Charger and Power Adapter for All New HD 10 ,17.9,0.70982385,Pwr Charger AC Adapter for Samsung Galaxy Tablet P,12.99,0.7044648,UL Listed Charger for Samsung Galaxy Tab S3 S4 S6 ,12.99,0.67717296
B06X15JYGV,Replacement Accessory Parts Antminer S7 S9 Miner Fan 6000rpm 4-pin connector,CWC-GROUP,Computers,17.15,42.12768232943736,24.977682329437364,24.977682329437364,145.642462562317,15,0.56276953,CAQL New CPU Fan for Sunon MF60120V1-C180-S9A MF60,10.99,0.6274266,Delta AFB0912HH 4-wire PWM Fan,26.99,0.6189063,PartsCollection Delta Ultra Strong 12CM DC12V Cool,29.99,0.58324283
B087M3H5P8,ASUS TUF Gaming B460M-Plus WiFi 6 LGA1200 (Intel® 10th Gen) Micro ATX Gaming Motherboard (Intel® 1Gb,ASUS,Computers,199.0,479.37529608612596,280.37529608612596,280.37529608612596,140.89210858599296,15,0.7815316,ASUS Tuf Plus Gaming AM4 AMD X570 ATX DDR4-SDRAM M,409.0,0.85707426,ASUS TUF Gaming Z690-Plus WiFi D4 LGA1700(Intel 12,229.0,0.8497621,ASUS TUF Z390-Plus Gaming (Wi-Fi) LGA1151 (Intel 8,424.0,0.8457652
B09G29X63X,"Cat 7 Ethernet Cable 50 ft Shielded - Solid Flat Internet Network Computer Patch Cord, Faster Than C",Yaojin,Computers,10.99,18.721888795085352,7.731888795085352,7.731888795085352,70.35385618821977,15,0.8329368,Cat7 Ethernet Cable - 20 ft - RJ45 Connector - Cat,12.89,0.8711439,"Outdoor Ethernet Cable 150 ft, Cat7 Outdoor Ethern",55.99,0.8590174,Cat 7 Ethernet Cable 3 ft 6 Pack (Highest Speed Ca,15.99,0.85880125
B08K44YSGH,"iPad Air 5th/4th Generation Case 2022/2020, iPad 10.9 Case Cover with Pencil Holder - Multi-Angle St",NEWQIANG,Computers,12.99,14.602755843144063,1.612755843144063,1.612755843144063,12.415364458383857,15,0.8653996,"iPad 9th/8th Generation Case, iPad 10.2 Case 2021/",18.99,0.94595337,Arae for iPad Air 5 Generation 10.9 Case (2022) / ,12.99,0.8875865,"Case for iPad Air 10.5"" (3rd Gen) 2019 / iPad Pro ",16.99,0.8741554
B00FN9SQG8,"IBM-Lenovo Thinkpad Edge E531 68852Bu 15.6"" Laptop LCD LED Display Screen",IBM,Computers,73.19,60.20879842957192,-12.981201570428077,12.981201570428077,17.736304919289626,15,0.7603227,SCREENARAMA New Screen Replacement for Lenovo Thin,52.05,0.8100164,SCREENARAMA New Screen Replacement for Lenovo FRU ,52.05,0.78067243,"ASUS X53E-Rs51 Replacement Laptop 15.6"" LCD LED Di",52.27,0.77692914
B09G9XP863,"Junfire Protective Case for iPad Mini 6 2021, iPad Mini 6th Gen 8.3"" Case with Hand Strap Pencil Hol",Junfire,Computers,18.99,17.061519505072614,-1.9284804949273848,1.9284804949273848,10.155242206042047,15,0.8059685,BRAECNstock Apple iPad Mini 6 Case(Case for iPad M,19.28,0.8578836,Case for iPad Mini 6 2021: SUPFIVES iPad Mini 6th ,13.45,0.8504137,eTopxizu Kids Case for New iPad Mini 6th Generatio,10.99,0.8129164
B00A5STEFE,Lexar JumpDrive S50 32GB USB Flash Drive LJDS50-32GABNL (Green),Lexar,Computers,17.99,19.413169219348426,1.423169219348427,1.423169219348427,7.910890602270301,15,0.65374476,"Lexar JumpDrive V40 64GB USB 2.0 Flash Drive, 3-Pa",23.99,0.8531325,Lexar JumpDrive TwistTurn2 256GB USB 2.0 Flash Dri,24.49,0.75807786,Flash Drives 5 Pack 64GB USB 3.0 Flash Drive Memor,22.99,0.64312017
B0B25PFFN1,"USB Hub for Laptop HOYOKI USB 3.0 Hub,Portable Aluminum Data USB Splitter  with SuperSpeed 5Gbps Ult",HOYOKI,Computers,9.99,30.82892629432279,20.83892629432279,20.83892629432279,208.59786080403194,15,0.6910861,"BYEASY USB Hub, USB 3.1 C to USB 3.0 Hub with 4 Po",14.99,0.78398746,HWAYO 750GB Portable External Hard Drive Ultra Sli,36.99,0.72167987,2 Pack 4 Port USB 2.0 High Speed Hub Octopus Split,11.99,0.7200478
B0B75X65DW,"TP-Link AX3000 WiFi 6 Router – 802.11ax Wireless Router, Gigabit, Dual Band Internet Router, VPN Rou",TP-Link,Computers,107.99,190.4003554948365,82.41035549483651,82.41035549483651,76.31295073139782,15,0.6908553,"USB WiFi 6 Wireless Adapter for PC, QGOO AX1800 US",38.99,0.7427683,ASUS ZenWiFi AX6600 Tri-Band Mesh WiFi 6 System (X,537.31,0.7225385,D-Link WiFi Router AC1200 High Power Gigabit Ether,54.99,0.7154522
B09M4989ZZ,"HP Pavilion x360 14t FHD IPS Touchscreen Laptop (Intel i5-1135G7 4-Core, PCIe SSD, Intel Iris Xe, 14",HP,Computers,779.0,725.1425501496548,-53.85744985034523,53.85744985034523,6.913664935859465,15,0.8577258,HP Pavilion 15 Home & Business Laptop (Intel i7-11,998.99,0.9315497,"HP 2023 Pavilion x360 14"" FHD Touchscreen 2-in-1 L",739.0,0.8898755,"HP 2022 Pavilion X360 14"" FHD IPS Touch 2-in-1 Lap",899.99,0.8809636
B09DCCW5XZ,"TIMISM Kids Case for iPad 9th Generation/iPad 8th Generation/iPad 7th Generation 10.2 Case, Heavy Du",TIMISM,Computers,20.99,20.161699406878,-0.8283005931219982,0.8283005931219982,3.9461676661362475,15,0.8131416,"TOEVEK iPad 9th/8th/7th Generation Case for Kids, ",17.96,0.8393588,"iPad 10.2 2019/2020 Case for Kids,Heavy Duty/Shock",21.99,0.83867216,AVAWO Kids Case for iPad 10.2 9th & 8th & 7th Gene,12.98,0.83473384
B0BM48Z3BT,"HOTWAV R5 Rugged Tablet 10 inch Tablet Android 12(2023 New), 15600mAh Outdoor Tablet PC, Octa-Core 4",HOTWAV,Computers,244.99,90.61783965121036,-154.37216034878963,154.37216034878963,63.01161694305467,15,0.6293271,"OUKITEL RT3 Rugged Android 12 Tablet, 8 Inch Water",209.99,0.72496074,"10.1"" Inch Android Tablet PC,3G Unlocked Phablet 4",108.88,0.67837083,Semeakoko Tablet 10 inch Tablet 1080P HD Tablet 64,71.99,0.6591971
B0BYYXFGFR,chenyang JSER Vertical Flat Left Angled 90 Degree VGA SVGA Male to Female Extension Adapter Black,Unknown,Computers,8.0,13.265846536517559,5.265846536517559,5.265846536517559,65.8230817064695,15,0.6064406,25FT SVGA Super VGA M/M Male to Male PREMIUM Monit,16.99,0.64934564,uxcell DB15 15-Pin 3-Row Male to Female Connector ,8.69,0.63729894,Cable Matters VGA to VGA Cable 15ft with Ferrites ,13.99,0.6335217
B004QQTXXY,"Armorsuit, Apple iPad Screen Protector (2017, iPad Pro 9.7, Air 2, Air) MilitaryShield Lifetime Repl",ArmorSuit,Computers,11.95,18.41910016895287,6.46910016895287,6.46910016895287,54.13472944730435,15,0.82532775,ArmorSuit MilitaryShield Full Body Skin Film + Scr,19.95,0.9377978,ArmorSuit MilitaryShield Screen Protector for New ,12.95,0.93311596,ArmorSuit MilitaryShield Full Body Skin Film + Scr,19.95,0.92171925
B00H3DZ0SE,Adesso iMouse E9 Left-Handed Vertical Ergonomic Mouse,Adesso,Computers,32.91,64.63747439734856,31.72747439734856,31.72747439734856,96.40678941764985,15,0.6329618,Adesso iMouseE1 - Vertical Ergonomic Illuminated O,27.99,0.8289195,Posturite Penguin Ambidextrous Wired Ergonomic Mou,86.0,0.70365465,"ELECOM DEFT Trackball Mouse, Wired, Finger Control",33.99,0.6888696
B00KJA99BC,Airlink Router (AR686WV2),AirLink,Computers,45.0,68.19250715026601,23.19250715026601,23.19250715026601,51.53890477836891,15,0.6869131,"AC1300M USB 3.0 WiFi Adapter for PC, Dual Band Dua",16.99,0.7127811,"TRENDnet AC1200 Dual Band WiFi Router, TEW-831DR, ",24.99,0.7055028,ASUS WiFi Router (RT-AC1200_V2) - Dual Band Wirele,15.0,0.7024274
B09CY6PG9S,"HP 15.6"" FHD Windows 10 Pro Business Laptop Computer, Intel Celeron N4020 Processor, 16GB DDR4 RAM, ",HP,Computers,549.0,437.95903880312153,-111.04096119687847,111.04096119687847,20.226040290870394,15,0.8518886,"HP Pavilion Laptop (Latest Model), 15.6"" HD Displa",499.0,0.882509,"HP 22-Inch Full HD WLED All-in-One PC, Intel Celer",599.0,0.8678658,"HP 2022 14-inch Diagonal HD Laptop PC, Intel Celer",259.0,0.85787874
B09HMSDS8Y,Keyboard Cover for 2023 2022 2021 Dell XPS 15 9500 9510 9520 9530 15.6 Inch & XPS 17 9720 9700 9710 ,MUBUY-GOL,Computers,6.59,7.22976451571485,0.6397645157148499,0.6397645157148499,9.708111012364947,15,0.75225735,"MUBUY Keyboard Cover Design for 13.3"" Dell Latitud",6.85,0.9077563,2 Pack Universal Computer Desktop Keyboard Cover S,6.88,0.8058742,Keyboard Cover for Dell KM636/KB216/Dell Optiplex ,7.35,0.8006477
B01N97W6LU,"CableCreation 20 Feet CAT 5e Ethernet Patch Cable, RJ45 Computer Network Cord, Cat5/Cat5e/Cat6 LAN C",CableCreation,Computers,11.99,19.155969443513516,7.165969443513516,7.165969443513516,59.76621721028788,15,0.8537444,CableVantage New 200ft 60M Cat5 Patch Cord Cable 5,15.99,0.86818373,InstallerParts (10 Pack Ethernet Cable CAT5E Cable,18.49,0.8631858,Cmple Cat5e Network Ethernet Cable - Computer LAN ,8.49,0.8629377
B09BHPD634,"DOMISO 17 Inch Laptop Sleeve Case Shoulder Bag Water-Resistant Protective Carring Pouch for 17.3"" MS",DOMISO,Computers,19.99,19.260999099487712,-0.7290009005122862,0.7290009005122862,3.6468279165196913,15,0.85410756,DOMISO 17 inch Laptop Sleeve Case Briefcase Water-,22.99,0.9259246,DOMISO 17 Inch Laptop Sleeve Shoulder Bag Water-Re,26.99,0.9137955,DOMISO 17 inch Laptop Sleeve Shoulder Bag Shockpro,27.99,0.8730196
B07W5J3WNH,Teensy 4.0 (Without Pins),PJRC,Computers,23.94,441.76811613551746,417.82811613551746,417.82811613551746,1745.313768318786,15,0.59771174,"HP 15.6"" Full HD Touchscreen Laptop, Intel Core i7",980.99,0.61217946,DDR4 32GB PC 3200 CL14 G.Skill Kit (2x16GB) 32GTZN,194.17,0.60702115,ASRock MicroATX Motherboard Micro ATX DDR3 1066 In,198.86,0.6046681
B06XQH1B55,WEARSON LCD Monitor VESA Desk Stand Metal Foldable for 10-22 inch All in One PC Monitors Holder,WEARSON,Computers,39.99,89.75627546028564,49.766275460285634,49.766275460285634,124.44680035080178,15,0.6893026,Bracwiser Single Fully Adjustable Monitor Arm Stan,28.99,0.7409649,StarTech.com Monitor Wall Mount - Fixed - Supports,24.08,0.7378902,SIIG Premium Aluminum Triple Monitor Stand - Adjus,154.92,0.73321795
B06XTR76M8,3610KL-05W-B39 9225 24V 0.11A Fan axial case Computer stall Warning,Sungee,Computers,18.98,33.54980151865955,14.569801518659549,14.569801518659549,76.76397006669941,15,0.5991938,"GDSTIME 125CFM Big Airflow 24V 1238 Cooling Fan, 1",15.99,0.6731483,2 Pack Wathai 30mm x 10mm 5V Small DC Brushless Co,8.99,0.67051315,2packs 40mm x 40mm x 10mm 4010 12V 0.15A Ball Bear,9.99,0.6228669
B07N8LR98Q,Skinit Decal Phone Skin Compatible with LG G6 - Officially Licensed Funimation Ken Kaneki Split Desi,Skinit,Computers,15.99,18.53547219931537,2.5454721993153715,2.5454721993153715,15.919150714917896,15,0.61284417,Mightyskins Skin Compatible with Hp Pavilion G6 La,17.49,0.65707266,Skinit Decal Laptop Skin Compatible with Latitude ,24.99,0.64302975,MightySkins Skin Compatible with HP Spectre x360 1,13.2,0.62912315
B085XXWTG1,"Techcircle Universal Folio Case for 10 inch Tablet, Slim Lightweight Magnet Stand Cover [Card/Money ",Techcircle,Computers,18.99,17.088454744909708,-1.9015452550902907,1.9015452550902907,10.01340313370348,15,0.84547776,"Universal Case for 9-10.5'' Tablet, Newshine Color",15.99,0.9161795,"Universal Case for 9-10.5 inch Tablet, Newshine St",15.99,0.90079874,"Universal 9.5-10.5 Inch Tablet Case, Techcircle Sl",18.99,0.89048105
B00V9LA6I0,"NFC ACR122U RFID Contactless Smart IC Card Reader Writer, ACR122U NFC RFID Contactless Smart Reader ",Yosoo,Computers,44.04,37.375184809859135,-6.664815190140864,6.664815190140864,15.133549478067357,15,0.5898508,Identiv SCR3500 Smartfold Smart Card Reader,18.23,0.6792502,Identiv uTrust SmartFold SCR3500 B Type B USB Smar,30.95,0.6667613,"5 Pack RC522 Sensor kit, Aideepen RC522 Sensor Mod",11.99,0.6331419
B07KS7HHJ5,"Asus ZenPad 10 Z300C Rotating Case,Mama Mouth 360 Degree Rotary Stand Cover for 10.1"" Asus ZenPad 10",MAMA MOUTH,Computers,13.99,14.882018618507086,0.8920186185070857,0.8920186185070857,6.376115929285817,15,0.7386515,"ZenPad Z8s ZT582KL / Z8 ZT582KL-VZ1 Rotating Case,",12.99,0.92889094,"AT&T Trek 2 HD Rotating Case (Model 6461A),Mama Mo",12.99,0.82162154,"Galaxy Tab E 9.6 Rotating Case,Mama Mouth 360 Degr",13.99,0.81197315
B09QY6SWKL,"HP 2022 17.3"" FHD Laptop Computer, 11th Gen Intel Core i3-1115G4 Processor, 32GB DDR4 RAM, 1TB PCIe ",HP,Computers,599.0,659.4080888023634,60.40808880236341,60.40808880236341,10.084822838457997,15,0.8517545,"HP 2022 17.3"" FHD IPS Laptop, 11th Gen Intel Core ",549.0,0.9573601,"HP 17.3"" FHD Laptop, 11th Gen Intel Core i5-1135G7",672.0,0.8755168,"HP 2022 15.6"" FHD Touchscreen Laptop, Intel Core i",799.0,0.8660008
B0BFMWJGD7,"ECOHERO Newest Windows 11 Laptop, 6GB DDR4 RAM, 256GB SSD Storage, Intel Celeron J4005 Processor Up ",ECOHERO,Computers,219.0,440.72122032360403,221.72122032360403,221.72122032360403,101.24256635781006,15,0.73298746,"Coolby Windows 11 Laptop Computer, 15.6 inch (1920",229.0,0.791823,"Coolby Windows 11 Laptop Computer, Intel Celeron Q",349.0,0.7836358,"Newest HP Stream 14"" HD SVA Laptop Computer, Intel",279.0,0.746295
B00K04D3UK,"K5 PRO Viscous Thermal Paste for Thermal pad Replacement 60g 3X20g Pack (iPhone, Apple iMac, Sony PS",Unknown,Computers,29.99,18.76411146090542,-11.22588853909458,11.22588853909458,37.43210583225935,15,0.58637875,COMPUTERSYSTEMS REPAIR SERVICES DATA RECOVERY K5 P,54.99,0.6756975,Thermal Grizzly Kryonaut Extreme The High Performa,16.75,0.64505994,Wathai 36pcs 15x15x1.5mm High Performance Thermal ,7.99,0.61392105
B08N6C1691,Marchpower Charger Cable Charging Cords USB-A to Lightning Cable 3PACK 3FT Compatible with iPhone 14,Marchpower,Computers,6.99,14.337719440364614,7.347719440364614,7.347719440364614,105.11758856029489,15,0.71855646,LAX Apple MFi Certified Cable - Nylon Braided 6ft ,29.88,0.79302967,"Short Lightning Cable, PENGO USB Cable with Lightn",13.99,0.7816826,"Long USB C to Lightning Cable 10ft,[Apple MFi Cert",17.99,0.7629645
B0BN2J4DJF,"Spypoint 16GB Micro SD Card with SD Card Adapter, SDHC Class10 Memory Card for Trail Cameras (Pack o",Generic,Computers,22.99,26.76032366190227,3.770323661902271,3.770323661902271,16.39984193954881,15,0.72624,Micro SD Memory Card with a SD Card Adapter Micro ,13.99,0.7574556,SanDisk 16GB Ultra SDHC UHS-I Class 10 Memory Card,39.85,0.7548334,BRAVEEAGLE FAT32 32GB Micro SD Card Class 10 micro,6.99,0.74946964
B07CBP9N4S,Meffort Inc® 15 15.6 inch Neoprene Laptop Sleeve Bag Carrying Case with Hidden Handle and Adjustable,Meffort Inc,Computers,20.97,21.950974881277453,0.9809748812774544,0.9809748812774544,4.677991803898209,15,0.93485284,Meffort Inc Neoprene Laptop Sleeve Bag with Hidden,20.93,0.9472492,Meffort Inc 15 15.6 inch Neoprene Laptop Sleeve Ba,21.95,0.94649535,Meffort Inc 17 17.3 inch Neoprene Laptop Sleeve Ba,22.95,0.9455761
B017HJMLDU,Captain O-Ring - Rubber Oring Keyboard Switch Dampeners Blue [40A-R 0.4mm Reduction] (135 pcs w/Scre,Captain O-Ring,Computers,11.99,22.087419256450158,10.097419256450157,10.097419256450157,84.21533992035161,15,0.55507714,Coral Sea Keycaps 108 PBT Heat Sublimation OEM Pro,23.99,0.5733857,E-Element Keycaps Doubleshot Keycaps with Keycap R,8.99,0.5690239,"Spacebar Keycap,DIY PTB Keycaps,Five-Sided Sublima",6.99,0.5652334
B0B1ZLCF6L,"DUROCK POM Piano Linear Switches, 63.5g Keyboard Switch, Deeper Sound Super Smooth Performance 5 Pin",DUROCK,Computers,61.99,22.705842721051546,-39.284157278948456,39.284157278948456,63.37176525076376,15,0.542284,ZugGear L2 Linear Switches 67g Translucent Smokey ,12.99,0.6658845,mintcaps 45 Pieces Linear Keyboard Switch Set Pre ,15.99,0.5707906,Genuine SMD RGB Cherry MX Switch 3-pin Mechanical ,45.99,0.56839645
B08T9KSNQK,Huion H610 Pro V2 Graphic Drawing Tablet Android Supported Pen Tablet and Huion 10 Pack Replacement ,HUION,Computers,48.99,116.23866567599644,67.24866567599645,67.24866567599645,137.2701891732934,15,0.64093614,Huion Inspiroy H1060P Graphics Drawing Tablet with,71.08,0.9124258,HUION KAMVAS Pro 13 GT-133 Pen Display 13.3 in- Ba,230.99,0.6971347,"TiMOVO Pen for Surface, Stylus Penfor Surface Pro ",28.95,0.69147086
B0049QN12U,"4GB kit (2GBx2) Upgrade for a Dell Vostro 1500 System (DDR2 PC2-6400, Non-ECC, )",Crucial,Computers,53.2,30.43529895868285,-22.764701041317153,22.764701041317153,42.790791431047275,15,0.72699255,4GB kit (2GBx2) Upgrade for a Dell OptiPlex 740 Se,52.99,0.9531665,8GB Kit (4GBx2) Upgrade for a Apple MacBook Pro 2.,63.5,0.836918,Crucial 4GB kit (2GB x 2) DDR2 800MHz (PC2-6400) C,29.99,0.806132
B01G5FHARE,Editors Keys Logic Pro X Keyboard for MacOS | Backlit Shortcut Keyboard,Editors Keys,Computers,145.95,60.052811231201886,-85.8971887687981,85.8971887687981,58.853846364370064,15,0.5394202,Logic Pro Keyboard Cover for MacBook Pro with Touc,29.85,0.6935181,Logickeyboard Designed for Avid Pro Tools 2018 Com,154.9,0.638752,XSKN for Apple Logic Pro X 10 Shortcut Design Sili,16.99,0.54700977
B004BGYIDE,Connect-Tek Kendall Howard Fan Assembly Kit - Rack fan kit,Connect-Tek,Computers,58.11,31.963423623886243,-26.146576376113757,26.146576376113757,44.994968811071686,15,0.62973255,Rackmount Venting Panel - 1U (3 Pack) Spacer for I,28.0,0.66486704,2 Pack Wathai 30mm x 10mm 5V Small DC Brushless Co,8.99,0.66173416,Wathai Brushless Cooling Blower Fan 120mm x 32mm 1,12.99,0.65538484
B007N7HQO6,AMD FX-Series FX 4100 3.6 GHz Quad-Core CPU Processor FD4100WMW4KGU Socket AM3+,AMD,Computers,29.5,152.51457520573993,123.01457520573993,123.01457520573993,416.9985600194574,15,0.75297415,AMD FX-Series FX 4100 3.6 GHz Quad-Core CPU Proces,29.5,1.0,AMD FX-Series FX-8350 FX8350 Desktop CPU Socket AM,212.02,0.810608,AMD FD9590FHHKWOF FX-9590 8-core 4.7 GHz Socket AM,344.04,0.80066025
B097D9L433,Kids Case for iPad 9.7-inch 2018 6th Generation / 2017 5th Generation & iPad 9.7-inch Air/Air 2 - Bu,A ADENK,Computers,14.95,16.417808745651673,1.4678087456516735,1.4678087456516735,9.818118700011194,15,0.86674523,LEDNICEKER Kids Case for iPad 9.7 2018/2017 & iPad,12.98,0.893538,SUPLIK Kids Case for iPad 5th/6th Generation (9.7-,15.98,0.8874865,ProCase iPad 9.7 Case 2018 iPad 6th Gen / 2017 iPa,19.99,0.87425804
B09PNDSK26,LIAN LI LANCOOL II MESH RGB Black LAN2MRX Tempered Glass ATX Case -Black Color - LANCOOL II MESH RGB,Lian Li,Computers,184.0,97.00732115769837,-86.99267884230163,86.99267884230163,47.27862980559871,15,0.75218165,Lian Li LANCOOL II MESH C RGB-S USB Type-C Include,103.99,0.8385668,"LIAN LI LANCOOL III E-ATX PC Case, Enhanced Therma",147.0,0.80271816,Zalman Z3 Iceberg Premium ATX Mid Tower Gaming Com,64.99,0.77738047
B09TWRH21N,"ASUS Chromebook Detachable CM3, 10.5"" Touchscreen WUXGA 16:10 Display, MediaTek 8183 Processor 64GB ",ASUS,Computers,308.99,277.6989674230452,-31.29103257695482,31.29103257695482,10.12687549013069,15,0.73858017,ASUS Chromebook Flip C434TA-DSM4T 2-in-1 Laptop 14,129.0,0.8119899,"ASUS 2019 15.6"" Touchscreen Chromebook Intel Penti",258.0,0.80245256,"ASUS Chromebook Flip C433TA - 14"" FHD Touch - m 81",249.0,0.78004897
B01CTTY5BO,"Vangoddy Pindar 15"" 17 inch Laptop Messenger Shoulder Bag Soft Nylon Briefcase (Black)",Vangoddy,Computers,34.59,44.47386201421743,9.883862014217428,9.883862014217428,28.574333663536937,15,0.79509175,Vangoddy Backpack 3in1 Lightweight Nylon Messenger,45.99,0.83466876,KROSER Laptop Bag Premium Laptop Briefcase Fits Up,35.99,0.8222708,"LOVEVOOK Laptop Bag for Women, Large Capacity Comp",39.98,0.80463994
B07SK9CNJT,"SanDisk Ultra 64GB Dual Drive USB Type-C (Five Pack) Works with Smartphones, Tablets, and Computers ",SanDisk,Computers,56.59,21.70215738077637,-34.88784261922363,34.88784261922363,61.65019017357065,15,0.7785993,SanDisk 64GB Type-C Ultra Dual Drive Luxe USB 3.1 ,18.01,0.88308513,"RAOYI 32GB USB C Flash Drive, 2 in 1 USB 3.0 Type ",8.99,0.793283,MOSDART 2 Pack 64GB USB C Flash Drive 2 in 1 OTG U,26.99,0.7918953
B01ISKRSIK,"Generic 15.6"" HD Screen Compatible with 15-5558 (NT156WHM-N12 N156BGE-E42 Non Touch) Laptop Replacem",GEN,Computers,50.0,94.75167995507329,44.751679955073286,44.751679955073286,89.50335991014657,15,0.8248521,"Generic New 15.6"" HD Laptop Replacement LED LCD Sc",45.01,0.8764723,Fullcom New 15.6 inch Screen Compatible with Satel,47.8,0.86455166,New FULLCOM 14.0 inch Screen Compatible with 4y5yh,45.0,0.85671276
B08W579QJ5,SP Silicon Power 16GB (8GBx2) XPOWER RGB Turbine Gaming DDR4 3200MHz (PC4 25600) 288-pin CL16 1.35V ,SP Silicon Power,Computers,39.99,93.62277964319856,53.63277964319855,53.63277964319855,134.11547797749074,15,0.7644182,PNY XLR8 Gaming 16GB (2x8GB) DDR4 DRAM 3200MHz (PC,44.99,0.8232704,Mushkin Redline Lumina – DDR4 RGB Gaming DRAM – 32,89.99,0.81521285,v-Color Prism DDR4 8GB (8GBx1) 3200MHz (PC4-25600),34.99,0.80020314
B081K8SNDC,"SideTrak Slide Portable Monitor 12.5"" Screen with Carrying Case - Attaches to Your Laptop for Easy T",SideTrak,Computers,329.99,211.99432027068835,-117.99567972931166,117.99567972931166,35.757350140704766,15,0.67705804,SideTrak Solo Pro Portable Monitor 15.8” FHD 1080P,249.99,0.7431962,SideTrak Solo Triple Portable Monitor for Laptop |,539.99,0.73420966,"New Mobile Pixels 2023 Duex Max Portable Monitor, ",279.99,0.71631944
B07TVHXP14,LCDOLED Replacement 15.6 inches FHD 1080P IPS LCD Display Touch Screen Digitizer Assembly Bezel with,Unknown,Computers,124.99,90.34703932338303,-34.642960676616966,34.642960676616966,27.716585868163023,15,0.8182887,LCDOLED Replacement for HP Pavilion x360 15-er 15t,139.99,0.92902255,LCDOLED Replacement for HP Envy x360 15-dr1070wm 1,105.99,0.9161636,LCDOLED Replacement 15.6 inches FHD IPS B156HAN02.,121.99,0.90806794
B00B7XGZSA,HIGHDING SATA CD DVD-ROM/RAM DVD-RW Drive Writer Burner for Dell Inspiron N4120 N5030 N5040,Unknown,Computers,32.0,45.86059866082572,13.860598660825723,13.860598660825723,43.31437081508038,15,0.71191293,HIGHDING SATA CD DVD-ROM/RAM DVD-RW Drive Writer B,32.35,0.86897695,"For Dell Inspiron 15-3521-0620, Dell Inspiron 15R-",39.0,0.8433618,HIGHDING SATA CD DVD-ROM/RAM DVD-RW Drive Writer B,35.0,0.83287585
B08R6GRVD3,"Patriot Burst Elite SATA 3 1.92TB SSD 2.5"" Solid State Drive",Patriot Memory,Computers,76.99,77.7157980041987,0.7257980041987082,0.7257980041987082,0.9427172414582521,15,0.70898753,Patriot P210 SATA 3 512GB SSD 2.5 Inch Internal So,24.99,0.86972046,Inland Professional 3 Pack 256GB SSD SATA III 6Gb/,59.99,0.7484162,Addlink S20 256GB 3-Pack PS4 Compatible SATA III 2,44.99,0.7284932
B0B74NXM62,"Lenovo Laptop Computer ThinkPad T470 14 inch Business Notebook, Intel i5 8GB RAM 256GB NVMe SSD, Web",Lenovo,Computers,289.55,401.3525878996461,111.80258789964608,111.80258789964608,38.61253251585083,15,0.7386054,Lenovo ThinkPad T470s Intel i5-6300U 2.40Ghz 8GB R,174.77,0.805174,"Lenovo Thinkpad T470s 14"" FHD Touchscreen Laptop, ",319.16,0.80063605,"Lenovo ThinkPad T480 14"" HD Business Laptop, Intel",379.97,0.7812978
B0044ZFN5E,8GB 2X 4GB Memory Compatible for Apple iMac Core i3 i5 i7 Mid 2010 DDR3 PC3-10600 204 pin 1333MHz SO,Parts-quick,Computers,49.99,50.0639496657531,0.0739496657530978,0.0739496657530978,0.14792891728965354,15,0.8225262,parts-quick 16GB 2 X 8GB Compatible Memory for iMa,174.99,0.93585026,"8GB 2X 4GB Memory for Apple iMac 21.5"" 3.06GHz Int",49.99,0.9270429,parts-quick 8GB (2 x 4GB) Memory for Apple MacBook,49.99,0.89903176
B00GTDTCTM,LSI Logic MegaRAID SAS 9361-8i Storage Controller LSI00416,LSI Logic,Computers,204.0,121.37968910778984,-82.62031089221016,82.62031089221016,40.500152398142234,15,0.7116003,Genuine OEM LSI Dual SFF-8088 8 Port Mini SAS PCIe,43.55,0.78730816,HighPoint RocketRAID 840A PCIe 3.0 x8 6Gb/s SATA R,371.48,0.7654861,LSI MegaRAID SAS 9266-8i,68.0,0.7489611
B07LDVX6R6,"Dell Inspiron 13 2-in-1 7386-13.3"" FHD Touch - i5-8265U - 8GB - 256GB SSD - Silver, Model:dell i7386",Dell,Computers,367.99,536.4155064787564,168.42550647875635,168.42550647875635,45.76904439760764,15,0.7651289,"Dell Inspiron 15 5593, i5593-5964SLV-PUS, 10th Gen",779.0,0.83306664,Dell Touchscreen 2-in-1 Inspiron 5000 Backlit Keyb,749.0,0.7974114,"Dell Inspiron 15.6"" HD Laptop, Intel 4205U Process",429.99,0.7757094
B0894H3P2V,"Wineecy Backlit Keyboard Case for Samsung Galaxy Tab A8 10.5"" 2022 with Screen Protecotr, 7 Colors B",Wineecy,Computers,34.99,18.81155490720325,-16.178445092796753,16.178445092796753,46.23733950499215,15,0.7850205,BRAECN Samsung Galaxy Tab A8 10.5 Inch Case for Ki,24.99,0.8323345,Keyboard Case for Samsung Galaxy Tab A8 10.5 Inche,29.99,0.79922795,Fintie Hybrid Slim Case for Samsung Galaxy Tab A8 ,17.99,0.7948249
B085G2JR3J,"Youtec iPad 8th Generation Case, iPad 7th Generation Case, iPad 10.2 inch Case 2019/2020, Shockproof",Youtec,Computers,16.99,19.01490741745774,2.02490741745774,2.02490741745774,11.918230826708301,15,0.8562785,HDE iPad 9th Generation Case for Kids Shockproof i,22.99,0.8681525,"TOEVEK iPad 9th/8th/7th Generation Case for Kids, ",17.96,0.8680012,"BRAECN iPad 9th/8th/7th Generation Case, Heavy Dut",29.99,0.8670968
B0BHD2S5MJ,"GeeekPi Raspberry Pi Zero 2 W Starter Kit, with RPi Zero 2 W Aluminum Case, 32GB Card Preloaded OS, ",GeeekPi,Computers,159.99,77.13945131886912,-82.85054868113089,82.85054868113089,51.78482947754915,15,0.5685508,MakerSpot 7-in-1 Raspberry Pi Zero W Mega Pack (no,15.99,0.64082843,Pi Zero WH Package with Raspberry Pi Zero WH (Zero,47.0,0.625646,Vilros Raspberry Pi Zero W MAX Kit (Black Case),69.99,0.60503036
B00QIJUU7A,P&U New Black Matte keyboard with Frame for HP Pavilion DV6-6150US DV6-6152NR DV6-6153CL DV6-6157NR ,Unknown,Computers,22.95,24.042503941950923,1.0925039419509233,1.0925039419509233,4.760365760134742,15,0.70521706,New Keyboard Replacement for HP Pavilion DV7-2100 ,19.99,0.80759877,wangpeng® New US Black Backlit Keyboard (Without F,28.98,0.73965526,New US Black Backlit English Laptop Keyboard (With,28.59,0.7387871
B08MX3VRWT,"CKLau 4Kx2K@60Hz UHD Displayport to HDMI Converter, Display Port to HDMI Adapter",Unknown,Computers,18.99,87.77863967168169,68.7886396716817,68.7886396716817,362.2361225470337,15,0.7240404,CKL KVM Switch Triple Monitor DisplayPort 2 Port 4,369.0,0.7975143,CKLau 4Kx2K@60Hz Dual Port 3 Monitor KVM Switch HD,269.0,0.7719272,CKLau 4Kx2K@60Hz 2 Port KVM HDMI Switch with Audio,49.99,0.7704931
B07MWCB67X,"LENTION USB-C Multi-Port Hub with 4K HDMI Output, 100W PD, 4 USB 3.0 Compatible 2023-2016 MacBook Pr",LENTION,Computers,24.99,81.03335264218124,56.04335264218125,56.04335264218125,224.26311581505104,15,0.73905385,"Amiroko USB C to HDMI Cable, USB 3.1 Type C (Thund",10.99,0.80201924,"USB C Hub Dual HDMI Adapter, OBERSTER 9-in-1 Tripl",35.99,0.76957643,"Cable Matters USB C Hub with HDMI 4K, 80W Charging",20.99,0.7547965
B08813X7QT,"SopiGuard Skin for iPad Pro Magic Keyboard 11"" (iPad Pro A2228) Precision Edge-to-Edge Vinyl Sticker",SopiGuard,Computers,24.99,22.84710289577734,-2.1428971042226586,2.1428971042226586,8.575018424260339,15,0.7168127,SopiGuard Skin for 2021 Magic Keyboard Case 12.9 P,24.99,0.9054692,"SopiGuard Skin for Microsoft Surface Laptop 3 (15""",44.99,0.75865275,SopiGuard Skin for 2020 Dell XPS 17 9700 Precision,54.99,0.74502057
B005NBNTJU,HP 641629-001 Laptop Screen 17.3 LED BOTTOM LEFT WXGA++ 1600x900,HP,Computers,70.19,59.488861182020834,-10.701138817979164,10.701138817979164,15.2459592790699,15,0.8811284,HP PAVILION DV7-4170US Laptop Screen 17.3 LED BOTT,70.19,0.9328275,Generic New 15.6 LED BOTTOM LEFT WXGA HD 1366x768 ,52.27,0.91978693,HP PAVILION DV6-2157WM Laptop Screen 15.6 LED BOTT,65.33,0.91563356
B08FMXFLH4,New Genuine FH for Ideapad Yoga 720-15IKB CPU Cooling Fan and Heatsink 5H40N67861,Unknown,Computers,105.0,74.08120614415412,-30.918793855845877,30.918793855845877,29.446470338900838,15,0.6428526,QUETTERLEE New Laptop CPU Cooling Fan for Dell Ins,9.99,0.6794893,Laptop Cooling Fan for Lenovo YOGA2 EG50040S1-C450,27.99,0.6763453,GAOCHENG Laptop CPU GPU Fan for Gigabyte Aero 15 1,115.0,0.6659276
B00B658CGC,"T POWER 19V Ac Dc Adapter Compatible with HP-Pavilion 20"" 21.5"" 23"" 23.8"" 25"" 27"" IPS LED Backlit Fu",T POWER,Computers,15.99,21.615742481168652,5.625742481168652,5.625742481168652,35.18287980718357,15,0.6914553,"T-Power AC Adapter for HP 120W, 600 610 200 Series",29.99,0.73305655,45W 19.5V 2.31A AC Adapter Laptop Charger Compatib,10.47,0.7185383,90W AC Adapter Laptop Charger for Hp Elitebook 846,15.74,0.7140738
B07GT8QLKQ,ADATA SD700 3D NAND 1 TB Ruggedized Water/Dust/Shock Proof External Solid State Drive Black (ASD700-,ADATA,Computers,105.68,60.56222330995658,-45.11777669004343,45.11777669004343,42.6928242714264,15,0.69293123,ADATA SU635 240GB 3D-NAND SATA 2.5 Inch Internal S,19.99,0.7692088,ADATA SE760 SuperSpeed USB 3.2 Gen 2 USB-C Up to 1,143.27,0.762591,ADATA SU650 256GB M.2 2280 SATA 3D NAND Internal S,34.19,0.76021385
B07WGZ9389,Cat8 Ethernet Cable 50FT 40Gbps 2000Mhz S/FTP 23AWG Waterproof UV Resistant High Speed Patch Cord Ca,CNCOB,Computers,39.99,17.99468151056574,-21.99531848943426,21.99531848943426,55.002046735269474,15,0.86455214,"Cat8 Ethernet Cable 50ft Shielded,High Speed 40Gbp",15.99,0.8921783,"CAT8 Ethernet Cable, 10ft 2 Pack Flat High Speed 4",15.29,0.8858979,"CAT 8 Ethernet Cable, 25ft High Speed 40Gbps 2000M",19.99,0.8850459
B00OPOW032,"Eco-Fused Premium Tempered Glass Screen Protector for Apple iPad 4, 3, 2 / Screen Protector with Ole",Luminira,Computers,9.99,16.412813662949826,6.422813662949826,6.422813662949826,64.29242905855682,15,0.7365256,ZAGG InvisibleShield Glass Screen Protector for iP,12.49,0.78588986,(2 Pack) Supershieldz Designed for Apple iPad Mini,7.99,0.76759917,for iPad Pro 11 (2018) Screen Protector Tempered G,10.99,0.7633062
B09418M7YV,Vilros Raspberry Pi Pico with Header Complete Starter Kit,Unknown,Computers,24.99,32.45517266857454,7.465172668574542,7.465172668574542,29.872639730190247,15,0.5469562,LK COKOINO Raspberry Pi Pico Starter Kit with Pre-,17.99,0.7628155,Vilros Raspberry Pi Zero W MAX Kit (Black Case),69.99,0.67397124,"MazerPi 15 Pcs Pin Header, Pin Header Set for Rasp",5.99,0.61216307
B0B82BBDNW,"Segotep GF750 750W SFX Power Supply Fully Modular 80+ Gold PSU, Silent 80mm FDB Fan（White）",Segotep,Computers,124.12,145.1105900111805,20.9905900111805,20.9905900111805,16.911529174331697,15,0.6343994,be quiet! BN639 SFX L Power 600W 80 Plus Gold Powe,135.86,0.73462623,SilverStone Technology SilverStone SX700-PT SFX 70,137.21,0.68316877,Corsair Professional Series  HX 850 Watt ATX/EPS M,162.55,0.6760053
B0B31V4FZ1,MOSISO Laptop Sleeve Compatible with MacBook Air 13 M2 A2681 M1 A2337 A2179 A1932 2023-2018 / Pro M2,MOSISO,Computers,13.99,20.014760035752833,6.024760035752832,6.024760035752832,43.06476079880509,15,0.87520367,MOSISO Laptop Sleeve Compatible with MacBook Air/P,16.99,0.9572241,MOSISO Laptop Sleeve Compatible with MacBook Air 1,12.99,0.93960404,MOSISO Laptop Sleeve Compatible with MacBook Pro 1,15.49,0.92340934
B07RJZKYC3,"X-MEDIA XM-PS110U 1-Port 10/100Mbps Fast Ethernet USB Print Server, USB 2.0 Port Network Print Serve",Unknown,Computers,49.99,19.60267178172675,-30.38732821827325,30.38732821827325,60.78681379930636,15,0.54126257,StarTech.com StarTech.com 1-Port 10/100 Mbps Paral,76.57,0.6481749,X-MEDIA XM-UB3204 4-Port USB 3.0 PCI Express (PCIe,14.99,0.5649115,TS5120 Power Cord 2 Prong Printer Power Cable Comp,6.99,0.56429994
B07MNTPW8B,"HP Elitebook 840 G3 14in Laptop, Core i5-6300U 2.4GHz, 8GB RAM, 256GB Solid State Drive, Windows 10 ",HP,Computers,234.98,239.25174522137866,4.271745221378666,4.271745221378666,1.8179186404709617,15,0.8254792,"HP Elite 8300 Desktop, Intel Core i5 (3rd Gen) Up ",138.59,0.8630029,HP Desktop Computer Compaq Pro 6200 MT Intel Core ,89.0,0.84532094,HP EliteDesk 800 G3 Mini Business Desktop PC Intel,306.11,0.8441923
B092Z1ZCDF,"Feitenn iPad 8th Generation Case for Kids 10.2 inch 2020/2019, Shockproof Kickstand Butterfly Cover ",Feitenn,Computers,16.99,17.710661402218122,0.7206614022181235,0.7206614022181235,4.241679824709379,15,0.8075102,"iPad case for Kids, Feitenn 3D Cartoon Butterfly N",15.99,0.8900334,"iPad 9th Generation Case, iPad 8th Generation Case",15.99,0.82622945,Simicoo iPad Pro 9.7 iPad 9.7 2018 2017 3D Cute Bu,15.98,0.82047915
B005U94WJ6,cyberguys Ziotek Keyboard and Mouse Arm for Track System,cyberguys,Computers,85.99,51.853292432689834,-34.13670756731016,34.13670756731016,39.69846210874539,15,0.5426613,Hyekit Custom Gaming Keyboard - Alice Layout 66 Ke,116.99,0.568251,Microsoft Sculpt Ergonomic Wireless Desktop Keyboa,103.14,0.56318986,Keyboard Stand Tilt Leg with Rubber Feet for Logit,9.99,0.55654776
B06XW3JJ8Y,"Speck Products 90208-1212 SmartShell Case for MacBook Pro 15"" With Touch Bar, Frosted Clear",Speck,Computers,19.6,25.527347549585677,5.927347549585676,5.927347549585676,30.24156913053916,15,0.736548,"Speck Products SmartShell Plus Case for 12.9"" iPad",18.53,0.7642666,Bandless Case Compatible with MacBook Pro 15 inch ,23.99,0.7638886,KKP Newest MacBook Pro 13 inch Case 2020 Release A,16.99,0.7511034
B08JT1XXDF,"Ztotop Case for iPad Pro 12.9 inch 2017/2015 (Old Model, 1st & 2nd Gen), Premium Leather Folding Sta",ZtotopCase,Computers,26.99,24.087153300113865,-2.9028466998861333,2.9028466998861333,10.755267506061998,15,0.791141,Ztotop Case for iPad 6th/5th Generation 9.7 Inch 2,19.99,0.8766088,ZtotopCase for iPad Pro 4th Generation 12.9 inch 2,26.99,0.8265625,DTTO iPad Pro 12.9 6th / 5th / 4th / 3rd Generatio,21.99,0.8164067
B00WW52OC8,uxcell Car Vehicle Audio USB Cable Adapter Wire Cord 1M 3Ft Length for Toyota,Uxcell,Computers,17.58,12.36421800786523,-5.215781992134769,5.215781992134769,29.668839545704035,15,0.49490088,uxcell ATX 24 Pin Male to 24 Pin Female Internal P,9.99,0.5706749,uxcell 10pcs USB 2.0 Type B Socket Jack 4 Pins 180,6.49,0.5315925,uxcell Plastic Office Computer Desk Grommet Cable ,8.49,0.52052045
B0B8SX1HWN,StarTech.com Thunderbolt 3 Dock w/ USB-C Compatibility - Dual Monitor 4K60Hz DisplayPort Laptop Dock,StarTech,Computers,330.99,120.60813792258827,-210.38186207741174,210.38186207741174,63.56139523170239,15,0.7717247,StarTech.com USB-C & USB-A Dock - Hybrid Universal,307.22,0.8667532,StarTech.com Dual Monitor USB C Docking Station wi,234.04,0.8500109,Cable Matters [Intel Certified] Certified Aluminum,78.99,0.8378703
B08R7C5RBY,"iPad 10.2"" (2020/2019)/iPad Air 10.5"" 2019 Case, Adjustable Stand Auto Wake/Sleep Smart Case for iPa",Log Zog,Computers,16.99,14.732140371790022,-2.2578596282099763,2.2578596282099763,13.289344486227053,15,0.81360877,"Case for iPad 8th Gen (2020)/7th Gen (2019), iPad ",11.99,0.9107536,Uliking iPad 10.2 inch (iPad 7th Gen) 2019/ iPad A,17.89,0.8347253,Uliking iPad 10.2 Case 2020 2019 8th/7th Gen with ,19.99,0.8276809
B01DN96Q66,"10GBASE-CU SFP+ Copper DAC Twinax Cable, 2-Meter 10GbE SFP+ to SFP+ Gigabit Ethernet Passive Direct ",Macroreer,Computers,27.99,39.127906605728406,11.137906605728407,11.137906605728407,39.7924494666967,15,0.6446503,[Green] Colored 10G SFP+ DAC Cable - Twinax SFP Ca,21.99,0.7592833,"QSFPTEK 10G SFP+ DAC Cable, 0.5m (2ft) Passive Dir",9.99,0.75680786,[Blue] Colored 10G SFP+ DAC Cable - Twinax SFP Cab,11.99,0.7133925
B08D74874Z,"PINHEN 11-12 Inch Laptop Sleeve Bag Water Resistant Compatible with MacBook Air 11.6 inch, Surface P",PINHEN,Computers,16.99,16.6197532892364,-0.37024671076359894,0.37024671076359894,2.1792037125579693,15,0.8296053,Lacdo Chromebook Case 11 Inch Laptop Sleeve for 11,15.99,0.9274144,"Lacdo 360° Protective 13.3"" Laptop Sleeve Case Com",18.99,0.89024436,Dealcase 11.6 Inch Waterproof Laptop Sleeve Bag Co,12.28,0.85354877
B01DLNJ90E,Dentsing C21N1347 Battery Replace for ASUS X555 X555LA X555LD X555LN X555L X555LB X555LF X555LI X555,Dentsing,Computers,32.74,37.02148596332418,4.2814859633241795,4.2814859633241795,13.077232630800792,15,0.6976721,Dentsing 45Wh WD52H Laptop Battery Compatible with,49.99,0.75811267,OUWEE B31N1726 Laptop Battery Compatible with Asus,39.99,0.7300886,OUWEE B41N1526 Laptop Battery Compatible with Asus,47.0,0.7224336
B09SK18VVS,"ASUS Newest Flip 2-in-1 14"" FHD Touchscreen Chromebook Laptop, Intel Core m3-8100Y(up to 3.4 GHz), 3",ASUS,Computers,379.0,389.1025329689228,10.102532968922787,10.102532968922787,2.6655759812461177,15,0.8117962,ASUS Chromebook Flip C434TA-DSM4T 2-in-1 Laptop 14,129.0,0.84116876,"ASUS 2021 VivoBook 15.6"" FHD Touchscreen Laptop Co",479.0,0.83997476,"ASUS VivoBook 15 Thin and Light Laptop 15.6"" FHD T",499.0,0.8346983
B07CLMLX8T,"ASUS CHROMEBOX 3-N020U Mini PC with Intel Core i7, 4K UHD Graphics and Power Over Type C Port, Star ",ASUS,Computers,239.99,226.1996357573364,-13.7903642426636,13.7903642426636,5.746224527131797,15,0.71970654,ASUS CHROMEBOX-M004U Desktop,79.99,0.7872002,"Acer Chromebox, Intel Celeron 3867U-Processor, 4GB",269.99,0.7395519,"HP Chromebook Laptop 14a-na1043cl 14"" Diagonal FHD",247.0,0.7368746
B000069JWS,Lexar Media 128MB Translucent Memory Stick (MS128260),Lexar,Computers,19.99,46.63485375020889,26.644853750208892,26.644853750208892,133.29091420814854,15,0.6039432,Lexar 128GB Professional 1066x SDXC Class 10 UHS-I,67.99,0.6378002,Sony HDR-CX110 Camcorder Memory Card 2 x 8GB Secur,19.25,0.6365181,Sony - Sony Memory Stick Duo Adaptor MSAC-M2,5.99,0.62357485
B06Y6KBKQF,ZOTAC GeForce GTX 1080 Ti AMP Edition 11GB GDDR5X 352-bit PCIe 3.0 Gaming Graphics Card VR Ready(ZT-,ZOTAC,Computers,279.39,318.7229921494431,39.3329921494431,39.3329921494431,14.078167489689362,15,0.75633615,Zotac VCX ZT-P10810C-10P GTX 1080 AMP Ti Extreme 1,499.0,0.9151022,ZOTAC ZT-P10300A-10L NVIDIA GeForce GT 1030 2GB GD,118.92,0.86215806,"ZOTAC GeForce GTX 1080 AMP! Edition, ZT-P10800C-10",249.99,0.85864455
B01GWM6B2U,Hitachi Ultrastar 7K3000 HUA723020ALA641 2TB 64MB cache Internal Hard Drive,Hitachi,Computers,197.36,72.19680095515317,-125.16319904484685,125.16319904484685,63.41872671506225,15,0.76193184,Hitachi HDD 0F12456 3TB SATA 6Gb/s Desktop Storage,79.99,0.8725667,HGST/Hitachi (HUA723020ALA641) Ultrastar 7K3000 2T,49.99,0.82553804,Hitachi CinemaStar 7K1000.C - Hard Drive - 1 TB - ,48.0,0.81002444
B07K18DQBF,Leizhan Micro USB Flash Drive 128GB Thumb Drive Micro OTG Memory Stick Pendrive USB 2.0 Jump Drive A,Leizhan,Computers,18.99,19.050826293323354,0.06082629332335543,0.06082629332335543,0.3203069685274115,15,0.7146122,WANSENDA OTG USB Flash Drive Micro USB Memory Stic,14.99,0.8063016,leizhan 128GB USB C Flash Drive USB 3.0 Type-C Thu,23.99,0.7500616,VATAPO 3.1 256GB 3 in 1 High Speed Flash Drive for,39.99,0.7448615
B01CAHOL8M,"2016 HP Pavilion 15.6-inch High Performance Notebook Intel Core i5-5200U Processor, 4GB RAM, 1TB HDD",HP,Computers,359.99,587.0238947831867,227.03389478318672,227.03389478318672,63.066722626513716,15,0.84144825,"2021 HP 15.6 Inch Full HD 1080P Business Laptop, 1",549.99,0.86968625,"2020 HP 15.6"" HD Touchscreen Premium Home & Busine",515.0,0.8685438,"HP Newest Pavilion 15.6” Laptop, Intel Pentium Qua",499.99,0.86494875
B01N7PXPDQ,New US Black Backlit Laptop Keyboard for Dell DP/N P/N 21H9J 021H9J CN-021H9J PK1313P1B00 NSK-LQ0BC ,Partsdealstore,Computers,27.8,36.6870387657289,8.8870387657289,8.8870387657289,31.96776534434856,15,0.7194628,New US Black Backlit English Laptop Keyboard (With,31.89,0.79499185,SUNMALL Replacement Keyboard with Backlit/Big Ente,29.99,0.7646499,New US Laptop Keyboard for Toshiba Satellite C55-A,19.99,0.7531431
B088BK6WBH,A1382 Battery for MacBook Pro 15 inch A1286 Early 2011 Late 2011 Mid 2012 New Replacement Laptop Bat,SNSYIY,Computers,54.62,34.670309532612805,-19.949690467387192,19.949690467387192,36.52451568543975,15,0.7237159,A1708 Replacement Laptop Battery A1713 for MacBook,57.88,0.81749225,"A1382 Replacement Battery for MacBook Por A1286, M",46.99,0.81598294,GHU New Battery Replacement for A1331 Compatible w,34.9,0.80735695
B07V39YW48,"PcProfessional Screen Protector (Set of 2) for Asus Q406DA 14 14"" Touch Screen Laptop High Clarity A",PcProfessional,Computers,13.99,14.442242082890072,0.45224208289007173,0.45224208289007173,3.232609598928318,15,0.7762112,PcProfessional Screen Protector (Set of 2) for Ali,14.99,0.8420799,PcProfessional Screen Protector (Set of 2) for Len,14.99,0.82141924,PcProfessional Screen Protector (Set of 2) for Len,14.99,0.7999497
B06WGL8X4D,Vantec NST-536S3-BK NexStar DX USB 3.0 External Enclosure for SATA Blu-Ray/CD/DVD Drive all black,Vantec,Computers,46.87,32.75582434585381,-14.114175654146187,14.114175654146187,30.11345349721824,15,0.64652,Vantec NexStar Gx USB 3.1 Gen 2 Type-C 2.5” SATA S,24.68,0.77481365,"External DVD Drive, Type A/Type C USB3.0 5Gbps Opt",12.82,0.69132185,X-MEDIA 2.5-Inch Tool-Free USB 3.0 SATA Aluminum H,9.99,0.67323714
B015LOV92C,"WD Re 2 sata_6_0_gb 128 MB Cache 3.5"" Internal Bare or OEM Drives WD2004FBYZ",Western Digital,Computers,160.2,82.13745965201628,-78.06254034798371,78.06254034798371,48.7281774956203,15,0.8106027,WD Black 500GB - 7200 RPM SATA 6 Gb/s 32MB Cache 7,21.99,0.8706106,WD AV 35in 320GB SATA 8MB HDD WD3200AVJS-00WDA0,18.99,0.84839267,WD VelociRaptor WD1000DHTZ - hard drive - 1 TB - S,224.96,0.83438575
B00CPDZ096,Cable N Wireless 150 Feet High Speed Cat5 Cat5e RJ45 Patch Ethernet Network Internet DSL Cable (150 ,Cable N Wireless,Computers,26.69,22.92280175233735,-3.7671982476626518,3.7671982476626518,14.114643116008436,15,0.71136373,Cmple Cat5e Network Ethernet Cable - Computer LAN ,8.49,0.7458444,"Cat 6 Ethernet Cable 50 ft - with a Flat, Space-Sa",16.99,0.74173224,Lknewtrend 300FT Feet Cat6 Ethernet Patch Cable - ,49.0,0.73579365
B001MQ3666,Laptop AC Adapter Charger for Dell XPS M14 M140,SIB,Computers,16.99,31.286075961920645,14.296075961920646,14.296075961920646,84.1440609883499,15,0.7497076,SIB Battery Charger+Cord for Dell Inspiron 1520 15,12.99,0.7869761,"Ac Adapter Charger for DELL Studio 17 1735, 1737, ",12.99,0.7858602,New 90w 19.5V Laptop Ac Charger Compatible with Pa,24.99,0.77265
B07YN871K1,"EpicGadget Case for Galaxy Tab A 10.1 2019 (SM-T510/SM-T515), PU Leather Folding Stand Folio Cover C",Epicgadget,Computers,8.98,15.498370761265493,6.518370761265492,6.518370761265492,72.58764767556227,15,0.8424252,Epicgadget Case for Samsung Galaxy Tab A 8.4 SM-T3,5.82,0.8864967,EpicGadget Silicone Case for Galaxy Tab A 10.1 201,8.99,0.8763745,Tablet Case for Samsung Galaxy Tab A 10.1 2019 - T,16.99,0.8648002
B08RCJR3R5,"Bicool 5inch Capacitive Touch Display for Raspberry Pi 4B/3B+/3A+/3B/2B/B+/A+, cm 3/3+, 800×480, TFT",Unknown,Computers,44.49,233.73885561841587,189.24885561841586,189.24885561841586,425.3739168766371,15,0.63949096,4.3inch DSI LCD Display with Case for Raspberry Pi,52.99,0.7630288,5 inch Resistive Touch Screen TFT Display 800x480 ,42.99,0.75802565,Ingcool 7 inch HDMI LCD 1024x600 Resolution Capaci,61.6,0.72101784
B09G3L48CG,DuraSafe Cases iPad 8.3 Inch Mini 6 Generation 2021 [ Mini 6th Gen ] A2567 A2568 A2569 MK7M3LL/A MLW,DuraSafe Cases,Computers,19.99,18.369403323331387,-1.6205966766686117,1.6205966766686117,8.107036901793958,15,0.8345014,DuraSafe Cases iPad Mini 4 7.9 Inch 2015 [ Mini 4t,19.99,0.8841546,DuraSafe Cases for iPad Mini 7.9 Inch 3rd 2nd 1st ,19.99,0.8819981,DuraSafe Cases for iPad 9.7 Inch 6th Gen / 5th Gen,19.99,0.87899685
B0050DC7NA,Belkin F3U154-06 USB 2.0 Printer Cable 6 Feet Multi-Colored,Belkin,Computers,8.84,32.20602259933893,23.36602259933893,23.36602259933893,264.3215226169562,15,0.65854234,"Printer Cable 10Ft,Tan QY USB 2.0 High Speed Gold-",6.39,0.6924697,USB Cable 25 ft Gold-Plated USB 2.0 Cable - A-Male,11.99,0.68941104,White 6 ft Hi-Speed USB 2.0 Printer Scanner Cable ,7.67,0.67831206
B09SPM7PP2,"DOMISO 14 inch Laptop Bag Business Briefcase Water-resistant Notebook Messenger Shoulder Bag for 14""",DOMISO,Computers,11.99,19.372601695857032,7.382601695857032,7.382601695857032,61.5729916251629,15,0.8321303,DOMISO 17.3 Inch Laptop Bag Cover Waterproof Shock,26.99,0.86484575,Laptop Sleeve Bag for 14-inch MacBook Pro 2021 A24,31.99,0.85453016,Laptop Sleeve Case 13-14 Inch Waterproof Portable ,17.99,0.85299695
B0BBRF2F1B,Doohoeek Backlit Bluetooth Keyboard Case Touch for Samsung Galaxy S8 Plus 2022 & S7 FE 12.4” 2021 & ,Doohoeek,Computers,59.99,34.924932235248434,-25.065067764751568,25.065067764751568,41.782076620689395,15,0.7693294,Fintie Keyboard Case for Samsung Galaxy Tab S8 Plu,46.99,0.82665765,JADEMALL Galaxy Tab S8 Plus/ S7 FE/ S7 Plus Case w,29.68,0.80834806,DOMEUN Galaxy Tab S7 FE/S7 Plus/S8 Plus Case with ,59.96,0.8014255
B0BL6J5JHD,Micro Center Intel Core i7-13700K Desktop Processor 16 (8P+8E) Cores up to 5.4 GHz Unlocked with ASU,INLAND,Computers,669.99,453.45842945519036,-216.53157054480965,216.53157054480965,32.318627225004796,15,0.7720636,Intel® Core™ i9-11900KF Desktop Processor 8 Cores ,403.3,0.82912457,Intel NUC 12 NUC12WSHi7 Wall Street Canyon Mini Co,899.99,0.7947992,Intel Core i9-9900K Desktop Processor 8 Cores up t,358.5,0.79149175
B073P692QZ,Shareway 45N1001 42N1000 Laptop Battery for Lenovo ThinkPad T430 T430i T530 T530i W530 W530i L430 SL,Shareway,Computers,32.89,31.839631687239656,-1.0503683127603445,1.0503683127603445,3.1935795462461067,15,0.6844357,GHU New Battery 48 WH Replacement for 41+ 40Y6799 ,33.86,0.75180525,GHU New Laptop Battery 41++ Replacement for 40Y679,41.58,0.7308087,Fancy Buying New Replace Battery for Toshiba Satel,23.99,0.70698327
B083JCQKZ9,"Lenovo ThinkPad X1 Presenter MouseNew Retail, 4Y50U45359New Retail",Lenovo,Computers,73.81,468.06014425383785,394.25014425383785,394.25014425383785,534.1419106541632,15,0.65574634,"Lenovo Yoga Book 10.1"" Full HD Touchscreen IPS (19",499.99,0.67169225,"Lenovo ThinkPad X280 Laptop: Core i5-8350U, 256GB ",799.0,0.66522217,Lenovo IdeaPad 15.6 Inch HD Laptop (Intel Dual-Cor,299.0,0.6613376
B07DSPHKFX,BRIGHTFOCAL New Screen Replacement for Lenovo ThinkPad T470s SD10M65528 00UR895 Touch + Digitizer 14,Unknown,Computers,127.0,58.12658548784239,-68.87341451215761,68.87341451215761,54.231035048943,15,0.8119628,BRIGHTFOCAL New Screen Replacement for Lenovo THIN,52.01,0.9480147,BRIGHTFOCAL New Screen Replacement for Lenovo T490,78.2,0.89878523,BRIGHTFOCAL New Screen Replacement for Lenovo idea,98.21,0.89340585
B098T32BHT,Pipetto Origami iPad Case Air 2 with 5 in 1 stand & auto sleep / wake function Navy,Unknown,Computers,44.31,16.60205514624547,-27.707944853754533,27.707944853754533,62.53203532781434,15,0.72560525,"iPad Air 2 Case, ROARTZ Gray Slim Fit Smart Rubber",17.99,0.7555923,Fintie Folio Case for iPad Air 2 - Premium Vegan L,11.99,0.74693084,"Fintie Case for iPad Air 2 9.7"" - [SlimShell] Ultr",12.99,0.743916
B09Q31SHK8,"Fintie Silicone Case for Samsung Galaxy Tab A8 10.5 Inch 2022 Model (SM-X200/X205/X207), Honey Comb ",Fintie,Computers,11.99,17.650042188319436,5.660042188319435,5.660042188319435,47.206356866717556,15,0.82200146,Fintie Hybrid Slim Case for Samsung Galaxy Tab A8 ,17.99,0.88606995,BRAECN Samsung Galaxy Tab A8 10.5 Inch Case for Ki,24.99,0.8414398,"Galaxy Tab A 8.0 Case 2019, Bingcok Heavy Duty Rug",12.99,0.8410431
B00B873TFW,"Minebea NMB 2406KL-04W-B36 12V 0.14A (60x15mm) DC BRUSHLESS Fan, 3-Wire",Minebea,Computers,9.0,22.278745868285654,13.278745868285654,13.278745868285654,147.5416207587295,15,0.6051052,AddA 12v DC 0.25a 4in-long 2-Wire 2-Pin 80x25mm FA,17.99,0.648256,Dell CPU Fan,9.08,0.6206161,Sunon PMD1204PQBX-A 40mm 13000 RPM Case Fan - Blac,19.99,0.6195644
B0BZJZKYST,"TP-Link AC1750 Smart WiFi Router (Archer A7) -Dual Band Gigabit Wireless Internet Router for Home, W",TP-Link,Computers,59.99,98.7160200727581,38.7260200727581,38.7260200727581,64.5541258088983,15,0.67138964,TP-Link AC1200 Wireless Wi-Fi Gigabit Router (Arch,106.69,0.72414875,NETGEAR Nighthawk Smart Wi-Fi Router (R7000) - AC1,65.78,0.7136911,TP-Link Archer T2U 11AC USB WiFi Adapter - Dual Ba,28.95,0.70902145
B01LZ30O89,"Danny Phantom Logo FlashDecals0170 Set of Two (2X), Decal, Sticker, Laptop, Ipad, Car, Truck",Flash Decals,Computers,9.99,8.406721350631706,-1.5832786493682942,1.5832786493682942,15.848635128811752,15,0.63755393,One Piece Edward Newgate White Beard Logo FlashDec,9.99,0.8715533,"Ash Williams - Vinyl - 5"" tall (Color: WHITE) deca",5.99,0.66589403,"New Ghost Busters 8"" Decal Vinyl Sticker|Cars Truc",8.99,0.65330243
B004W33MJ2,Pwr for Toshiba Satellite Charger Laptop Power Cord: UL Listed Extra Long C55 C655 C855 L655 S55 P55,PWR+,Computers,22.99,26.665835660053602,3.675835660053604,3.675835660053604,15.988845846253172,15,0.8144542,Pwr Laptop Charger Power Adapter for Asus: UL List,22.9,0.8677315,PWR+ 180W AC Adapter for Asus ROG Gaming G501JK GL,49.9,0.84702194,Laptop Charger for Asus VivoBook F510UA F512JA E20,22.9,0.8443762
B005WLY7X8,U-Reach Data Solutions SD300 Best Duplicator Portable 1:2 SD/Micro SD Flash Duplicator,U-Reach,Computers,129.99,66.01623141500637,-63.973768584993635,63.973768584993635,49.214376940528986,15,0.6011989,SanDisk 32GB Ultra Luxe USB 3.1 Gen 1 Flash Drive ,8.49,0.6512859,SanDisk 128GB Ultra Luxe USB 3.1 Gen 1 Flash Drive,12.79,0.6334582,Micro Center 64GB Class 10 MicroSDXC Flash Memory ,7.99,0.6130775
B08RWT711H,"Ethernet Extension Cable, Cat 6 Ethernet Cable Extender, Internet Cable with Shielded RJ45 Male-to-F",Maximm,Computers,14.99,16.74362664488481,1.7536266448848092,1.7536266448848092,11.698643394828615,15,0.81006265,VANDESAIL CAT 6 Ethernet Extension Cable Cat 6 RJ4,7.99,0.858736,"VENTION Ethernet Extension Cable 33FT,Shielded RJ4",19.99,0.8555023,Cable Matters 10Gbps 10-Pack Snagless Short Cat 6 ,17.49,0.82206655
B0761R5756,GISSARAL 65W Slim USB C Power Adapter Charger for 2016 2017 New MacBook Pro 13 15 Touch Bar and 2015,Unknown,Computers,49.0,15.979536024961158,-33.020463975038844,33.020463975038844,67.38870198987519,15,0.76088923,Easy Style 61W 67W USB C Power Adapter Replacement,19.99,0.82909673,Macbook Pro Charger 96W Usb-C Power Adapter For Ma,25.99,0.8194225,"MacBook Pro Charging Cable, 100W Replacement USB-C",7.59,0.80841815
B0148C2DNW,Funny Cat's Paw USB 2.0 Flash Drive 16GB Footprint Mini USB Disk BLACK,Geameon,Computers,9.99,13.341046792591635,3.351046792591635,3.351046792591635,33.54401193785421,15,0.67327785,"Cute USB Flash Drive 64GB, Aretop USB2.0 Cute Cart",12.99,0.7216869,"GARRULAX USB Flash Drive, 8GB / 16GB / 32GB USB 2.",8.59,0.71333957,"GARRULAX USB Flash Drive, 8GB / 16GB / 32GB USB2.0",9.89,0.7075692
B019H0RE3O,StarTech.com 2m USB to Type M Barrel Cable - USB to 5.5mm 5V DC Cable - USB to Barrel Jack 5V DC Plu,StarTech,Computers,5.99,9.798065201913982,3.8080652019139816,3.8080652019139816,63.573709547812705,15,0.6222086,CABLEDECONN USB to 5.5 mm/2.1 mm 5 Volt DC Barrel ,6.99,0.73950815,SIOCEN 3-Pack 4ft USB 2.0 A Type Male to DC 5.5 x ,8.99,0.7189851,Gear Head USB 2.0 Flat Panel Speakers for Home/Off,39.95,0.6401722
B003BGIZZC,HID OMNIKEY 3121 USB Card Reader,HID,Computers,16.34,67.78453052899177,51.44453052899176,51.44453052899176,314.8380081333645,15,0.56973815,Custom Logo/Text 4GB Credit Card Style USB Flash D,5.5,0.61857307,ADATA SU750 512GB 2.5 INCH SSD,68.64,0.5933028,Omnikey 5427CK Reader,145.96,0.5877069
B00O2UWGW4,Intel Xeon E5-1650 v3 Hexa-core (6 Core) 3.50 GHz Processor - Socket LGA 2011-v3Retail Pack,Intel,Computers,24.99,165.41643814978445,140.42643814978445,140.42643814978445,561.9305248090615,15,0.69483006,Intel Xeon CPU E5-1607V3 SR20M 3.10GHz 4-Cores 10M,8.99,0.77660835,Intel Core i5-3570 Quad-Core Processor 3.4 GHz 6 M,49.85,0.72482944,Intel Xeon Processor E5-2660 v2 (25M Cache 2.20Ghz,22.07,0.7121015
B082X82XH9,"BITFENIX Alchemy 3.0 A-RGB GPU Bracket - Grafikkarten-Halter, Transparent",BITFENIX,Computers,14.9,171.89200010142378,156.99200010142377,156.99200010142377,1053.637584573314,15,0.514415,"novonest GPU Support Bracket,5V 3PIN ARGB Graphics",17.69,0.554616,Code V3 104-Key Illuminated Mechanical Keyboard - ,185.0,0.5381112,IN WIN 309GE (IW-CS-309GE-BLK) EATX/EEB Mid Tower ,349.99,0.523191
B00H9L4AX6,"Skinomi Dark Wood Full Body Skin Compatible with Sony Vaio Tap 11 (SVT11213CXB, Keyboard Only)(Full ",Skinomi,Computers,18.95,16.199427958807334,-2.7505720411926653,2.7505720411926653,14.514892037956017,15,0.7164689,Skinomi Light Wood Full Body Skin Compatible with ,14.95,0.77773917,Skinomi Dark Wood Full Body Skin Compatible with A,16.95,0.7707506,Skinomi Black Carbon Fiber Full Body Skin Compatib,18.95,0.75805336
B0BXBRR84D,iMBAPrice (Pack of 5) In-line DSL Splitter w/Noise Filter,Unknown,Computers,12.99,18.94465840161809,5.954658401618088,5.954658401618088,45.84032641738328,15,0.4892615,iMBAPrice RJ45 Female to Female UTP CAT.6 Keystone,14.99,0.62408704,"iMBAPrice 25' Cat5e Network Ethernet Patch Cable, ",26.99,0.54363674,iMBAPrice - 10 Ft (10ft) Cat6 Ethernet Network Pat,6.59,0.52734244
B00J5YVAF6,"T POWER 6.6ft Long Cable AC Adapter for Sirius,XM Connect SXDPIP1,SDPIV1,XPVD1,XDPIV1 Replacement Sw",T POWER,Computers,13.99,17.615302688338218,3.625302688338218,3.625302688338218,25.91352886589148,15,0.6862511,T-Power 6.6ft Long Cable Ac Dc Adapter for Logitec,16.49,0.8502891,T-Power (6.6ft Long Cable) AC Adapter fit Compatib,14.99,0.83755815,T POWER 6.6 ft Long Cable for 6V Conair SU1W Sound,13.99,0.7465532
B08NHBGP4Q,14inch Laptop Protective Sleeve Handbag - Laptop Briefcase Case Messenger Bag with Hidden Handle & M,Fopor,Computers,14.88,20.564499524726607,5.684499524726606,5.684499524726606,38.20228175219493,15,0.83227104,"Laptop Sleeve 13 inch, 14 Inch Laptop Case, Protec",11.99,0.8578664,Laptop Sleeve Case 13-14 Inch Waterproof Portable ,17.99,0.85162777,Emopeak 15.6 Inch Laptop Sleeve Shockproof Protect,25.98,0.83606285
B07QQLD1JN,"mCover Case Compatible for 2018 ~ 2020 13.9"" Lenovo Yoga C930 Series 2-in-1 Laptop Computers ONLY (N",MCover,Computers,19.99,22.30127544453399,2.3112754445339903,2.3112754445339903,11.562158301820864,15,0.8121906,"mCover Case Compatible for 2019 ~ 2021 14"" Lenovo ",20.99,0.95920753,"mCover Case Compatible for 2020~2022 13.3"" Lenovo ",23.99,0.90335566,"mCover Case Compatible for 2019~2021 14"" Lenovo Th",21.95,0.90264356
B07T8BZMYP,"Lenovo ThinkBook 14s-IWL 14"" Notebook - 1920 x 1080 - Core i7 i7-8565U - 8 GB RAM - 256 GB SSD",Lenovo,Computers,899.99,453.34352257854397,-446.64647742145604,446.64647742145604,49.62793780169291,15,0.72527057,"Lenovo Thinkpad T470s 14"" FHD Touchscreen Laptop, ",319.16,0.7701356,Lenovo Thinkpad X270 Laptop Intel Core i5 2.40 GHz,154.0,0.77006114,"Lenovo Ideapad 3i 14.0"" FHD Laptop, Intel Core i5-",474.0,0.7441804
B09R1F7969,"MoKo 13-13.3 Inch Laptop Sleeve Case Fits MacBook Air 13-inch Retina, MacBook Pro 13"", Dell XPS 13, ",MoKo,Computers,17.99,17.591647517715373,-0.3983524822846256,0.3983524822846256,2.2142995124214875,15,0.796333,MoKo 15.6 Inch Laptop Sleeve Fits MacBook Pro M1 P,14.99,0.8218069,13 Inch Laptop Sleeve Case Compatible with 2019 20,19.9,0.8101315,13 13.3 Inch Laptop Sleeve Case for MacBook Pro 13,23.99,0.80856085
B07WQKKS8V,XPG SX8200 Pro 256GB 3D NAND NVMe Gen3x4 PCIe M.2 2280 Solid State Drive R/W 3500/3000MB/s SSD (ASX8,XPG,Computers,64.34,93.80131090214282,29.461310902142813,29.461310902142813,45.790038703983235,15,0.7577938,XPG SX8100 4TB 3D NAND NVMe Gen3x4 PCIe M.2 2280 S,401.41,0.95129424,ADATA XPG SX8100 512GB 3D NAND NVMe Gen3x4 PCIe M.,98.39,0.91790533,Gigabyte NVMe 1.3/ M.2/ PCIe 3.0x4/ 512GB SSD (GP-,69.99,0.76856834
B08ZC7W24H,"Apevia ATX-PR1000W Prestige 1000W 80+ Gold Certified, ROHS Compliance, Active PFC ATX Gaming Power S",Apevia,Computers,74.99,134.57485154935262,59.58485154935262,59.58485154935262,79.45706300753784,15,0.7373952,Apevia ATX-SP700 Spirit ATX Power Supply with Auto,35.99,0.843595,Apevia ATX-ES600-RGB Essence 600W ATX Semi-Modular,44.99,0.8214593,"GAMEMAX 1050W ATX 3.0 & PCIE 5.0 Power Supply, 80+",149.99,0.7873144
B09TTC8MFP,EPOMAKER Macaron 1.8m Coiled Type-C to USB A TPU Mechanical Keyboard Cable with Detachable Aviator C,EPOMAKER,Computers,19.99,21.317063793346936,1.3270637933469374,1.3270637933469374,6.638638285877627,15,0.6126629,EPOMAKER Mix 1.8m Coiled Type-C to USB A TPU Mecha,19.99,0.88955605,"HyperX Coiled Cable - Durable Coiled Cable, Stylis",29.99,0.65797174,Macally Full-Size USB Wired Keyboard for Mac Mini/,29.99,0.64809847
B096MTBKBZ,"Squiddy Johannesburg South Africa Skyline - Vinyl Sticker for Car, Laptop, Notebook (6"" Wide)",Squiddy,Computers,5.99,7.64489320563821,1.65489320563821,1.65489320563821,27.62759942634741,15,0.64999205,"Squiddy Cape Hatteras - Vinyl Sticker for Car, Lap",5.99,0.9220331,Squiddy San Francisco California - Vinyl Sticker f,5.99,0.90817714,Squiddy Baseball Player American Flag - Vinyl Stic,5.99,0.8840008
B09471QNT6,iPad Air 5th 4th Generation Case with Keyboard - Detachable Bluetooth Keyboard Case - Pencil Holder ,TaIYanG,Computers,36.99,38.25543633838563,1.2654363383856264,1.2654363383856264,3.42102281261321,15,0.86087996,JKSML iPad Air 5th Generation 2022 / iPad Air 4th ,30.99,0.9173153,aoub Case for iPad Air 5th/4th Generation 2022/202,28.99,0.88296026,"Eisuiyi iPad Pro 11"" case for 4th/3rd/2nd/1st Gene",32.99,0.8651535
B00XS40H0I,Seagate Video 2.5 HDD Hard Drive - Internal (ST500VT000),Seagate,Computers,19.99,130.6214653628375,110.63146536283752,110.63146536283752,553.4340438361057,15,0.69682777,Seagate SV35 2TB 7200RPM SATA 6-Gb/s NCQ 64MB Cach,83.66,0.76043737,Refurbished Seagate Pipeline HD ST3250312CS 250GB ,22.0,0.73556685,Seagate 2TB Enterprise Capacity 3.5-Inch HDD 128 M,115.24,0.7309525
B00B12P6DM,4GB [2x2GB] DDR2-667 (PC2-5300) RAM Memory Upgrade Kit for The Dell Optiplex GX745 Mini Tower (Genui,A-Tech Components,Computers,42.55,53.02163218012147,10.471632180121475,10.471632180121475,24.610181386889487,15,0.79272085,4GB 2 X 2GB Memory for Dell Optiplex 160 330 360 7,19.99,0.8452309,A-Tech 8GB (4X 2GB) Memory RAM Kit for Dell OptiPl,82.62,0.82753384,2GB Kit 2 X 1GB DDR2 Memory for Dell OptiPlex 160 ,9.99,0.82577384
B08ZJZ8WCM,Repair Parts Plus for iPad Pro 10.5 Screen Replacement LCD and Glass Touch Digitizer Premium Kit (10,Unknown,Computers,199.99,24.849929432121918,-175.1400705678781,175.1400705678781,87.57441400463928,15,0.78430146,Dedia White Touch Screen Replacement for iPad 5 20,19.95,0.84703207,Black Touch Screen Digitizer Repair Kit for iPad 9,16.99,0.8399403,for iPad Pro 12.9 2 2nd Gen 2017 Screen Replacemen,74.99,0.83939743
B0C5QQDN3T,"Lenovo Tab M10 Plus 3rd Gen Tablet - 10"" FHD - Android 12-32GB Storage - Long Battery Life",Lenovo,Computers,182.79,148.33642061693538,-34.45357938306461,34.45357938306461,18.848722240311073,15,0.7343319,Lenovo Tab M10 FHD Plus (2nd Gen) - 2021 - Kids Mo,199.0,0.8391516,"Lenovo - Tab P11 Plus - Tablet - 11"" 2K Display - ",299.99,0.7958127,Lenovo IdeaTab A2109 9-Inch 16 GB Tablet,89.99,0.76338637
B00B7I8HZ4,"Intel Next Unit of Computing Kit, Black/Grey BOXDCCP847DYE",Intel,Computers,259.0,398.59431251282075,139.59431251282075,139.59431251282075,53.89741795861806,15,0.6646833,"Intel NUC 11 NUC11PAHi5 0GB DDR4 RAM,0GB SSD,Core ",379.0,0.7787985,"Intel NUC 10 with Core i5-10210U Processor, Ultra-",409.0,0.7701292,"Intel NUC 11 NUC11PAHi7 Panther Canyon Mini PC, i7",499.0,0.7190799
B0C2HRCHZW,"OMOTON Wireless Keyboard, 2.4G Ultra-Slim Computer Keyboard, Portable and Quiet, Small Wireless Keyb",OMOTON,Computers,18.99,27.192886680899214,8.202886680899216,8.202886680899216,43.195822437594614,15,0.7027034,Macally 2.4G USB Wireless Keyboard for Laptop or C,19.99,0.7625251,"RaceGT Wireless Keyboard Mouse Combo, Energy Savin",29.98,0.74068487,"EDJO Wireless Keyboard, 2.4G Ergonomic Full Size W",24.99,0.7246146
B0C2W3WKPV,StarTech.com SATA to USB Cable - USB 3.0 to 2.5” SATA III Hard Drive Adapter - External Converter fo,StarTech,Computers,11.25,21.461516822344606,10.211516822344606,10.211516822344606,90.76903842084094,15,0.7384157,SSK Aluminum USB3.0 to SATA 2.5” External Hard Dri,9.99,0.8202426,"BENFEI SATA to USB 3.0 Cable, USB 3.0 to SATA III ",16.95,0.797352,StarTech.com USB 3.1 (10 Gbps) Gen 2 External Hard,32.91,0.77701926
B08BZRQK1W,"Cable Matters 3-Pack Short USB to USB Extension Cable 3 ft (Male to Female USB Extender Cable, USB E",Cable Matters,Computers,9.99,10.35464543696277,0.3646454369627694,0.3646454369627694,3.650104474101796,15,0.7615295,InstallerParts 3 ft USB 2.0 High Speed Extension C,5.55,0.8159309,"Cable Matters 2-Pack USB 3.0 Cable 3ft, USB to USB",10.49,0.8089173,"USB 3.0 Extension Cable 25Ft,USB 3.0 High Speed Ex",18.59,0.8052806
B00B86XHIM,APD DA-30C01 AC POWER ADAPTER 5Vdc 1.5A / 12Vdc 1.5A,Asian Power Devices,Computers,28.67,29.381212873307128,0.7112128733071259,0.7112128733071259,2.480686687503055,15,0.6019783,Ac Adapter Charger replacement for Samsung NP300V5,10.99,0.6259263,Wall AC Adapter Charger For ASUS TX300 TX300K TX30,35.99,0.6237422,NEW AC Adapter/Power Supply Cord for Toshiba API-7,12.99,0.6186924
B07MM55CY5,QUETTERLEE Replacement New for HP Pavilion 15-CC 15-CK 14-BK 14-BP 15-CC700 15-CC708tx 15-CC715TX 15,QUETTERLEE,Computers,13.99,22.409595298721282,8.419595298721282,8.419595298721282,60.182954243897655,15,0.74260944,QUETTERLEE New Laptop CPU Cooling Fan for Dell Ins,9.99,0.82928336,QUETTERLEE CPU Cooling Fan for HP Envy 13-AH 13-AQ,13.99,0.82842207,QUETTERLEE Replacement New Laptop CPU Cooling Fan ,32.99,0.82187676
B00WDTVTQ0,Samsung Galaxy Tab SM-T550,SAMSUNG,Computers,159.99,106.44705548356731,-53.5429445164327,53.5429445164327,33.46643197476886,15,0.7379149,"Samsung Galaxy Tab A 7""; 8 GB Wifi Tablet (White) ",95.0,0.8381243,SAMSUNG Galaxy T290 Tab A 8-Inch 32 GB WiFi Androi,179.99,0.799659,SAMSUNG Galaxy Tab A 8.0-inch Android Tablet 64GB ,214.0,0.77634877
0594481813,Barnes & Noble OV/HB Universal Power Kit for Nook HD & HD+,Barnes & Noble,Computers,39.88,16.681150161923146,-23.198849838076857,23.198849838076857,58.17163951373334,15,0.527803,"NewPower99 Battery Replacement Kit with Battery, V",33.95,0.5939758,Ac Adapter Charger Replacement for Asus Vivobook 1,10.99,0.55103636,"Ac Adapter Laptop Charger for HP Envy 4-1030, 4-10",10.99,0.5349301
B07ZTSL3JP,"Amazon Basics RJ45 Cat 7 High-Speed Gigabit Ethernet Patch Internet Cable, 10Gbps, 600MHz - Black, 1",Amazon Basics,Computers,15.67,18.28325017261429,2.6132501726142916,2.6132501726142916,16.676772001367528,15,0.8022423,Amazon Basics Cat 7 Gigabit Ethernet Patch Interne,10.46,0.81393695,"BUSOHE Cat8 Ethernet Cable 3FT 5 Pack Multi Color,",17.99,0.81252277,Tera Grand - 14FT - Premium CAT7 Double Shielded 1,14.99,0.8097887
B089KC3V55,Fintie Case for MacBook Air 13 Inch - Fits Previous Generations A1466 / A1369 (Not Fit MacBook Air 1,Fintie,Computers,12.99,19.68584488092022,6.695844880920221,6.695844880920221,51.54614996859293,15,0.8675384,Fintie Case for MacBook Pro 13 Inch A2338(M2 M1) A,12.99,0.9158742,Fintie Case for MacBook Air 13 Inch A2337 (M1) / A,30.99,0.8968001,Case Compatible with MacBook Air 13 Retina 2020 20,22.99,0.89612985
B000WOY6K4,Evercool 60 x 25mm High Speed 3 pin Fan EC6025H12CA,Evercool,Computers,7.95,33.29375469869344,25.34375469869344,25.34375469869344,318.7893672791628,15,0.6424219,PartsCollection Delta Ultra Strong 12CM DC12V Cool,29.99,0.71167976,Allied Telesyn SL-8320BTX (AL-A300ATX) ATX12V V2.2,206.0,0.6891169,AddA 12v DC 0.25a 4in-long 2-Wire 2-Pin 80x25mm FA,17.99,0.6750872
B09PGRSPKK,Rosewill DisplayPort Male to DVI Female Adapter (RCDC-14034),Rosewill,Computers,11.99,12.886936639655381,0.8969366396553813,0.8969366396553813,7.480705918727117,15,0.62582415,Cablelera HDMI Female to DVI Male Adapter (ZA5600F,6.12,0.6556363,InstallerParts 20ft High-Speed HDMI to DVI-D Adapt,17.84,0.65155774,TNP High Speed HDMI to DVI Adapter Cable (10 Feet),12.95,0.642631
B07WM2GXGZ,"Timecity Samsung Galaxy Tab A 10.1 Case 2016 Release, SM-T580 T585 T587 Case, Heavy Duty Protection ",Timecity,Computers,27.99,18.972553362416722,-9.017446637583276,9.017446637583276,32.21667251726787,15,0.8368526,"Timecity Samsung Galaxy Tab A 10.1 Case 2019,ONLY ",27.99,0.944211,Timecity Samsung Galaxy Tab A7 10.4 Case 2020/2022,27.99,0.8977,Case for Samsung Galaxy Tab A 10.5 inch 2018 (SM-T,16.99,0.8503703
B07ZJTNS7P,"PoE Texas Raspberry Pi PoE Hat - Power Over Ethernet PiHat Fits Raspberry Pi 3 B+ and Pi 4 - Slim, S",PoE Texas,Computers,24.99,83.84416315396065,58.854163153960656,58.854163153960656,235.51085695862608,15,0.63194287,PoE Texas PoE Power Adapter for USB-A and Micro-US,20.69,0.7161019,"PoE Switch, 8 Port PoE Switch for IP Cameras with ",59.99,0.69117534,Bicool Power Over Ethernet (PoE) Ethernet/USB HUB ,27.99,0.65384096
B078T9DVNW,"100pcs Fongwah NTAG215 NFC Adhesive Stickers with Genuine NXP Chips, for Animal Crossing Games and S",Fongwah,Computers,37.5,58.14096332585223,20.640963325852233,20.640963325852233,55.04256886893929,15,0.52881837,"Yubico Security Key, YubiKey 5, NFC Login, U2F, FI",49.0,0.57057154,New MacBook Pro 2019 USB Type C HUB OTG/TF/SD Smar,16.99,0.5356558,"Camera Card Reader,Multifunction Memory Cable Writ",8.15,0.5333252
B0B2DB2QXF,"2022 Newest HP Pavilion 15.6 HD Micro-Edge Laptop for Student and Home use, Intel Celeron N4120 4-Co",HP,Computers,419.0,402.1855144549449,-16.814485545055106,16.814485545055106,4.013003710037019,15,0.847049,"2022 Newest HP 15.6"" HD Laptop Computer, Intel Cel",379.0,0.87419164,"2022 Newest HP Stream 14in HD Laptop, Intel Celero",299.0,0.8688253,"HP Stream 11"" Laptop, Intel Celeron N4020, Intel U",199.99,0.86264944
B001RQ4Z7A,HP Power Supply - 300-Watt (Merlot C) Regulated (5188-2625),HP,Computers,67.8,33.471318119930615,-34.32868188006938,34.32868188006938,50.63227415939438,15,0.6851781,HP Power Supply - 300-Watt (Merlot C) Regulated (5,67.8,1.0,Sunon 12V 92mm 1.3W 3 Pin Cooling Fan for HP Serve,19.99,0.7111412,BAY Direct Replacement CPU Fan for HP Omen 15-AX 1,15.99,0.69108
B08191K8PF,"for Microsoft Surface Pro 7 (2019) / Pro 6 / Pro (2017) / Pro 4 Screen Protector [Tempered Glass], S",SuperGuardZ,Computers,10.99,9.810360766644484,-1.1796392333555161,1.1796392333555161,10.733750985946461,15,0.82634425,[2-Pack] for Echo Show 8 (1st Gen) Screen Protecto,11.49,0.92863256,for iPad Pro 11 (2018) Screen Protector Tempered G,10.99,0.89424455,SuperGuardZ [2-Pack] iPad 9.7 (2018) / iPad 9.7 (2,13.99,0.89348036
B09NBS32G1,"Replacement Keyboard for Dell G7 7588 7590 7790, G5 5587 5590, G5 SE 5505, G3 3579 3779 3590 Series ",KBRPARTS,Computers,23.99,27.616633241515103,3.626633241515105,3.626633241515105,15.117270702438953,15,0.69000715,Replacement Keyboard for MSI GS75 GP75 GE75 GF75 G,22.99,0.7633306,KBRPARTS Replacement Keyboard for Acer Aspire 5 A5,14.99,0.7189954,New Replacement Backlit Laptop Keyboard Compatible,39.99,0.7147528
B001EDTL52,16GB Extreme III Sd Card,SanDisk,Computers,59.97,58.31854791464161,-1.651452085358386,1.651452085358386,2.7537970407843693,15,0.749053,SanDisk Extreme 32GB SecureDigital SDHC UHS-1 Clas,21.99,0.8634434,SanDisk Ultra 16GB Class 10 SDHC UHS-I Memory Card,7.9,0.7999778,SanDisk 16GB Ultra SDHC UHS-I Class 10 Memory Card,39.85,0.79655397
B09R9CDZFN,"CableMod ModMesh Sleeved SATA 3 Cable (Red, 60cm)",CableMod,Computers,14.9,12.493498003168433,-2.406501996831567,2.406501996831567,16.151020112963536,15,0.5997324,"OKGEAR Red SATA 3.0/6Gbit/s Premium Cable 12"" Stra",7.99,0.6543139,QIVYNSRY 3PACK SATA Cable III 3 Pack 90 Degree Str,7.99,0.64146423,Corsair CP-8920186 Premium Individually Sleeved SA,9.99,0.6360516
B07FY6WRHF,Pasow Premium Cat7 Ethernet Cable Double Shielded 10 Gigabit 600MHz Cat 7 Ethernet Patch Cable Outdo,PASOW,Computers,37.99,17.103909246892822,-20.88609075310718,20.88609075310718,54.97786457780253,15,0.8185586,SHD Flat Cat7 Ethernet Cable(2 Pack) Network Patch,8.39,0.863026,Cat7 Ethernet Cable - 20 ft - RJ45 Connector - Cat,12.89,0.85887384,"CAT 7 Ethernet Cable 30Ft,CAT7 Ethernet Ultra Flat",11.99,0.8411492
B007A3TTP2,"XSPC G1/4"" 18mm Female to Female Fitting, Chrome",Unknown,Computers,5.99,28.30266641775196,22.312666417751963,22.312666417751963,372.4986046369276,15,0.6357028,"XSPC G1/4"" 5mm Male to Male Fitting, Black Chrome,",14.89,0.83050686,"XSPC G1/4"" Female to Female 90 Degree Elbow Fittin",33.99,0.7507932,"XSPC G1/4"" to 1/2"" ID, 3/4"" OD Compression Fitting",49.95,0.74747705
B07L1822T2,"SanDIsk 128GB Micro SDXC Extreme Pro 4K V30 Memory Card Works with DJI Mavic 2, Pro, Zoom, Spark, Ph",SanDisk,Computers,27.65,57.29899685171497,29.64899685171497,29.64899685171497,107.22964503332719,15,0.8019646,64GB SanDisk Micro SDXC Extreme Pro Memory Card (T,44.15,0.98208106,SanDisk Extreme 1TB MicroSD Memory Card for DJI Ma,125.56,0.87807024,SanDisk Extreme V30 A2 (2 Pack) 256GB MicroSD Card,59.55,0.8565809
B079C8S55W,"Dell Latitude 3590 CN7RN Notebook (Windows 10 Pro, Intel i5-8250U, 15.6"" LCD Screen, Storage: 500 GB",Dell,Computers,657.98,451.95535641623553,-206.0246435837645,206.0246435837645,31.31168782998943,15,0.6893142,"Latitude 7480 14 Business Notebook, 14 HD Anti-Gla",189.99,0.7375039,"Dell Latitude LAT5470-5559BLK 14"" HD Notebook (Int",459.95,0.7194117,Dell Inspiron 3501 15.6''FHD Touchscreen Business ,679.0,0.6979636
B000FOG604,HP Compaq nc6400 Business Notebook,HP,Computers,129.95,217.69203337178686,87.74203337178687,87.74203337178687,67.51984099406455,15,0.53768927,HP Compaq Pro 6300 SFF Business Desktop PC - C7A01,124.27,0.60788405,HP ProBook 6560b Notebook Intel Core i5 2450M (2.5,158.0,0.54683703,Intel SR0T8 CPU I5-3470 3.2GHZ Core i5-3470 3.20GH,26.35,0.5430249
B09372JWF4,"for Onn ONA19TB007/100005209 10.1"" Screen Replacement DP101740-F2-A Touch Screen Digitizer Glass Pan",Unknown,Computers,19.99,53.35082126808007,33.36082126808007,33.36082126808007,166.8875501154581,15,0.685646,New 7 inch Touch Screen Digitizer Glass for Contix,16.54,0.73496854,LCD Display Touch Screen Digitizer Replacement Ass,79.99,0.7139335,LCD Screen Replacement and Digitizer Full Assembly,54.39,0.70819515
B0B4BJ8YQ6,"Lenovo 2022 Newest Chromebook 3 14'' FHD IPS Touchscreen, MediaTek MT8183 8-Core CPU(Up to 2.0GHz), ",Lenovo,Computers,299.0,473.1644640265107,174.1644640265107,174.1644640265107,58.248984624251065,15,0.7804305,Lenovo Chromebook Flex 5 Convertible 2-in-1 Laptop,394.0,0.8041729,"Lenovo IdeaPad 3 Laptop, 15.6"" FHD Touchscreen, In",565.9,0.8021232,"Lenovo [Windows 11 Pro] 2022 IdeaPad 3 14"" FHD Bus",579.0,0.7954345
B07CWF33J1,"Amazon Basics Double Braided Nylon USB Type-C to Micro-B 2.0 Male Charger Cable | 3 feet, Dark Gray",Amazon Basics,Computers,11.31,10.4002798683927,-0.9097201316073011,0.9097201316073011,8.043502489896563,15,0.73154455,Amazon Basics USB-C to USB-C 2.0 Fast Charging Cab,8.55,0.7963386,25CM USB Type C Extension Cord Gold Plated USB 3.0,8.99,0.7743362,"CableCreation USB to Micro USB Cable 4 FT, Braided",8.99,0.7622118
B07GYWHJWN,"iBenzer Stay in 11 Inch Shockproof Protective Always On Laptop Sleeve Case for 11.6 MacBook, Chromeb",IBENZER,Computers,30.99,20.678194253657466,-10.311805746342532,10.311805746342532,33.27462325376745,15,0.751172,IBENZER Compatible with MacBook Pro 13-Inch Case 2,27.99,0.77688015,IBENZER Compatible with MacBook Air 11 Inch Case A,28.99,0.77589977,12.9-14 Inch Laptop/Tablet Sleeve Evecase Diamond ,12.99,0.7743436
B077TR1S5L,Padarsey (923-0438 Touchpad Trackpad Ribbon Flex Cable Compatible for MacBook Air 13” A1466 (Mid 201,Padarsey,Computers,6.88,24.518692237927713,17.638692237927714,17.638692237927714,256.37634066755396,15,0.70360065,"Odyson - Trackpad Replacement for MacBook Air 11"" ",105.0,0.808512,Padarsey Replacement DC-in Power Magsafe Board 820,11.77,0.75058913,Padarsey New Laptop CPU Cooling Fan Compatible for,10.99,0.71202755
B0818ZVB6V,"[3-Pack] for Fire HD 10 (9th Gen, 2019) / Fire HD 10 (7th Gen, 2017) Screen Protector - SuperGuardZ,",SuperGuardZ,Computers,10.19,8.741747719017814,-1.4482522809821852,1.4482522809821852,14.212485583730963,15,0.8637485,"[3-Pack] for Onn 7"" Tablet/Onn Surf 7"" Screen Prot",7.95,0.9183639,S.G. for Microsoft Surface Duo Screen Protector - ,8.19,0.8966267,[3-Pack] for MacBook Air 13 inch (2018) [A1932] Sc,8.09,0.89554036
B0BMWG9N16,PowerColor AMD Radeon RX 7900 XTX Graphics Card,PowerColor,Computers,929.08,197.9791941566256,-731.1008058433745,731.1008058433745,78.69083457219772,15,0.7516447,PowerColor AMD Radeon HD6450 1GB DDR3 DVI/HDMI/VGA,138.68,0.83975995,PowerColor Red Devil AMD Radeon RX590 8GB GDDR5 AX,398.86,0.80738854,PowerColor AX7770 1GBD5-HE AMD Radeon HD 7770 GHz ,158.86,0.7677831
B00EK46K4W,HP NC365T 593743-001 4 Port PCIe 1 Gbps Ethernet Adapter 593720-001,Unknown,Computers,64.82,78.42524817607723,13.60524817607724,13.60524817607724,20.989275186789943,15,0.6385097,Hp Nc360t Pci Express Dual Port Gigabit Server Ada,33.04,0.79989237,HP NC552SFP 10Gigabit Server Adapter (614203-B21) ,45.0,0.75384617,StarTech.com 4 Port PCIe Network Card - Standard P,157.28,0.69781065
B00BRDGOM2,Amd OS2350WAL4BGH Socket F 1207 Opteron Quad Core 2350 2 0ghz L2 2x1mb Rev B3,AMD,Computers,19.99,109.6698299193439,89.6798299193439,89.6798299193439,448.6234613273832,15,0.72753066,AMD FX-Series FX-8350 FX8350 Desktop CPU Socket AM,212.02,0.78120947,AMD Athlon 64 3800+ Processor- 2.4GHz 512KB CPU ad,24.49,0.7568579,AMD Athlon II X2 Dual-core 240 2.8GHz Processor (B,24.95,0.7488554
B08P14JZ1L,Pefcase Samsung Galaxy Tab A 8.4'' 2020 Case SM-T307 PU Leather Folio Stand Cover Protective Shell L,Pefcase,Computers,16.88,14.218319963357242,-2.661680036642757,2.661680036642757,15.768246662575574,15,0.8455241,Wallet Case for Samsung Galaxy Tab A 8.4-Inch 2020,15.99,0.8702271,Epicgadget Case for Samsung Galaxy Tab A 8.4 SM-T3,5.82,0.867658,"Galaxy Tab A 8.0 Case 2018, SM-T387 Case, Dteck Sl",12.99,0.8652889
B08JYT2X4P,"AICase for Samsung Galaxy Tab A7 10.4 inch 2020,Kickstand Shockproof Heavy Duty Rubber Rugged Hybrid",AICase,Computers,16.99,17.9814466280392,0.9914466280392027,0.9914466280392027,5.835471618829916,15,0.80857027,"Hocase for Galaxy Tab A7 Lite 8.7"" Case, with Kick",15.99,0.84372425,"BRAECN Galaxy Tab A7 10.4 Inch Case for Kids, Shoc",29.99,0.8376616,"Meifei Samsung Galaxy Tab A7 Lite Case 2021, Tab A",13.99,0.8241136
B0922YZ852,"D-Link Ethernet PoE Switch, 8 Port Easy Smart Managed Network Gigabit Wireless Network Internet Desk",D-Link,Computers,137.94,160.7223080662069,22.782308066206895,22.782308066206895,16.5160998015129,15,0.66859716,Cisco Business CBS110-8PP-D Unmanaged Switch | 8 P,108.73,0.7128836,NETGEAR 24-Port Gigabit Ethernet Smart Managed Pro,419.99,0.7014262,"TRENDnet 5-Port Gigabit PoE+ Switch, 31 W PoE Budg",65.24,0.69997245
B00Q8D2326,16GB (2X 8GB) Kit DDR3 PC3-10600 1333MHz 204Pin SODIMM Laptop Notebook MacBook Pro Memory Ram,Xtremeram,Computers,22.96,31.774776726777326,8.814776726777325,8.814776726777325,38.39188469850751,15,0.77976453,"4GB DDR3 8500 PC3-1066MHz, 2Rx8 1067MHz SODIMM RAM",13.99,0.8145253,A-Tech for Apple 8GB Kit 2X 4GB PC3-10600 MacBook ,50.49,0.8099467,A-Tech for Apple 4GB Kit (2X 2GB) DDR3 1067MHz / 1,19.25,0.8055637
B07QWTMRY1,CQCQ 61 SB10K97580 01AV422 01AV423 Laptop Battery for Lenovo ThinkPad A475 A485 T470 T570 T480 T580 ,CQCQ,Computers,33.99,37.22123726804137,3.231237268041369,3.231237268041369,9.506435033955189,15,0.73541737,ANTIEE 00UR891 01AV493 SB10L84121 Internal Battery,45.99,0.8127904,01AV421 01AV419 T470 T480 Battery for Lenovo Think,29.27,0.7977778,KingSener 11.1V 94WH 42T4899 42T4900 42T4942 42T48,62.98,0.7868792
B07B1T945D,"USB C Hub Adapter, 7-in-1 Docking Station for MacBook Pro/Air, with 4K 60Hz HDMI，Thunderbolt 3, 3 * ",RayCue,Computers,23.99,64.21834173027642,40.228341730276426,40.228341730276426,167.6879605263711,15,0.7355595,"USB C Hub Dual HDMI Adapter, OBERSTER 9-in-1 Tripl",35.99,0.7775345,"Amiroko USB C to HDMI Cable, USB 3.1 Type C (Thund",10.99,0.7647165,"Cable Matters USB C Hub with HDMI 4K, 80W Charging",20.99,0.7575343
B07415T32S,ZRM&E 5PCS SATA 15-Pin Power Adapter Line IDE 4P Male to SATA 15 Pin Female Power Extension Cable ID,ZRM&E,Computers,6.69,19.74151980195546,13.051519801955457,13.051519801955457,195.08998209200982,15,0.6790882,ZRM&E 3-Pack Blue SATA 3.0 Cable with Locking Latc,7.49,0.73293376,SATA to Molex AYECEHI SATA Power Cable [5-Pack] 4 ,7.99,0.72488,"chenyang CY SATA Power Cable,SATA II Hard Disk 15P",6.99,0.71625483
B00009V3GG,46mm Cross Screen Filter,Quantaray,Computers,9.99,47.15842140087754,37.16842140087754,37.16842140087754,372.05627027905444,15,0.47049484,"3M Anti-Glare Filter for 19"" Widescreen Monitor (1",51.35,0.5283072,Kantek Economy Standard Filter for 22-Inch Widescr,50.93,0.51489735,GUMIKE 15.6 Inch Laptop Privacy Screen Filter for ,15.99,0.49109787
B0BN61P42S,v-Color Skywalker Plus DDR4 64GB (32GBx2) 4266MHz (PC4-34100) CL19 Gaming Desktop Ram Memory Hynix I,V-COLOR COLOR YOUR LIFE,Computers,179.99,128.76198317542926,-51.228016824570744,51.228016824570744,28.46159054645855,15,0.728664,v-Color Prism DDR4 8GB (8GBx1) 3200MHz (PC4-25600),34.99,0.7885232,HyperX Fury 4GB 3000MHz DDR4 CL15 DIMM  Black XMP ,34.77,0.7571476,HyperX Fury 32GB 3466MHz DDR4 CL16 DIMM (Kit of 4),239.0,0.7453604
B08G5R543L,HP V27i FHD Monitor | 27-inch Diagonal Full HD Computer Monitor with IPS Panel and 3-Sided Micro Edg,HP,Computers,168.91,208.28686720634437,39.37686720634437,39.37686720634437,23.31233627751132,15,0.73235124,HP VH240a 23.8-Inch Full HD 1080p IPS LED Monitor ,191.53,0.807215,"Westinghouse 27"" Full HD 1080p LED IPS Home Office",119.0,0.75734645,ViewSonic VA2715-2K-MHD 27 Inch 1440p LED Monitor ,179.99,0.7460985
B00BO7TCES,"OSEPP - 6"" M/M Premium Jumpers - Variety Colored, Ages 5+ - Works with Arduino",OSEPP,Computers,10.0,22.153465713962635,12.153465713962635,12.153465713962635,121.53465713962635,15,0.51928055,Didamx 120Pcs 2.54MM 6Pin 8Pin 10Pin 10MM Long Nee,15.98,0.62405086,2.54mm Standard Computer Jumper Caps 100pack by Co,6.39,0.59254265,"Hellotronics Breadboard Jumper Wires, Pack of 130 ",14.99,0.5884119
B0BLSVS8ZM,Kingston FURY Renegade 1TB PCIe Gen 4.0 NVMe M.2 Internal Gaming SSD | Up to 7300 MB/s | Graphene He,Kingston,Computers,86.4,112.49908407941392,26.099084079413913,26.099084079413913,30.2072732400624,15,0.72266597,INLAND Internal SSD 4TB Gaming Performance Plus NV,324.99,0.7514085,WD_BLACK 1TB SN750 NVMe Internal Gaming SSD Solid ,249.0,0.74987245,Addlink S70 2TB Ultra Durability Gaming SSD Maximu,84.22,0.74212784
B07QNWVQXZ,ZTHY L17M3P72 L17L3P71 Laptop Battery Compatible with Lenovo ThinkPad T480S Series L17M3P71 01AV478 ,ZTHY,Computers,43.99,39.5924516182554,-4.397548381744599,4.397548381744599,9.996700117628095,15,0.7124507,01AV421 01AV419 T470 T480 Battery for Lenovo Think,29.27,0.76348424,ZTHY TT03XL 933322-855 932824-421 Laptop Battery R,36.99,0.73818445,JIAZIJIA 45N1706 Laptop Battery Replacement for Le,49.99,0.7353196
B07KBYY6XR,3C Light Car Mouse Wireless 2.4GHz Cool Sport SUV Car Shape Mouse Optical Mice 1600 DPI with USB Rec,Sunffice,Computers,12.99,22.993274502095872,10.003274502095872,10.003274502095872,77.00750194069185,15,0.67712855,elec Space Wireless Mouse 2.4GHz Cool Sport Car Sh,10.62,0.82309985,weixingu 2.4G Wireless Mouse 3D Car Shape Wireless,8.99,0.7230801,Wireless 2.4G Computer Laptop Mouse Mice/Funny Cut,19.9,0.70680195
B014XPWCJY,HP Pavilion DV6-3000 Series CD DVD Burner Writer ROM Player Drive,HP,Computers,55.0,65.8845886621821,10.884588662182097,10.884588662182097,19.79016120396745,15,0.71034026,ASUS CD DVD Burner Writer ROM Player Drive K53E Co,44.3,0.79643637,HP CD DVD Burner Writer Player Drive Elitebook 846,42.0,0.76947224,HIGHDING SATA CD DVD-ROM/RAM DVD-RW Drive Writer B,35.0,0.7400107
B07DPS4HT6,"HP 100 Wired Keyboard, Black (2Un30aa#Abl)",Unknown,Computers,18.99,73.58166804414249,54.591668044142494,54.591668044142494,287.47587174377304,15,0.612245,"Microsoft Keyboard, Wired 600 Black, UK Rohs Compl",30.58,0.70449203,Solidtek Enhanced Keyboard KB-260A - White Color,19.95,0.6507189,New Replacement Keyboard Compatible with HP Eliteb,31.99,0.6439297
B0943SYJTN,Cute USB Flash Drive Memory Stick Santa Claus USB Stick Christmas Tree Thumb Drive Elk Pendrive U Dr,Leizhan,Computers,23.99,16.787215890199832,-7.202784109800167,7.202784109800167,30.024110503543838,15,0.76644427,Personalized 360° Swivel USB Flash Thumb Drive 4GB,5.9,0.78482974,5 Pack 16GB Flash Drive USB 2.0 Flash Memory Stick,17.99,0.78453004,LEIZHAN Metal Key USB Flash Drive 5 Pack 16GB Love,36.99,0.7800467
B07C17N475,"MOSISO Laptop Sleeve Compatible with MacBook Air/Pro, 13-13.3 inch Notebook, Compatible with MacBook",MOSISO,Computers,13.99,19.807801114861842,5.817801114861842,5.817801114861842,41.5854261248166,15,0.8920221,MOSISO Laptop Sleeve Compatible with MacBook Air/P,16.99,0.9723897,MOSISO Laptop Sleeve Compatible with MacBook Air 1,12.99,0.93479747,MOSISO Laptop Sleeve Compatible with MacBook Pro 1,15.49,0.92439157
B087PJYST5,"Pefcase iPad 9.7 inch 2018 2017 Case/iPad Air Case/iPad Air 2 Cover, Premium PU Leather Folio Smart ",Pefcase,Computers,13.99,17.132881784343137,3.142881784343137,3.142881784343137,22.465202175433433,15,0.83982563,Pefcase iPad 9.7 inch Case iPad 2018/2017/iPad Air,18.98,0.8806186,"Pefcase iPad Air 4 10.9'' 2020 Case, iPad 11'' Pro",16.98,0.86203504,"Case for iPad Air 10.5"" (3rd Gen) 2019 / iPad Pro ",16.99,0.84823686
B0BXFHSJQ1,"Cat 7 Ethernet Cable 12 ft - High-Speed Internet & Network LAN Patch Cable, RJ45 Connectors - [12ft ",Maximm,Computers,12.99,19.17826636275017,6.188266362750168,6.188266362750168,47.63869409353478,15,0.8093606,Cat 7 Ethernet Cable 12 ft - High-Speed Internet &,58.99,0.9920833,"Cat 7 Ethernet Cable 12 ft - with a Flat, Space-Sa",19.99,0.88107413,"Cat 6 Ethernet Cable 50 ft - with a Flat, Space-Sa",16.99,0.84394765
B089SDRYHF,"IPad 6th Generation Case, Ipad Air 1st Generation Case,for Model A1893/A1954 A1822/A1823 A1474 A1475",Trendmart,Computers,15.99,17.230627656113874,1.2406276561138743,1.2406276561138743,7.758772083263754,15,0.8485854,"ipad 9.7 pro A1673 case, iPad Pro A1674 Cover, ipa",17.89,0.8749867,Arae for iPad Air 5 Generation 10.9 Case (2022) / ,12.99,0.8741569,S-Tech iPad Air 2 Generation 9.7 Inch Smart Cover ,19.95,0.8601612
B00AE4SKIG,"Toshiba DT01ACA100 MAIN-47587 3.5"" Internal Bare/OEM Drive",Toshiba,Computers,66.29,126.49722406357004,60.20722406357004,60.20722406357004,90.8239916481672,15,0.71636146,Toshiba 1TB 5400RPM SATA3/SATA 6.0 GB/s 8MB Notebo,40.99,0.8675354,"(Old Model) Toshiba 3TB SATA 6Gb/s 7200rpm 3.5"" In",159.0,0.7919831,(Old Model) Toshiba 1TB SATA 6Gb/s 5400rpm 2.5-Inc,96.8,0.7688732
B088KDQNGX,Cloudisk Compact Flash Memory Card CF Card High Speed Reader Camera Card for DSLR (16GB2PK),Cloudisk,Computers,27.99,48.112109035412196,20.122109035412198,20.122109035412198,71.89035025156198,15,0.76811916,Cloudisk Compact Flash 32GB CF Card Memory Cards H,22.99,0.9597288,SanDisk Ultra 16GB Class 10 SDHC UHS-I Memory Card,7.9,0.77776194,SanDisk 32GB Ultra SDHC UHS-I Memory Card (10-Pack,69.99,0.7756697
B08B8JVBDP,Mektron 2022 2021 2020 for MacBook Pro 13 inch Case M1 M2 A2338 A2289 A2251 with Touch Bar & Touch I,Mektron,Computers,25.99,23.48131020977676,-2.50868979022324,2.50868979022324,9.65251939293282,15,0.8174507,Mektron 2016/2017/2018/2019 for MacBook Pro 13 inc,25.99,0.9267285,Mektron Case for MacBook Pro 13 inch 2021 2020 M1 ,17.99,0.9097415,Mektron 2021/2023 Case for MacBook Pro 14 (A2442/M,28.99,0.8880619
B018DMCNIS,Comp Bind Technology Printer DUST Cover for HP OFFICEJET 4630 Wireless Printer Clear Vinyl DUST Cove,Unknown,Computers,14.99,24.427498095464006,9.437498095464006,9.437498095464006,62.958626387351615,15,0.7028593,Comp Bind Technology Dust Cover for HP Envy Pro 64,18.99,0.7634606,Comp Bind Technology Printer Dust Cover for Epson ,24.99,0.74354637,Comp Bind Technology Dust Cover Compatible with Br,21.99,0.7421397
B07TFCVSM1,Cat Warrior School Rucksack College Bookbag Lady Travel Backpack Laptop Bag for Boys Girls,NGFF-Backpack,Computers,30.99,34.69917364568686,3.709173645686864,3.709173645686864,11.968937223900818,15,0.77208537,"KAUKKO Travel Laptop Backpack, Outdoor Rucksack, S",42.99,0.8016478,"HuaChen Vintage Canvas Backpack, Mens Travel Leath",42.98,0.7940802,"LOVEVOOK Laptop Backpack for Women, 17-inch Large ",44.98,0.7838635
B000J1F154,Logitech QuickCall USB Speakerphone,Logitech,Computers,39.99,186.02219115903938,146.03219115903937,146.03219115903937,365.17177084030845,15,0.6247147,Logitech Zone 900 On-Ear Wireless Bluetooth Headse,239.99,0.67625576,"Sennheiser MB Pro 2 UC ML (506046) - Dual-Sided, D",184.66,0.67356753,Sennheiser SC 165 USB (508317) - Double-Sided (Bin,92.5,0.6674375
B097825CLG,icepc PCI Express x16 PCIe 3.0 Extension Cable High Shielding Property Flexible High Speed Riser Car,Icepc,Computers,27.99,75.99011512114882,48.00011512114882,48.00011512114882,171.49022908591937,15,0.6729315,PCIE Riser 1X to 16X Graphics Extension for GPU Mi,39.99,0.77921546,"Cooler Master Accessory Universal Riser Cable, Ris",39.99,0.7594782,"BEYIMEI PCI-E 1X to 16X Riser Card,GPU Riser Adapt",28.98,0.7138924
B072Q6N4F2,Silverstone SST-GD05B USB 3.0 Grandia HTPC Case for Desktop - Black,SilverStone Technology,Computers,105.73,127.07647902282994,21.34647902282994,21.34647902282994,20.189614133008547,15,0.6537083,SilverStone Technology Home Theater Computer Case ,203.99,0.7244929,SilverStone Technology Slim Computer Case for Mini,166.82,0.6858601,SilverStone Technology Ultra Compact Mini-ITX Comp,59.99,0.68406546
B07XTP6P9J,Seagate Expansion Portable Amazon Special Edition 5TB External Hard Drive HDD – USB 3.0 for PC Lapto,Seagate,Computers,149.0,59.11850708243647,-89.88149291756352,89.88149291756352,60.323149609103034,15,0.6477411,Seagate Expansion 1 TB USB 3.0 Portable External H,132.76,0.73860526,Seagate Expansion SSD 1TB External Solid State Dri,129.99,0.6935561,"2TB External Hard Drive, Portable Hard Drive Exter",49.0,0.68108135
B08Y1C5K1Z,"BRAECN Case for iPad 10.2 8/7th Gen 2020 Air /Pro10.5, Shockproof Protective Rubber Cover Case with ",BRAECN,Computers,38.99,20.11795171060523,-18.872048289394773,18.872048289394773,48.40227824928128,15,0.8640597,"BRAECN iPad 9th/8th/7th Generation Case, Heavy Dut",29.99,0.9229283,BRAECNstock iPad 10.2 Case 2021/2020/2019 (iPad 9t,21.98,0.9032843,HDE iPad 9th Generation Case for Kids Shockproof i,22.99,0.88352716
B0B3QLP8XR,Aenllosi Hard Carrying Case Compatible with Apple Magic Keyboard with Numeric Keypad + Magic Mouse +,Aenllosi,Computers,32.99,21.232970789569645,-11.757029210430357,11.757029210430357,35.63816068636058,15,0.6699445,Aenllosi Hard Carrying Case Compatible with Logite,20.99,0.7647873,Aproca Hard Carry Travel Case fit Microsoft Sculpt,19.99,0.7064546,Aproca Hard Travel Storage Case for Logitech K480 ,16.99,0.6884761
B01BWE9GOI,"Toshiba OCZ Trion 150 120GB 2.5"" 7mm SATA III Internal Solid State Drive TRN150-25SAT3-120G",Toshiba,Computers,24.85,68.08044002892876,43.23044002892876,43.23044002892876,173.96555343633304,15,0.72157776,Inland Professional 3 Pack 256GB SSD SATA III 6Gb/,59.99,0.79810023,TOPMORE TLC 240GB 2.5 Inch SATA III Internal Solid,31.0,0.74342465,Samsung 850 EVO 1TB 2.5-Inch SATA III Internal SSD,130.66,0.7336978
B07DNH6TR9,APEVIA CF12SL-SPK 120mm Pink LED Ultra Silent Case Fan w/ 15 LEDs & Anti-Vibration Rubber Pads,Apevia,Computers,9.99,27.51140232361302,17.521402323613017,17.521402323613017,175.38941264877894,15,0.7767402,Apevia CO512L-BL Cosmos 120mm Blue LED Ultra Silen,25.99,0.90546834,APEVIA CO1012L-WH Cosmos 120mm White LED Ultra Sil,39.99,0.8985624,APEVIA CF12SL-UGN 120mm 4pin Molex + 3pin Motherbo,7.99,0.894671
B01N6HS091,20Dollar PSN Card Live FY17,Sony,Computers,32.0,44.92006258231573,12.92006258231573,12.92006258231573,40.375195569736654,15,0.5024847,512MB Premium Compact Flash (PE179502),19.42,0.5481088,Supermicro MCP-260-00039-0N,7.95,0.53244114,Vivitar DVR 508HD Camcorder Memory Card 16GB Secur,11.15,0.5128528
B00BA8SP0S,"Ac Adapter Charger replacement for Lenovo 57Y6384 57Y6385 57Y6386 57Y6388 57Y6394, Lenovo B465 B470 ",Usmart,Computers,10.99,24.10366752586789,13.113667525867891,13.113667525867891,119.32363535821557,15,0.73980016,Slim 230W 170W AC Charger Compatible with Lenovo T,54.99,0.77899474,Ac Adapter Charger replacement for Acer Aspire 575,13.99,0.7717436,Charger for Lenovo Laptop Computer 65W 45W USB C P,19.32,0.76044506
B0B4JCZ912,Keyboard Case for iPad Pro 11 inch - Smart Wireless Waterproof Detachable Tablet Touchpad Keyboard w,ROOFEI,Computers,35.97,38.31462982239568,2.3446298223956816,2.3446298223956816,6.518292528205954,15,0.8266521,ABEIFAN 2022 iPad Pro 11 Case with Keyboard - Case,39.98,0.86509925,"iPad Keyboard Case Pro 2022 11-inch(4th Gen),Air 5",38.99,0.84188193,"iPad Pro 12.9 inch 2022 Case with Keyboard, Keyboa",39.97,0.8373996
B014HIJMYK,"PcProfessional Screen Protector (Set of 2) for Lenovo Flex 3 11 11.6"" Touchscreen Laptop High Clarit",Unknown,Computers,14.99,15.827764861973764,0.8377648619737634,0.8377648619737634,5.588824963133845,15,0.81729734,PcProfessional Screen Protector (Set of 2) for Len,12.99,0.87040544,PcProfessional Screen Protector (Set of 2) for Len,14.99,0.864284,PcProfessional Screen Protector (Set of 2) for Len,14.99,0.85769945
B09MYKZZQZ,Zezzio New 14.8 W/mK Silicone Thermal Pad for Heatsink GPU CPU RAM SSD LED Cooler IC Chipset Cooling,Unknown,Computers,27.99,15.222978629424393,-12.767021370575605,12.767021370575605,45.612795178905344,15,0.7181438,"4 Pieces Silicone Thermal Pad, 0.5mm 1mm 1.5mm 2mm",9.9,0.8261272,"Thermal Pad,100x100x1mm 6W/m.k Thermal Conductivit",6.99,0.8142549,A ADWITS [ 6-Pack ] Thermal Conductive Silicone Pa,7.99,0.7902449
B073VMLJVV,Intel Core i7-7740x Processor Tray (CM8067702868631),Intel,Computers,210.0,444.9633423292241,234.96334232922408,234.96334232922408,111.88730587105908,15,0.71052045,ASUS Newest High-Performance VivoBook 17 Laptop: 1,919.0,0.7580987,"Intel Core i7-4771 3.5 3 LGA 1150 Processor, 8M Ca",116.58,0.7545368,Intel BX80662G4400 Pentium Processor G4400 3.3 GHz,41.36,0.73173857
B0BHN8F8MM,"BARECN Samsung Galaxy Tab A8 10.5 Case Kids (SM-X200/SM-X205/SM-X207), Rugged Protective Silicone Co",BRAECN,Computers,26.99,22.278876116008533,-4.7111238839914655,4.7111238839914655,17.455071819160672,15,0.8403074,BRAECN Samsung Galaxy Tab A8 10.5 Inch Case for Ki,24.99,0.8839008,"BRAECN Galaxy Tab S8/S7 Case 2022/2020, Heavy Duty",27.59,0.8568681,"Galaxy Tab S4 10.5 Tablet Case, BRAECN Three Layer",25.99,0.8546296
B099WMT3HL,MOBEE Unitype iPad Pro 11 Inch 2021 Case with Keyboard & Trackpad - Magic Backlit Keyboard - Smart T,Mobee,Computers,46.99,36.98561956018735,-10.00438043981265,10.00438043981265,21.290445711454883,15,0.73458123,mobee Unitype iPad Keyboard Case for iPad 2018 (6t,65.99,0.80372286,AnMengXinLing iPad Pro 11 2022/iPad Air 5/Air 4 Ca,49.9,0.7706463,Case with Backlit Keyboard for ipad Pro 12.9 5th 2,29.99,0.74939656
B08XWDRJL6,CJ TECH 6-FT Magnetic SYNC & Charging Cable | Pure Copper with Aluminium HOUSING CONNECTORS | Fashio,CJ Tech,Computers,20.0,11.105673579236825,-8.894326420763175,8.894326420763175,44.47163210381587,15,0.7606095,USB Type-C Cable 5pack 6ft Fast Charging 3A Quick ,12.97,0.78466827,JYDMIX 3ft/0.9m 3 Pack USB A to USB C Nylon Braide,6.99,0.7837736,"CableCreation USB C Cable 6FT, USB C to USB A Cabl",9.99,0.7835765
B00R5CCG76,DFROBOT Starter Kit for Arduino with 15 Project Tutorials,DFROBOT,Computers,61.82,40.14711924991846,-21.67288075008154,21.67288075008154,35.05804068275888,15,0.51197976,UCTRONICS Ultimate Starter Kit for Arduino with In,68.99,0.65797514,"WayinTop Electronics Component Fun Kit w/E-Book, U",16.99,0.5818497,ELEGOO Upgraded UNO R3 Project Most Complete Start,65.99,0.56806636
B0C2836TN3,"Kids Tablet 10.1 Inches, Quad Core Android 2GB+32GB Storage Dual Camera WiFi Bluetooth 1280 x 800 IP",Trayoo,Computers,88.99,62.98053175810358,-26.009468241896414,26.009468241896414,29.227405598265438,15,0.80842704,"SGIN Kids Tablet, 10 Inch Tablet for Kids, 2GB+32G",79.99,0.8663376,Kids Tablet 7 inch Tablet for Kids 2-15 Android 11,49.99,0.8548136,NORTH BISON Kids Tablet 10.1 inch Tablet for Kids ,69.98,0.85255206
B08P54W5Q9,"TineeOwl Mocha iPad Air 5/4 Case 2022,2020 (5th / 4th Generation) 10.9 Ultra Slim Matte Case with Pe",TineeOwl,Computers,25.99,15.452042902991018,-10.53795709700898,10.53795709700898,40.54619891115422,15,0.77844554,Soke iPad Air 5th Generation 2022/Air 4th Generati,14.59,0.8171424,Fintie Case for iPad Air 5th Generation (2022) / i,11.99,0.80135727,iPad Air 5th Generation Case 2022 10.9 Inch iPad A,12.88,0.7867479
B07GJGF56L,"ARCTIC P12 PWM PST - 120 mm Case Fan with PWM Sharing Technology (PST), Pressure-optimised, Quiet Mo",ARCTIC,Computers,9.99,46.7327588147234,36.742758814723395,36.742758814723395,367.7953835307647,15,0.6255174,"ARCTIC P12 PWM - 120 mm Case Fan with PWM, Pressur",8.84,0.9735922,"BE QUIET! Pure Wings 2 92mm PWM, BL038, Cooling Fa",12.99,0.641346,"ARCTIC F14 Silent - 140 mm Case Fan, Ultra-Quiet, ",8.99,0.62356275
B0BM9499JZ,"KEXIN 16GB Flash Drive 10 Pack Bulk Thumb Drive Memory Stick for Data Storage, Black",KEXIN,Computers,28.99,46.89902751973413,17.909027519734135,17.909027519734135,61.77656957479868,15,0.7598628,"USB 3.0 Flash Drive, 64 GB Flash Drive 3.0 64GB Th",27.99,0.8297457,Bulk Thumb Drives 256MB Flash Drive Pack of 10 Jum,19.66,0.7778609,KEXIN USB Flash Drives Credit Card Bank Card Shape,124.99,0.7694247
B00HPX6SVA,HP-CTO H6Y82AA#ABA 65W Slim AC Adapter,HP,Computers,35.0,45.56432024918127,10.564320249181272,10.564320249181272,30.183772140517917,15,0.66442645,Genuine for HP OEM 647982-002 Power Adapter 135W L,35.99,0.7335397,Ac Adapter Laptop Charger for HP Pavilion X360 2-i,10.99,0.6921609,HP dv6000 AMD CPU Fan + Heat Sink 451860-001,19.99,0.68594694
B07QYVY2KD,Intel Xeon E5-2670 V3 Dodeca-core (12 Core) 2.30 Ghz Processor - Socket R3 (lga2011-3) retail Pack -,Intel,Computers,20.78,248.9404512288216,228.1604512288216,228.1604512288216,1097.980997251307,15,0.78374124,Intel Xeon E5606 2.13GHz Quad Core LGA 1366 / Sock,8.99,0.8721084,HP Desktop Computer Compaq Pro 6200 MT Intel Core ,89.0,0.7982402,Acer 13.3in Intel Core i5 1.6GHz 8GB Ram 256GB SSD,316.62,0.7933408
B00FZZHNZU,Nvidia Quadro K6000 12GB GDDR5 PCIe 3.0 x16 GPU Kepler Graphics Processing Unit Video Adapter 900-52,NVIDIA,Computers,292.93,102.50247382434604,-190.42752617565395,190.42752617565395,65.00786064099067,15,0.620535,HP 671136-001 NVIDIA Quadro 2000 PCIe 2.0 x16 grap,139.99,0.8046192,HP 713379-001 NVIDIA Quadro K600 1GB GDDR5 PCI-e g,99.99,0.7906327,NVIDIA Quadro K5200 8GB GDDR5 256-Bit PCI Express ,179.0,0.7562862
B01HY5SMOE,"Comp Bind Technology Dust Cover Compatible with HP OfficeJet Pro 8720 All-in-One Printer, Vinyl Anti",Comp Bind Technology,Computers,20.99,24.167519654713104,3.1775196547131053,3.1775196547131053,15.138254667523132,15,0.7696707,Comp Bind Technology Dust Cover for HP Envy Pro 64,18.99,0.86828387,Comp Bind Technology Dust Cover Compatible with Ep,27.99,0.8411376,Comp Bind Technology Dust Cover Compatible with Ep,21.99,0.80706483
B07MTVCMR3,A-Tech 8GB Module for Acer Aspire ES1-711 Laptop & Notebook Compatible DDR3/DDR3L PC3-14900 1866Mhz ,A-Tech,Computers,56.91,39.45084214988776,-17.459157850112234,17.459157850112234,30.678541293467294,15,0.78727925,A-Tech 8GB Module for Acer Aspire ES1-533 Laptop &,56.91,0.96802455,A-Tech 8GB Module for Acer Aspire R3-131T Laptop &,56.91,0.9342224,A-Tech 4GB Module for Gateway NE71B Series Laptop ,36.29,0.83777
B0C16GDYRY,"iPad Keyboard Case for iPad 10.2 9th/8th/7th Gen,Touch Keyboard for iPad 9th Generation - 8th Gen - ",HOTLIFE,Computers,55.99,38.80271104188146,-17.187288958118543,17.187288958118543,30.69706904468395,15,0.87469697,iPad Case Keyboard 10.2- iPad 9th/8th/7th Generati,29.99,0.95146483,Keyboard Case for iPad 9th 8th 7th Generation 10.2,23.99,0.89457506,typecase Touch iPad 9th Generation Case with Keybo,69.99,0.88241535
B07B6N2RVC,"ARRIS SURFboard AC1750 DOCSIS 3.0 Cable Modem Router (SBG6782) Certified with Comcast Xfinity, Time ",ARRIS,Computers,150.0,139.84711518947125,-10.152884810528747,10.152884810528747,6.768589873685831,15,0.6688412,NETGEAR Cable Modem WiFi Router Combo C6300 | Comp,139.0,0.7638258,NETGEAR Cable Modem DOCSIS 3.0 (CM700-1AZNAS) Comp,119.0,0.7023197,D-Link DOCSIS 3.0 Cable Modem (DCM-301) Compatible,49.94,0.7021538
B072LCWK7Y,"AC Charger Fit for Acer Aspire R13 S13 R5-471T R5-571T A315-23 S5-371 Travelmate B1 B118 X3,N17W6 N1",Superer,Computers,17.99,19.334173222007124,1.3441732220071252,1.3441732220071252,7.471780000039607,15,0.80050796,UL Listed AC Charger Fit for Acer Aspire 5250 5251,19.99,0.9003803,UL Listed AC Charger Fit for Acer Aspire 4339 4530,25.99,0.84700215,AC Charger Adapter Fit for Acer Aspire R14 R15 R5-,16.99,0.8391752
B07Y17V56P,Apricorn 512GB Aegis Padlock USB 3.0 SSD 256-Bit Encrypted Portable Drive (A25-3PL256-S512),Apricorn,Computers,321.91,164.9089787920953,-157.00102120790473,157.00102120790473,48.771712965706165,15,0.630534,"Apricorn 1TB Aegis Padlock SSD 256-Bit, FIPS 140-2",428.57,0.8905046,Apricorn Aegis Secure Key 3 NX 64GB 256-bit Encryp,130.07,0.7853577,Apricorn Aegis Desktop 6 TB FIPS 140-2 Validated 2,473.42,0.77128077
B09Z2YZMM7,MOSISO Vertical Laptop Messenger Shoulder Bag Compatible with MacBook Pro 16 inch 2023-2019 M2 A2780,MOSISO,Computers,29.99,23.28574367198636,-6.7042563280136385,6.7042563280136385,22.35497275096245,15,0.8681793,MOSISO Vertical Laptop Shoulder Bag Compatible wit,25.99,0.936601,MOSISO Laptop Shoulder Messenger Bag Compatible wi,29.49,0.90624356,MOSISO Laptop Shoulder Bag Compatible with MacBook,25.99,0.90174294
B09WV9P229,Lenovo Idea 82M70001UX Flex 5 I3 8g 128g Chrome,Lenovo,Computers,368.0,484.2740526001497,116.27405260014967,116.27405260014967,31.596209945692845,15,0.62381244,Lenovo Chromebook Flex 5 Convertible 2-in-1 Laptop,394.0,0.67274684,"Lenovo Flex 5 Laptop, 15.6"" Touchscreen, Intel Cor",879.8,0.64162135,"Lenovo Chromebook Flex 3 11.6"" HD Touchscreen 2-in",209.99,0.63626474
B08JLD1CKP,"ULAK iPad 6th 5th Generation Case, iPad 9.7 2018/2017 Cases, Premium PU Leather Multi-Angle Viewing ",ULAK,Computers,14.99,17.447145460927423,2.457145460927423,2.457145460927423,16.391897671297016,15,0.85305655,"iPad 6th/5th Generation (iPad 9.7"" 2018 2017) /iPa",19.99,0.8960946,Uliking iPad 9.7 inch 2018 2017 Case 6th/5th Gener,22.99,0.8755888,"iPad 9th/8th Generation Case, iPad 10.2 Case 2021/",18.99,0.8693626
B09TQ4GQBC,"Lenovo 2022 IdeaPad 5i Laptop, Intel i5-1235U, 15.6"" Full HD Touch Display, 16GB RAM, 1TB PCIe SSD, ",Lenovo,Computers,699.99,586.2079808738836,-113.78201912611644,113.78201912611644,16.254806372393382,15,0.8553681,Lenovo 2021 Flagship Ideapad 3 Laptop Computer 15.,639.0,0.88606095,"Lenovo [Windows 11 Pro] 2022 IdeaPad 3 14"" FHD Bus",579.0,0.8803001,"Lenovo V15 G2 15.6"" FHD Business Laptop, Intel Qua",849.0,0.8686445
B004K9EZXU,GATEWAY NV53A24U Laptop Screen 15.6 LED BOTTOM LEFT WXGA HD 1366x768,Gateway,Computers,50.17,58.91366383826933,8.743663838269327,8.743663838269327,17.42807223095341,15,0.8447146,HP 538312-001 Laptop Screen 15.6 LED BOTTOM LEFT W,65.33,0.8797844,HP PAVILION DV6-6153CL Laptop Screen 15.6 LED BOTT,53.0,0.8747006,HP PAVILION DV6-2157WM Laptop Screen 15.6 LED BOTT,65.33,0.8741876
B01MG16W6L,FY09015H12LPA 85mm 4Pin 0.60A Computer Radiator VGA Cooler Fan for Asus GTX460 GTX560 HD6790 HD7950 ,General,Computers,5.88,29.52839255802827,23.64839255802827,23.64839255802827,402.18354690524274,15,0.7533223,FD8015U12S 75MM DC 12V 0.5A 4pin Cooling Fan for A,5.88,0.9170375,3 Pcs/lot T129215SU Cooling Fan for Video Card ASU,29.98,0.83439165,Tebuyus T129215SU 12V 0.5A 87mm 4 Pin Graphics Car,15.99,0.79859006
B0B28KGC55,"Tab S6 Screen protector, Paper Screen Protector for Samsung Galaxy Tab S6/Tab S5e 10.5 inch, with S ",PYS,Computers,19.99,20.87367689648982,0.8836768964898205,0.8836768964898205,4.420594779839022,15,0.706987,for Samsung Galaxy Tab S6 Lite Tempered Glass Scre,14.89,0.76860285,Herize Case for Galaxy Tab S6 Lite 2022/2020 Model,25.99,0.7583442,KAN [2 Pack Paper Textured Screen Protector for iP,14.99,0.75089324
B0BFSV727M,MSI MPG CoreLiquid K360 V2 AIO RGB CPU Liquid Cooler - LCD Cap Design - 360mm Radiator - Triple 120m,MSI,Computers,239.99,224.4816498520692,-15.508350147930798,15.508350147930798,6.462081815046792,15,0.66956717,Cooler Master MasterLiquid ML280 Mirror Close-Loop,105.07,0.72288424,Asus ROG Strix LC 120 RGB AIO Liquid CPU Cooler 12,169.84,0.7051475,Corsair iCUE H150i RGB Elite Liquid CPU Cooler (16,179.99,0.70400006
B07NX21GMS,"for iPad Mini 5 (2019) / Mini 4 Screen Protector [Privacy Anti-Spy], SuperGuardZ, Anti-Glare, Anti-S",SuperGuardZ,Computers,14.99,9.106504962442646,-5.8834950375573545,5.8834950375573545,39.24946656142331,15,0.8448263,"[3-Pack] for Onn 7"" Tablet/Onn Surf 7"" Screen Prot",7.95,0.9058763,[3-Pack] for Google Nest Hub Max Screen Protector ,7.99,0.88463366,"[3-Pack] for LG G Pad 5 10.1"" Screen Protector - S",8.19,0.8684202
B07N8QQSG2,"JAVEX [USB-IF Certified] USB 3.1 Gen2 [10Gpbs E-Mark IC] USB C to USB C Super Speed Data, Video and ",JAVEX,Computers,11.99,14.037517637086388,2.047517637086388,2.047517637086388,17.07687770714252,15,0.62668324,"JAVEX USB C 10Gpbs [1FT, 3-Pack] Type-C to A Cable",12.88,0.9381897,LAX Apple MFi Certified Cable - Nylon Braided 6ft ,29.88,0.65775496,JYDMIX 3ft/0.9m 3 Pack USB A to USB C Nylon Braide,6.99,0.62246317
B00ZB79FNU,A-Tech 4GB Stick for Asus M5 Motherboard Series M5A78L M5A78L LE M5A78L/USB3 M5A78L-M LE M5A78L-M LX,A-Tech,Computers,36.29,51.58993163461596,15.299931634615959,15.299931634615959,42.1601863725984,15,0.78757197,2GB Stick for ASUS ASmobile Eee PC 1001PQD 1001PXD,33.26,0.8481982,A-Tech 2GB STICK For Acer Aspire Series Timeline 4,29.27,0.8373191,4GB KIT 2X 2GB Gigabyte Motherboard GA-MA785GPMT-U,47.87,0.81751436
B076JFMHJS,ONN ONA17HO017 4-in-1 USB Cable Adapter Kit with Travel Bag Gold-Plated,Unknown,Computers,22.0,12.80497935013621,-9.19502064986379,9.19502064986379,41.79554840847178,15,0.583834,"UGREEN 2 Pack USB Extension Cable, (10 FT+ 10 FT) ",18.99,0.611766,"USB 3.0 Extension Cable 25Ft,USB 3.0 High Speed Ex",18.59,0.6104412,InstallerParts 3 ft USB 2.0 High Speed Extension C,5.55,0.6091299
B09CTR984Y,"JTRF Easel Adjustable Stand Display Holder,Iron Foldable Desktop Tablet Stand for 9-12.9""Tablets PC,",JTRF,Computers,5.99,18.469249283362284,12.479249283362284,12.479249283362284,208.33471257699975,15,0.6887318,"Tablet Stand, Adjustable Heavy Duty Aluminum Stand",34.99,0.7473179,"iPad Stand for Desk,Tablet Stand Holder,Adjustable",12.99,0.72669005,SAMHOUSING Tablet Pillow Stand - Tablet Holder Doc,15.8,0.71984935
B09B28VKR3,"DOMISO 17 inch Laptop Sleeve Shoulder Bag EVA Shockproof Case Waterproof Protective for 17.3"" Dell I",DOMISO,Computers,27.99,21.77951508635739,-6.21048491364261,6.21048491364261,22.188227630020045,15,0.8484595,DOMISO 17 inch Laptop Sleeve Shoulder Bag Shockpro,27.99,0.97620416,DOMISO 17 Inch Laptop Sleeve Shoulder Bag Water-Re,26.99,0.89362705,DOMISO 17.3 Inch Laptop Bag Cover Waterproof Shock,26.99,0.8908255
B0B5GV6MP2,"TEDNETGO Laptop Case, 15.6 inch Laptop Sleeve, Durable 15 inch HP Laptop Bag, Lenovo Computer Briefc",TEDNETGO,Computers,11.98,15.829740490284982,3.849740490284981,3.849740490284981,32.13472863343056,15,0.8374225,17 17.3 17.4 inch Laptop Sleeve Black Water-Resist,15.99,0.8562846,"14 14.1"" 14.2"" 15"" 15.4"" 15.6"" inch Inch Laptop Sl",15.98,0.852032,11.6-Inch to 12.5-Inch Neoprene Laptop Shoulder Me,13.99,0.851153
B09P3QTF1M,"MoKo Case Fit Samsung Galaxy Tab A8 10.5 Inch 2022 [SM-X200/X205/X207], Shock Proof Stand Folio Case",MoKo,Computers,13.99,15.351663289319239,1.3616632893192389,1.3616632893192389,9.733118579837303,15,0.82680404,MoKo Case Fits Samsung Galaxy Tab A8 10.5 Inch 202,9.95,0.8747312,MoKo Case Fit Samsung Galaxy Tab A 8.0 T290/T295 2,6.99,0.86514187,Fintie Hybrid Slim Case for Samsung Galaxy Tab A8 ,17.99,0.85064566
B09CTK59VC,Fintie Hybrid Slim Case for Samsung Galaxy Tab S8 Plus 2022/S7 FE 2021/S7 Plus 2020 12.4 Inch with S,Fintie,Computers,19.99,22.05600175380102,2.0660017538010216,2.0660017538010216,10.3351763571837,15,0.8264665,Fintie Keyboard Case for Samsung Galaxy Tab S8 Plu,46.99,0.91061765,Fintie Hybrid Slim Case for Samsung Galaxy Tab S8/,21.99,0.9072684,E NET-CASE Case for Samsung Galaxy Tab S8 Plus 202,20.99,0.86014795
B09GLCSV75,Pixio PXC243 S 24 inch 1500R Curve VA Panel 165Hz Refresh Rate FHD 1920 x 1080 Resolution 1ms MPRT R,Pixio,Computers,149.99,276.0713383923703,126.0813383923703,126.0813383923703,84.05982958355243,15,0.6731444,"MSI G241V E2, 24"" Gaming Monitor, 1920 x 1080 (FHD",128.95,0.6969957,MSI Full HD Non-Glare 1ms 2560 x 1080 Ultra Wide 2,367.48,0.69261086,MSI 24.5” FHD (1920 x 1080) Non-glare with Super N,276.0,0.69136477
B091YXFYC7,"BATYUE Samsung Galaxy Tab S7 (2020)/ S8 (2022) Case 11 inch,Cover for SM-T870 T875 X700 X706, Shockp",BATYUE,Computers,31.75,19.334115575787507,-12.415884424212493,12.415884424212493,39.10514779279525,15,0.83756065,Samsung S8/S7 11 Inch Case SM-X700/X706/SM-T870/T8,25.99,0.8850552,"BRAECN Galaxy Tab S8/S7 Case 2022/2020, Heavy Duty",27.59,0.8751807,Samsung Galaxy Tab A7 Lite Case 8.7 inch 2021(SM-T,24.99,0.8685246
B08YYFNP52,19.5V 11.8A 230W AC Laptop Charger A12-230P1A AC Adapter for Chicony A17-230P1A Msi GS75 957-17G11P-,GZYDR,Computers,68.99,40.70856537705694,-28.281434622943053,28.281434622943053,40.99352750100457,15,0.7719752,19.5V 11.8A 230W Big PIN ADP-230EB T AC Adapter Co,77.99,0.79825723,45W 19.5V 2.31A AC Adapter Laptop Charger Compatib,10.47,0.7928271,Ac Adapter Charger replacement for HP G71-351CA G7,10.99,0.78211373
B09NDF3WYP,"MoKo Screen Protector Fits Samsung Galaxy Tab A8 10.5 Inch 2022(SM-X200/SM-X205/SM-X207), [2-Pack] A",MoKo,Computers,10.99,9.330932786862146,-1.6590672131378543,1.6590672131378543,15.096152985785755,15,0.7687172,MoKo Case Fits Samsung Galaxy Tab A8 10.5 Inch 202,9.95,0.8093594,kwmobile 2X Screen Protectors Compatible with Sams,5.99,0.7951097,"Packard Bell 10.1 Tablet Screen Protector, Tempere",10.99,0.78517044
B01CBUO3KO,"Comp Bind Technology Dust Cover Compatible with HP Laser Jet Pro P1102W Printer, Black Nylon Anti-St",Comp Bind Technology,Computers,16.99,24.464607715013297,7.474607715013299,7.474607715013299,43.994159593957036,15,0.7566729,Comp Bind Technology Dust Cover for HP Envy Pro 64,18.99,0.8421989,Comp Bind Technology Dust Cover Compatible with Br,21.99,0.8245537,Comp Bind Technology Dust Cover Compatible with Ep,27.99,0.8232183
B07K2KHCHJ,WD 4TB Elements Portable External Hard Drive - USB 3.0 - WDBU6Y0040BBK-WESN (Renewed),Western Digital,Computers,81.95,128.12339816159107,46.17339816159107,46.17339816159107,56.34337786649306,15,0.70924944,WD 2TB Red My Passport Portable External Hard Driv,73.99,0.8060334,Western Digital 14TB Ultrastar DC HC530 SATA HDD -,139.99,0.7523587,HP Desktop Computer Compaq Pro 6200 MT Intel Core ,89.0,0.71569455
B09V6KYYX1,"Valkit iPad Air (3rd Gen) 10.5'' 2019 / iPad Pro 10.5'' 2017 Case, Smart Folio Stand Protective Tran",valkit,Computers,16.99,15.662888976352297,-1.327111023647701,1.327111023647701,7.8111302157015965,15,0.8579088,"Valkit for New iPad Pro 12.9 2017 Cover, iPad Pro ",22.99,0.9076181,Valkit iPad 9th Generation Case (2021) / iPad 8th ,16.99,0.8956751,New iPad Air 3 Case 2019(3rd Gen)/iPad Pro 10.5 20,8.99,0.8711913
B094WVN4NQ,"Perixx PERIBOARD-407B DV, Wired USB Mini Keyboard - 11 Hot Keys - Glossy Black - Dvorak Layout",Perixx,Computers,11.99,34.408712041849576,22.418712041849574,22.418712041849574,186.97841569515907,15,0.6623284,Perixx PERIBOARD-426 Wired Mini Low Profile Keyboa,19.99,0.8248687,"Perixx PERIBOARD-106W DV, Wired Performance Full S",7.99,0.77680516,"Perixx PERIBOARD-517 Wired Washable USB Keyboard, ",39.99,0.7414031
B00U5TRCGQ,"TRENDnet 16-Port Gigabit PoE+ Switch, 16 x Gigabit PoE+ Ports, 246W PoE Power Budget, 32 Gbps Switch",TRENDnet,Computers,299.99,160.6587501268934,-139.3312498731066,139.3312498731066,46.445298134306675,15,0.6668487,"TRENDnet 5-Port Gigabit PoE+ Switch, 31 W PoE Budg",65.24,0.8434695,"PoE Switch, 8 Port PoE Switch for IP Cameras with ",59.99,0.7417617,Tripp Lite 5-Port Gigabit Ethernet Switch Rackmoun,143.78,0.70871776
B00VJALX38,Hp 720482-B21 800W Fs Ti Hot Plug Power Supply Kit,HP,Computers,24.95,48.70586043357913,23.755860433579134,23.755860433579134,95.21386947326307,15,0.6954431,HP Common Slot Power Supply DL380/ML370 G6 G7 G8 (,49.5,0.8010315,Hewlett-Packard 399771-021 1000watt Hotplug Redund,59.99,0.7385325,PWR+ UL Listed 14Ft Long HP Smart Blue Tip AC Adap,22.99,0.7382163
B00TUEBUF6,2 PACK - SCT 128GB SD XC Class 10 UHS-1 Secure Digital Ultimate Extreme Speed SDXC Flash Memory Card,SCT,Computers,45.1,49.043048760433905,3.9430487604339035,3.9430487604339035,8.742901907835705,15,0.6738245,2 Pack - SanDisk Ultra 128GB MicroSD XC Class 10 A,33.86,0.74695575,Canon PowerShot SX540 HS Digital Camera Memory Car,26.99,0.7338763,"Amplim 128GB V90 UHS-II SD SDXC Card, 300MB/S 2000",127.98,0.68686455
B07SMF7L21,BMOUO Kids Case for Samsung Galaxy Tab A 8.0 (2015) SM-T350 - EVA Shockproof Case Light Weight Kids ,BMOUO,Computers,18.98,16.865987792580707,-2.114012207419293,2.114012207419293,11.138104359427254,15,0.76631546,BMOUO for Samsung Galaxy Tab A 8.0 Case 2019 SM-T2,13.98,0.86436373,BMOUO Kids Case for Onn 7 inch Tablet 2020/2019 (M,15.98,0.80151266,APOLL Kids Case for Samsung Galaxy Tab S7 11 inch ,13.88,0.7757671
B0080GG6FE,G.SKILL Ares Series 16GB (2 x 8GB) 240-Pin SDRAM DDR3 1600 (PC3 12800) Desktop Memory F3-1600C10D-16,G.Skill,Computers,38.72,131.79136597791603,93.07136597791603,93.07136597791603,240.37026337271703,15,0.7034031,Corsair Vengeance 16GB (2x8GB) DDR3 1866 MHz (PC3 ,98.68,0.83151364,Corsair Dominator Platinum 32GB (4x8GB) DDR3 2400 ,598.68,0.80146486,G.Skill Ripjaws X Series 16 GB (2 x 8 GB) 240-Pin ,35.99,0.7299646
B003TPHLZK,"AU OPTRONICS B140XW01 V.0 LAPTOP LCD SCREEN 14.0"" WXGA HD LED DIODE (SUBSTITUTE REPLACEMENT LCD SCRE",AU Optronics,Computers,72.8,60.57487637178013,-12.225123628219869,12.225123628219869,16.792752236565754,15,0.78800607,"AU OPTRONICS B140RW02 V.0 14.0"" WXGA Glossy LED Pa",99.8,0.87119144,"ACER ASPIRE 5253-BZ893 LAPTOP LCD SCREEN 15.6"" WXG",59.73,0.83601654,"GATEWAY NV54 LAPTOP LCD SCREEN 15.6"" WXGA HD LED D",52.27,0.82876074
B0B62NG1V7,"Logitech Combo Touch iPad Pro 11-inch (1st, 2nd, 3rd, 4th gen - 2018, 2020, 2021, 2022) Keyboard Cas",Logitech,Computers,169.99,61.900675990219696,-108.08932400978031,108.08932400978031,63.58569563490811,15,0.7376869,Logitech SLIM FOLIO PRO Backlit Bluetooth Keyboard,96.9,0.7979636,Logitech Slim Folio PRO iPad Pro 12.9-inch (3rd ge,28.85,0.78840065,CC Store Touchpad Keyboard Case for iPad 10th Gene,59.98,0.75964946
B07KC6KV5S,"ProCase iPad Pro 12.9"" Case 2018 3rd Gen Old Model, Slim Lightweight Trifold Stand Smart Cover with ",ProCase,Computers,15.99,28.048687924417,12.058687924416999,12.058687924416999,75.41393323587866,15,0.83326477,"iCoverCase for iPad Pro 12.9 Case Clear, Ultra-Thi",11.59,0.87448806,"Soke New iPad Pro 12.9 Case 5th Generation 2021, P",22.99,0.86081177,ProCase iPad Mini 6 Case 8.3 Inch 2021 iPad Mini 6,11.99,0.8600119
B08C2N474L,"HP Newest Envy X360 2 in 1 15.6"" FHD Touchscreen Laptop, AMD 4th Gen 8-Core Ryzen 7 4700U (Beat i7-8",HP,Computers,839.0,693.4790611204777,-145.5209388795223,145.5209388795223,17.344569592314933,15,0.8228128,"2022 HP ENVY x360 2-in-1 15.6"" FHD Touchscreen Lap",674.99,0.88717186,"Newest HP Pavilion x360 14"" FHD IPS Touchscreen Pr",739.99,0.8553966,"HP Newest Envy X360 2-in-1 Flip Laptop, 15.6"" Full",755.99,0.84489334
B09ZYB3TB8,"TOSCiDO 7 inch Kids Tablet, Tablet for Kids, Android 11 go, 2GB RAM 32GB ROM, Quad Core Processor, I",TOSCiDO,Computers,59.99,68.29905778551814,8.309057785518142,8.309057785518142,13.85073809888005,15,0.704722,TOSCiDO Tablet 10.1 inch Android 11 Tablets 1080P ,129.99,0.8156912,"BYYBUO Kids Tablet, 7 Inch Android 12.0 GO Tablet ",39.98,0.7387425,Kids Tablet 7 inch Tablet for Kids 2-15 Android 11,49.99,0.73819566
B01LXXMC55,Fintie Folio Case for Samsung Galaxy Tab E Lite 7.0 - Slim Fit Folio Stand Leather Cover for Galaxy ,Unknown,Computers,10.99,15.87179611577719,4.88179611577719,4.88179611577719,44.42034682235841,15,0.8101085,Fintie Folio Case for Samsung Galaxy Tab E 8.0 - P,11.99,0.9140553,Asng Samsung Galaxy Tab A 9.7 Folio Case - Slim Fi,11.9,0.82393193,Fintie SlimShell Case for Samsung Galaxy Tab A 8.0,11.99,0.81737703
B0BMLGBZPX,QLZLLF TV Antenna for Smart TV,QLZLLF,Computers,28.73,107.06782881901027,78.33782881901027,78.33782881901027,272.66908743129227,15,0.44008896,"Soft Foot WiFi Range Extender,1200Mbps Wireless Si",19.73,0.4880225,"Netgear Nighthawk Whole Home Mesh WiFi 6 System, 3",129.99,0.46933138,TEZL Full HD 1080p Plug & Play Webcam - 30fps Vide,19.99,0.45151007
B07K62YPJG,BobjGear Bobj Rugged Tablet Case for Samsung Galaxy Tab S4 10.5 (SM-T830) Kid Friendly (Batfish Blue,BobjGear,Computers,21.95,17.34913923865288,-4.600860761347118,4.600860761347118,20.960641281763635,15,0.77756584,BobjGear Bobj Rugged Tablet Case for Samsung Galax,19.75,0.9632652,Bobj Rugged Case for Samsung Galaxy Tab A 7 inch S,16.99,0.94827867,"Bobj Rugged Case for Samsung Galaxy Tab S2 8.0, Ta",18.99,0.92542607
B0BYYMRRJC,"ITRIVIEW Portable Monitor, 15.6 Inch FHD 1080P USB-C Laptop Monitor with Built-in Dual Stereo Speake",ITRIVIEW,Computers,189.99,223.01210342402436,33.02210342402435,33.02210342402435,17.380969221550792,15,0.69494987,TOPOSH Portable Monitor 15.6” USB Type-C Full HD 1,179.99,0.739073,"ARZOPA Portable Monitor, Ultra Slim Portable Lapto",89.99,0.7257775,ADPOP Portable Monitor 15.6'' FHD 1080P Portable L,89.99,0.71975243
B07SMGMD3T,BMOUO Kids Case for Samsung Galaxy Tab A 7.0 - EVA Shockproof Case Light Weight Kids Case Super Prot,BMOUO,Computers,9.98,17.41532929069885,7.435329290698849,7.435329290698849,74.50229750199247,15,0.7543174,BMOUO for Samsung Galaxy Tab A 8.0 Case 2019 SM-T2,13.98,0.81930065,BMOUO Kids Case for Onn 7 inch Tablet 2020/2019 (M,15.98,0.8122886,APOLL Kids Case for Samsung Galaxy Tab S7 11 inch ,13.88,0.77452123
B0C663RYTT,"Thermalright AXP-90 X47 Full Cooper Low Profile CPU Air Cooler with Quite 90mm TL-9015R PWM Fan, 4 H",Thermalright,Computers,41.9,46.264737174109555,4.364737174109557,4.364737174109557,10.417033828423763,15,0.72220093,"Noctua NH-L12S, Premium Low Profile CPU Cooler wit",59.95,0.7894143,Zalman CNPS8900-Quiet Low Profile CPU Cooler w/Ult,14.99,0.78129584,ZALMAN CNPS80G Rev.1 CPU Cooler for Intel/AMD Comp,25.21,0.75034857
B07GLD2J81,Aluo PE03XL New Laptop Battery compatable with Hp Chromebook 210 G1 11 G4 Series HSTNN-PB6J HSTNN-LB,Aluo,Computers,18.96,29.004167839570993,10.044167839570992,10.044167839570992,52.97556877410861,15,0.7097326,OUWEE GB02XL Laptop Battery Compatible with HP Chr,39.99,0.8095461,VI04 V104 756743-001 Battery Compatible with HP Pr,14.59,0.7365488,Laptop TF03XL Battery for HP Pavilion x360 15-CC 1,25.47,0.72263753
B00OBZ22LK,"Odyson - Trackpad Flex Cable Replacement for MacBook Air 11"" A1370 (Mid 2011), A1465 (Mid 2012)",Odyson,Computers,9.14,30.4445399217042,21.3045399217042,21.3045399217042,233.09124640814224,15,0.64442134,"Odyson - Trackpad Replacement for MacBook Air 11"" ",105.0,0.876446,MMOBIEL Track Pad Touch Pad Flex Cable Replacement,9.99,0.6905806,"Odyson - Trackpad (Silver, Glass Multitouch) Repla",16.78,0.6818456
B00006BBS3,Intel D815EEA2 815e Fcpga Socket 370 ATX Motherboard,Intel,Computers,249.99,312.39321437201795,62.40321437201794,62.40321437201794,24.962284240176782,15,0.7167346,Gigabyte Intel Dual-Core Celeron J1800 Soc 2.14GHz,198.68,0.74530363,Gigabyte Intel Z97 LGA 1150 Micro ATX Motherboard ,258.02,0.74246216,ASRock Intel X79 ATX DDR3 1600 LGA 2011 Motherboar,398.86,0.7414142
B00A2IZ3UM,Incipio NGP Case for iPad Mini - Translucent Pink (IPAD-304),Incipio,Computers,24.99,16.215155193140827,-8.774844806859171,8.774844806859171,35.113424597275596,15,0.6458647,"iPad Mini 1/ 2/ 3/ 4 Case, Uliking Slim Lightweigh",16.99,0.68493176,MoKo Case Fit iPad Mini 3/2/1- Light Weight Shock ,7.95,0.6649967,eTopxizu Kids Case with Built-in Screen Protector ,8.99,0.663208
B0B387ZXCM,[Apple MFi Certified] 6Pack[3/3/6.1/6.1/6.1/10FT] iPhone Charger Lightning Cable Compatible iPhone 1,YEFOOT,Computers,10.99,15.306165792591118,4.316165792591118,4.316165792591118,39.27357409091099,15,0.7445513,"4Pack [Apple MFi Certified] Lightning Cable 6ft, A",12.99,0.83798826,"4 Pack 10ft iPhone Charger Cable, [Apple MFi Certi",16.99,0.8068484,"Short Lightning Cable, PENGO USB Cable with Lightn",13.99,0.77554476
B00INT800M,XSPC G1/4 inch Male to Female Adjustable Adapter - chrome,XSPC,Computers,8.36,30.452750517787088,22.09275051778709,22.09275051778709,264.26735069123316,15,0.55619913,"XSPC G1/4"" 5mm Male to Male Fitting, Black Chrome,",14.89,0.77338743,"XSPC G1/4"" Female to Female 90 Degree Elbow Fittin",33.99,0.72393954,"XSPC G1/4"" to 1/2"" ID, 3/4"" OD Compression Fitting",49.95,0.68335676
B074SWJ6GG,"NC XQIN USB 3.0 Extension Cable 15 Feet, USB 3.0 Type A Male to A Female Extension Cord,for Data Tra",NC XQIN,Computers,10.99,9.886500335654597,-1.103499664345403,1.103499664345403,10.040943260649708,15,0.7378515,"Short USB Extension Cable 2 ft, VCZHS USB 3.0 Exte",6.99,0.7772751,"USB 3.0 Extension Cable 25Ft,USB 3.0 High Speed Ex",18.59,0.7755049,"USB 3.0 Extension Cable 20Ft, TanGuYu USB 3.0 Exte",11.98,0.75579274
B098RJMJTW,"SABRENT USB 3.0 to SATA External Hard Drive Docking Station for 2.5"" or 3.5""' HDD, SSD [Support UASP",SABRENT,Computers,29.99,41.67856089628605,11.688560896286052,11.688560896286052,38.97486127471175,15,0.7203874,SSK Aluminum USB3.0 to SATA 2.5” External Hard Dri,9.99,0.80590725,SABRENT 2.5 Inch SATA to USB 3.0 Tool Free Clear E,11.99,0.80428433,Sabrent mSATA to 2.5-Inch SATA III Aluminum Enclos,19.48,0.76807344
B005N9L2XM,MyGoFlight iPad Kneeboard Sport for iPad 2 and iPad 3,MYGOFLIGHT,Computers,129.0,16.466298869280443,-112.53370113071955,112.53370113071955,87.23542723311593,15,0.6762133,"New iPad 2017 9.7"" / iPad Air 2 Leather Case,360 D",8.99,0.69790673,iPad 5th Generation Case with Stand | TSQ iPad 6th,26.99,0.6848906,Cellular360 iPad Pro 12.9 3rd Gen & iPad Pro 12.9 ,34.99,0.6842788
B00HQZGZ38,ASUS 15-Inch D550MA Laptop [OLD VERSION],ASUS,Computers,250.0,529.5069883478667,279.5069883478667,279.5069883478667,111.80279533914668,15,0.7645939,"ASUS VivoBook Thin and Light Laptop, 15.6"" HD Disp",449.0,0.78979725,"ASUS F556UA-AB54-BL 15.6"" FHD, Thin and Light Lapt",788.0,0.7836271,"Asus ASUS VivoBook Business Laptop, 15.6' FHD 1920",429.0,0.78098136
B01EOO1V5U,StarTech.com Down Angle Mini USB Cable - 2m - Black - USB A to Mini USB B - USB to Mini USB Cable - ,StarTech,Computers,7.5,7.464377108906751,-0.03562289109324901,0.03562289109324901,0.4749718812433201,15,0.70880216,"CableCreation USB to Micro USB Cable 4 FT, Braided",8.99,0.7967775,CableCreation Right Angle Micro USB 2.0 Braided Ca,7.98,0.76538455,MXTECHNIC Micro USB Data Cable 5.9 inch 90 Degree ,5.99,0.7231357
B06XT611Y3,"New Keyboard for The 14""Sony VAIO SVE14 SVE141 SVE1411 SVE1412 SVE1413 SVE141C11L SVE141D11L SVE141J",Unknown,Computers,26.32,20.961059674142376,-5.358940325857624,5.358940325857624,20.360715523775166,15,0.6195872,KBR Replacement Backlit Keyboard for Yoga 730-13IK,17.99,0.6547215,SUNMALL Replacement Keyboard Compatible with Lenov,13.99,0.6414256,GODSHARK Replacement Keyboard for ASUS n53 k54l x5,11.49,0.6396053
B07QWP763Z,"Posdou USB 3.0 Male to Female 90 Degree Right Angle Extension Adapter, USB Leftward and Rightward Co",Unknown,Computers,6.99,9.683962060199852,2.6939620601998513,2.6939620601998513,38.54022975965453,15,0.77351695,"USB 3.0 Extension Cable 25Ft,USB 3.0 High Speed Ex",18.59,0.82693684,"Short USB Extension Cable 3.0, Up Angle 90-Degree ",5.35,0.8121594,"Short USB Extension Cable 2 ft, VCZHS USB 3.0 Exte",6.99,0.8027992
B08MVP9BJK,DDR3 204Pin to 240Pin Lod DDR3 Laptop SO DIMM to Desktop DIMM Memory RAM Adapter,Mustpoint,Computers,11.99,37.9588081229832,25.968808122983198,25.968808122983198,216.58722371128607,15,0.65007937,SinLoon Laptop DDR4 RAM to Desktop PC RAM Adapter ,14.99,0.6918491,Kingston ValueRAM 8GB DDR3 1333MHz DIMM Desktop Se,28.99,0.67320067,A-Tech 8GB (2x4GB) DDR3 1600MHz PC3-12800 CL11 DIM,21.44,0.6641536
B0BWLB4F5N,"Cat 7 Ethernet Cable 6 ft - with a Flat, Space-Saving Design High-Speed Internet & Network LAN Patch",Maximm,Computers,16.99,18.27179426648626,1.281794266486262,1.281794266486262,7.54440415824757,15,0.8516497,"Cat 7 Ethernet Cable 12 ft - with a Flat, Space-Sa",19.99,0.99077624,"Cat 6 Ethernet Cable 50 ft - with a Flat, Space-Sa",16.99,0.9655744,Cat 7 Ethernet Cable 12 ft - High-Speed Internet &,58.99,0.859539
B07NVJWGF4,"SEYMAC Samsung Galaxy Tab A8 Case 10.5 Inch (SM-X200/ X205/ X207), Heavy Duty Full-Body Shockproof P",SEYMAC,Computers,26.99,19.725170880289255,-7.264829119710743,7.264829119710743,26.91674368177378,15,0.8243452,SEYMAC stock Case for Samsung Galaxy Tab A8 10.5'',27.99,0.91386217,BRAECN Samsung Galaxy Tab A8 10.5 Inch Case for Ki,24.99,0.85032535,SEYMAC stock Case for Samsung Galaxy Tab A7 10.4 2,26.99,0.84343606
B09FDYDLKV,"Acasis 500GB USB3.0 2.5"" Portable External Hard Drive for Desktop Laptop HDD Hard Disk (500GB, Black",ACASIS,Computers,28.99,36.59163102448013,7.601631024480131,7.601631024480131,26.221562692239157,15,0.76739794,Maxone 2TB Ultra Slim Portable External Hard Drive,69.99,0.84295243,"MEGAZ DIGITAL 500GB Portable External Hard Drive, ",34.99,0.7992412,Sargart 320GB Ultra Slim Portable External Hard Dr,20.99,0.79783845
B09MHZHBJD,"HISTTON Desktop PC Windows 11 TPM2.0, Small PC Core i5-11400 Processor, 32 GB RAM 512 GB SSD, Gigabi",HISTTON,Computers,792.0,519.2195223887151,-272.78047761128494,272.78047761128494,34.44197949637436,15,0.71621376,Mini PC Windows 11 Business Mini Desktop 10th Gen ,599.99,0.78957397,"Mini PC,Intel i5-11320H(Up to 4.5 GHz), Mini Deskt",329.99,0.7564349,"Mini PC, AMD Ryzen 5 5625U(6C/12T, up to 4.3 GHz),",349.0,0.74682444
B09GNNCPGN,"PZOZ iPad Kids Case Compatible for Apple iPad Air 1/2 / 6th Generation 2018 / 5th Gen 2017 9.7 inch,",Pzoz,Computers,22.99,16.136825360538406,-6.853174639461592,6.853174639461592,29.809372072473217,15,0.80865824,PZOZ Kids Case Compatible for Apple iPad Mini 1 2 ,18.99,0.9549448,PZOZ Kids Case Compatible for Apple iPad Mini 4 5 ,18.99,0.94286025,PEPKOO iPad 9.7 2017/2018 Case for Kids - Lightwei,20.99,0.8183959
B0BDM8K1D5,Flash Drive 64GB 5 Pack USB 2.0 Swivel Thumb Drives Bulk Memory Stick Jump Drive Pen Drive Zip Drive,hrongshk,Computers,18.69,22.54497658734754,3.85497658734754,3.85497658734754,20.625877941934405,15,0.8165251,5 Pack 16GB Flash Drive USB 2.0 Flash Memory Stick,17.99,0.8490426,Maspen 20 Pack 4GB Bulk USB 2.0 Flash Drives Thumb,50.99,0.83878475,TOPESEL 5 Pack 64GB USB 2.0 Flash Drive Memory Sti,22.99,0.82994044
B07CL6LPQG,A-Tech 4GB KIT (2X 2GB) For Hewlett Packard Compaq HP Proliant DL360 G4p DL380 G4 DL580 G3 G4 ML350 ,A-Tech Components,Computers,20.42,49.03170175171472,28.61170175171472,28.61170175171472,140.1160712620701,15,0.8226233,A-Tech 4GB KIT (2 x 2GB) For HP-Compaq Pavilion Se,29.52,0.8824193,A-Tech 4GB KIT 4 x 1GB for HP Compaq Business Desk,41.06,0.8660315,A-Tech 2GB KIT (2 x 1GB) For HP-Compaq Pavilion Se,49.99,0.8490402
B09QPFPHRT,65W Type C Laptop Charger for Dell Chromebook Latitude 3500 3400 3100 3300 5300 5400 5500 7200 7300 ,MUKIZRE,Computers,9.99,19.438855224741296,9.448855224741296,9.448855224741296,94.58313538279575,15,0.817748,65W 45W USB Type C Charger for Dell Chromebook Lat,14.98,0.87215406,LA65NS2-01 PA-12 Docking Station AC Adapter Charge,12.55,0.85816056,65W Type-C Charger Laptop Power Cord for Dell XPS ,21.99,0.85469246
B00FA4CK2M,"Chi Mei N156b6-l0b Rev.c3 Replacement LAPTOP LCD Screen 15.6"" WXGA HD LED DIODE (Substitute Replacem",CHIMEI,Computers,48.98,56.74915228103541,7.76915228103541,7.76915228103541,15.861887058055146,15,0.72825885,CHI MEI N156B6-L04 & N156B6-L06 BOTTOM LEFT CONNEC,52.27,0.82648885,"Gateway NV53A52U Laptop LCD Screen 15.6"" WXGA HD L",50.01,0.7549367,"Gateway NV57H50U Laptop LCD Screen 15.6"" WXGA HD L",52.27,0.75343406
B07MW9P155,HP Z420 Workstation E5-1650 V2 Six Core 3.5Ghz 32GB 2TB Dual DVI Win 10 (Renewed),HP,Computers,314.15,466.6671130913759,152.5171130913759,152.5171130913759,48.549136747215,15,0.75644344,"HP Z640 Workstation, 2X E5-2680 v3 up to 3.3GHz (2",599.99,0.7955411,"HP Pavilion 23.8"" Touch-Screen All-in-One Desktop ",549.0,0.7735357,HP Z420 Desktop Workstation E5-1620 500G 6GB RAM,160.0,0.77192223
B08KRMGBC2,"ASUS TUF FX505DT 15.6-inch FHD Gaming Laptop, AMD Quad Core Ryzen 5 3550H, Nvidia Geforce GTX 1650 4",ASUS,Computers,638.0,813.1503841412629,175.15038414126286,175.15038414126286,27.45303826665562,15,0.8264662,"ASUS TUF Gaming A15 Gaming Laptop, 15.6” 144Hz Ful",853.0,0.9099522,"ASUS TUF VR Ready Gaming Laptop, 15.6"" IPS FHD, AM",999.99,0.90396845,"Acer Nitro 5 AN517-41-R7EY Gaming Laptop, AMD Ryze",723.0,0.8594887
B07LCJ4V5C,"Poyiccot RJ45 Screw Terminal Adapter / Network RJ45 Ethernet Adapter, RJ45 Breakout Board / 8p8c Mal",Poyiccot,Computers,10.86,16.062862452660294,5.202862452660295,5.202862452660295,47.90849403922924,15,0.69815445,CableVantage Cat5 Networking RJ45 Ethernet Patch C,8.45,0.71765554,"Y.D.F RJ45 Coupler, Network Coupler, Ethernet Conn",10.49,0.7154539,AAOTOKK RJ45 Network Ethernet Cable Female to Male,8.59,0.714236
B07GTF8GQ8,"iFixit A1398 A1494 Battery for MacBook Pro 15"" Retina (Late 2013/Mid 2014) - Repair Kit",IFixit,Computers,89.99,49.112580907752324,-40.87741909224767,40.87741909224767,45.4244017026866,15,0.63542086,A1708 Replacement Laptop Battery A1713 for MacBook,57.88,0.7362844,GHU New Battery Replacement for A1331 Compatible w,34.9,0.68626976,"Runpower New Laptop Replacement Battery for A1321,",41.99,0.6810973
B00DULWSXI,"WD 2TB Elements Portable External Hard Drive HDD, USB 3.0, Compatible with PC, Mac, PS4 & Xbox - WDB",Western Digital,Computers,72.0,133.79813401129775,61.79813401129775,61.79813401129775,85.83074168235798,15,0.7560268,"WD 2TB Elements Portable HDD, External Hard Drive,",61.99,0.8902106,"WD 18TB Elements Desktop External Hard Drive, USB ",299.99,0.827566,Western Digital 320GB WD Black Performance Mobile ,67.97,0.8050718
B01G45CKK2,BoxWave Screen Protector Compatible with Garmin Forerunner 735XT (Screen Protector by BoxWave) - Cle,BoxWave Corporation,Computers,9.95,12.271464081603614,2.321464081603615,2.321464081603615,23.331297302548897,15,0.6609567,BoxWave Screen Protector for Garmin Nuvi 2589 (Scr,17.95,0.843449,BoxWave Screen Protector Compatible with Garmin Dr,14.95,0.8384424,BoxWave Screen Protector for Garmin DriveLuxe 51 L,17.95,0.7705245
B07TJFYR17,"Mightyskins Skin Compatible with Hp Envy X360 15.6"" (2014) Wrap Cover Sticker Skins Gold Glitter",MIGHTY SKINS,Computers,18.45,17.883338275075232,-0.5666617249247672,0.5666617249247672,3.071337262464863,15,0.78551227,MightySkins Skin Compatible with HP Envy x360 Conv,19.99,0.9037321,"Mightyskins Skin Compatible with Hp Stream 14"" (20",16.9,0.8573631,Mightyskins Skin Compatible with Hp Pavilion G6 La,17.49,0.82466936
B077D7CNNR,"TP-Link AC1750 Wireless Wi-Fi Access Point (Supports 802.3AT PoE+, Dual Band, 802.11AC, Ceiling Moun",TP-Link,Computers,79.0,213.82809309864166,134.82809309864166,134.82809309864166,170.66847227676158,15,0.6528751,Asus Rt-ac66u B1 Ieee 802.11ac Ethernet Wireless R,45.0,0.7816037,"TRENDnet Wireless N300 2T2R Detachable antennas, A",30.99,0.6727145,Acer Aspire R5 15.6in Intel i5 2.5GHz 12GB Ram 1TB,418.45,0.6640011
B00NYLXNFG,"Odyson - Complete Display Assembly 13"" Replacement for MacBook Pro 13"" Unibody A1278 (Mid 2009, Mid ",Unknown,Computers,39.88,116.94617893825512,77.06617893825512,77.06617893825512,193.24518289432075,15,0.77138406,Odyson - Complete LCD Screen Display Assembly Repl,142.99,0.8546689,LCD Screen Display Full Assembly for Apple MacBook,184.95,0.8285636,GBOLE A1989 A2159 A2289 A2251 Screen Replacement f,192.88,0.8230468
B0BKT15TW4,"LC-Power 750W Power Supply Super Silent Modular Serie 80+ Gold Full Modular PSU 750 Watt, Active PFC",LC-Power,Computers,99.98,137.5854310132702,37.605431013270206,37.605431013270206,37.612953603991,15,0.6636149,Corsair Professional Series  HX 850 Watt ATX/EPS M,162.55,0.7340133,"ESGAMING Power Supply 750W, 80+ Gold Certified, Fu",79.99,0.7030348,SilverStone Technology SilverStone SX700-PT SFX 70,137.21,0.68466246
B08P6PY1DY,2020 Samsung Galaxy Tab A7 10.4” Inch 32 GB Wi-Fi Android 10 Touchscreen International Tablet (Gold),SAMSUNG,Computers,259.99,336.3897350149907,76.39973501499071,76.39973501499071,29.3856436843689,15,0.7709641,"Samsung Tab A7 Lite (64GB) 8.7"" Wi-Fi Tablet (SM-T",124.89,0.8809461,"Samsung Galaxy Tab A 7""; 8 GB Wifi Tablet (White) ",95.0,0.862494,SAMSUNG Galaxy Tab A 8.0-inch Android Tablet 64GB ,214.0,0.79823405
B076DX2RTD,"US Layout Keyboard with Case (Folio) 4X30E68274 for Lenovo ThinkPad 10,Travel Keyboard with Touchpad",Maxbook,Computers,55.63,45.59644949175088,-10.033550508249121,10.033550508249121,18.03622237686342,15,0.6969133,Case for Lenovo Tab M10 FHD Plus 10.3 inch 2020 Mo,17.99,0.71859324,"CaseBot Case for Lenovo Tab M10 Plus 10.3"", Lightw",13.99,0.71539783,iPad 7th - 8th - 9th Generation Case with Keyboard,45.99,0.71253425
B09ZXZFZHV,"Dell Inspiron 3000 Business Laptop, 15.6''FHD Display, 10th Gen Intel Core i5-1035G1, Windows 11 Pro",Dell,Computers,599.0,590.1332830032995,-8.866716996700461,8.866716996700461,1.4802532548748681,15,0.8385376,"Dell Newest Inspiron 3510 15.6"" HD Laptop, Intel P",529.0,0.8647903,"Dell 2021 Newest Inspiron 3891 Desktop PC, Intel C",509.0,0.86018527,"Dell 2021 Newest Inspiron 15 3000 Laptop, 15.6-inc",569.0,0.8583591
B099ZF84FV,BlueAVS HDMI to USB Video Capture Card 1080P for Live Video Streaming Record via DSLR Camcorder Acti,BlueAVS,Computers,16.99,50.15226717617439,33.162267176174396,33.162267176174396,195.18697572792465,15,0.6371271,BlueAVS HDMI to USB Video Capture Card 1080P for L,19.99,0.91321534,"Loya Ark Video Capture Card 1080p 60fps, USB Cam L",15.99,0.66327095,DriverGenius HDCAP07 HDMI Video Capture Device - 1,75.99,0.65107846
B094NFSWH1,Intel CM8070104291318 Core I3-10100f 3.6ghz Lga1200 Chip Tray Cpu Mm 999wpa,Intel,Computers,90.09,327.52472084777975,237.43472084777974,237.43472084777974,263.5528036938392,15,0.6526702,Intel Core i9-7900X X-Series Processor 10 Cores up,449.39,0.7300464,Intel SLBF4,109.95,0.7073468,Intel Core i9-9900K Desktop Processor 8 Cores up t,358.5,0.68807524
B08TGWM3QZ,"ATX 24Pin 90 Degree Adapter,Motherboard 24Pin Male to 24Pin Female 90 Degree Extension Connection fo",XMSJSIY,Computers,7.8,17.434336128665695,9.634336128665694,9.634336128665694,123.51712985468839,15,0.6536601,24Pin Right Angle ATX 24Pin Female to 24pin Male R,10.99,0.886941,E-outstanding ATX PSU Power Supply Adapter Cable f,11.99,0.7204996,"Power Supply Module 24 Pin DC 12V 300W, PC PSU Com",32.71,0.6685403
B0749BRLXW,Honbay 20PCS PC Case Fan Soft Silicone Anti Noise Reducing Vibration Screws Fan Rivet for PC Case Fa,HONBAY,Computers,7.29,22.729897749551508,15.439897749551509,15.439897749551509,211.7955795548904,15,0.6563605,Cosmos ® 12 Pieces Black Rubber PC CPU/Case Fan Mo,5.5,0.7382424,Lamptron Rubber Screw for Fan with Closed Screw Mo,5.95,0.7374585,YEEPHTECH Computer Case Fan 120mm RGB LED PWM High,8.99,0.69145566
B08TWM8N5B,"Touch Screen Replacement for iPad 5 2017 9.7 inch, A1822 A1823 A1474 A1475 Digitizer Glass Assembly ",Unknown,Computers,20.95,38.19361880799467,17.243618807994668,17.243618807994668,82.30844299758792,15,0.8270853,For iPad 5 (5th generation) Touch Screen Replaceme,17.8,0.90337956,Dedia White Touch Screen Replacement for iPad 5 20,19.95,0.89313436,for iPad 5 5th Gen Screen Replacement A1822 A1823 ,20.99,0.87828827
B0B3X798MG,"Artyond Case for 8 Inch Tablet,Universal Multi-Angle Viewing Stand with Card Slots Folio Case for iP",Artyond,Computers,14.99,16.168751735229403,1.1787517352294028,1.1787517352294028,7.863587293058057,15,0.8299722,"Artyond Universal Case for 7.5-8.5 Inch Tablet, Fo",14.99,0.9290351,"Artyond Universal 8.0"" Tablet Case, Kickstand Card",14.99,0.91538954,"Uliking Universal Case for 7-8 inch Tablet, PU Lea",17.99,0.8474757
B07R5S886T,"Alapmk Protective Case for 15.6"" Dell Inspiron 15 2-in-1 5582 5591/inspiron 15 5584 5593 5594/Inspir",Alapmk,Computers,23.99,23.17449739075655,-0.815502609243449,0.815502609243449,3.399343931819296,15,0.76686287,"Alapmk Protective Case for 14"" Dell Latitude 3400/",22.99,0.84710974,"Alapmk Protective Case Cover for 13.3"" Dell Inspir",21.99,0.8431467,"Alapmk Protective Case for 15.6"" Dell Latitude 15 ",22.99,0.8206129
B08J3WK9QX,"AORATY DisplayPort Cable 6.6ft DP to DP Cable1.2, [4K@60Hz,2K@165Hz, 2K@144Hz] Gold-Plated Braided D",AORATY,Computers,6.99,19.664108881525838,12.674108881525838,12.674108881525838,181.31772362697907,15,0.7555425,"Warrky 4K DisplayPort to HDMI Cable Adapter 15FT, ",22.99,0.8128738,"Silkland DisplayPort 2.1 Cable, DP 2.0 Cable 10FT ",29.99,0.7996639,ICZI Mini DisplayPort to DisplayPort Cable 6 Feet ,8.99,0.78760505
B07HGFF1YG,"RW RoutersWholesale 200/300/500 Series 19"" (1RU) Rack Mount Kit Compatible/Replacement for Cisco Sma",RW RoutersWholesale,Computers,14.99,100.21925770521266,85.22925770521266,85.22925770521266,568.5741007685967,15,0.59417814,"Rack Mount Kit 19"" Large Switch Rack Ears Compatib",11.99,0.7736825,"19"" Rack Mount Kit Compatible with Cisco / 1941 & ",13.98,0.71762526,6X177 Compatible 1U Rack Mount Kit (Older Model),19.99,0.6608718
B092J8QTH3,SopiGuard Sticker Skin for 8Bitdo Pro 2 Front Panel Only Vinyl Decal Wrap (Flip Psychedelic),SopiGuard,Computers,9.99,21.389694440645172,11.399694440645172,11.399694440645172,114.11105546191362,15,0.7127491,SopiGuard Skin for 2021 Magic Keyboard Case 12.9 P,24.99,0.8575313,"SopiGuard Skin for Microsoft Surface Laptop 3 (15""",44.99,0.7896766,SopiGuard Skin for 2020 Dell XPS 17 9700 Precision,54.99,0.7799766
B06XK5Y7ZX,G6015S12B2 BA 60mm DC 12V 0.07A 6015 for Samsung DLP TV Cooling Fans,Sungee,Computers,10.88,17.498401105272844,6.618401105272843,6.618401105272843,60.83089251169892,15,0.6421145,AB5512HX-G00 DC12V 0.19A Blower fan Server Cooling,9.88,0.7464057,FD8015U12S 75MM DC 12V 0.5A 4pin Cooling Fan for A,5.88,0.7037996,3 Pcs/lot T129215SU Cooling Fan for Video Card ASU,29.98,0.661958
B09G5MV6KP,"TOEVEK Kids Case for Samsung Galaxy Tab A7 Lite 8.7"" Tablet, Built-in Screen Protector, Shockproof H",TOEVEK,Computers,17.98,19.40588277295465,1.425882772954651,1.425882772954651,7.930382496966913,15,0.8230185,Case for Samsung Galaxy Tab A7 Lite 8.7 inch 2021 ,20.99,0.866173,"Hocase for Galaxy Tab A7 Lite 8.7"" Case, with Kick",15.99,0.85237515,"Bingcok Case for Galaxy Tab A7 Lite 8.7 Case, Heav",16.99,0.8492662
B09CDSNLL7,Apple Magic Keyboard for 12.9-Inch iPad Pro 3rd Gen / 4th Gen / 5th Gen - White (Renewed),Apple,Computers,179.0,54.53920754220307,-124.46079245779693,124.46079245779693,69.53116897083628,15,0.76729184,Keyboard Case for New iPad Pro 12.9 2021 5th Gener,42.99,0.79053926,Logitech Slim Folio PRO iPad Pro 12.9-inch (3rd ge,28.85,0.78665787,ZAGG Pro Keys Detachable Case and Wireless Keyboar,78.99,0.77673656
B09YRGWPQP,"Newest 2022 HP 15.6"" FHD Micro-Edge Laptop, AMD Ryzen 5 5500U 6-core(Beat i7-1160G7, up to 4GHz), 16",HP,Computers,449.99,599.6153645742057,149.62536457420572,149.62536457420572,33.25081992359957,15,0.847179,"HP 2022 Newest 15.6"" FHD Micro-Edge Laptop, AMD Ry",627.88,0.9767988,"Acer 2023 Aspire 5 Slim Laptop 15.6"" IPS FHD, AMD ",569.0,0.86898935,2022 Newest HP 17.3'' HD+ Touchscreen Laptop Busin,514.52,0.86202526
B00P61JWPW,Brand New Replacement Laser Lens Deck KES-450DAA KEM-450DAA for Sony Playstation 3 Sony PS3 Slim CEC,Unknown,Computers,39.21,46.5054163537529,7.295416353752898,7.295416353752898,18.606009573458042,15,0.5418808,Blu-Ray DVD Drive KES-450A KEM-450AAA Laser Lens R,49.41,0.8252616,Replacement Laser Lens KES-450A KEM-450AAA with De,39.41,0.82442045,LeHang Replacement Blu Ray Drive Lens KES-860 PHA ,7.0,0.5867069
B09FC64RZ8,"iBenzer Laptop Sleeve Bag for MacBook Air/Pro 13 13.3 14 inch, Carrying Case for 13 in Surface/HP/De",IBENZER,Computers,15.99,18.1428996286433,2.152899628643299,2.152899628643299,13.464037702584733,15,0.7890699,"FINPAC 13.3-14 Inch Laptop Sleeve Bag, Carrying Ca",22.99,0.81211674,Laptop Sleeve Case 15.6 Inch Waterproof Durable La,18.99,0.8061732,"Lacdo 360° Protective 13.3"" Laptop Sleeve Case Com",18.99,0.8052572
B07YVMR6Y9,"Barrow G1/4"" 45 Degree Dual Rotary Adapter Fitting - White 2 Pack",Barrow,Computers,24.99,19.86701027587415,-5.122989724125848,5.122989724125848,20.50015896008743,15,0.60202974,"Barrow G1/4"" to 14mm Hard Tubing Compression Fitti",20.99,0.7093009,"Floratek G1/4"" 90 Degree Fitting Male to Female Ex",15.99,0.65239066,"Enzotech G1/4"" to 3/8"" ID, 1/2"" OD Compression Fit",8.99,0.6458565
B08HD774P5,Native Union Stow Lite MacBook Sleeve 16” – Minimalist Slim Sleeve with 360-Degree Protection – Comp,Native Union,Computers,39.99,26.745019147778446,-13.244980852221556,13.244980852221556,33.120732313632296,15,0.73100686,NATIVE UNION Stow Slim for MacBook Pro 13” (2016-2,79.99,0.83231807,Comfyable Laptop Sleeve 14 Inch Precisely Compatib,17.99,0.7482173,Comfyable Slim Protective Laptop Sleeve 16 Inch Co,25.99,0.74540955
B0794K6K1W,"Dell Optiplex 9010 Business Desktop Computer (Intel Quad Core i5 3.2GHz Processor), 8GB RAM, 1TB HDD",Dell,Computers,109.97,194.63679498640272,84.66679498640272,84.66679498640272,76.99081111794374,15,0.8313595,"Dell Optiplex 980 Desktop Computer, i5-650 3.2GHz,",105.97,0.8625058,Dell Optiplex 7010 Business Desktop Computer (Inte,104.99,0.8612117,Dell Optiplex 980 Desktop Computer with SSD - Inte,127.71,0.8551736
B08ZNGJJJC,MOSISO 360 Protective Laptop Shoulder Bag Compatible with MacBook Pro 16 2023-2019 M2 A2780 M1 A2485,MOSISO,Computers,27.49,20.26889679616692,-7.221103203833078,7.221103203833078,26.268109144536478,15,0.8971341,MOSISO 360 Protective Laptop Sleeve Compatible wit,24.99,0.9411303,MOSISO Laptop Shoulder Bag Compatible with MacBook,26.99,0.93530566,MOSISO 360 Protective Laptop Sleeve Compatible wit,11.49,0.91868573
B0C5JVXSW6,NZXT H5 Flow Compact ATX Mid-Tower PC Gaming Case – High Airflow Perforated Front Panel – Tempered G,NZXT,Computers,94.99,107.12577246900497,12.135772469004976,12.135772469004976,12.775842161285375,15,0.71171963,NZXT H510i - CA-H510i-BR - Compact ATX Mid-Tower P,93.99,0.8191904,Zalman Z3 Iceberg Premium ATX Mid Tower Gaming Com,64.99,0.7339058,Thermaltake View 31 RGB Dual Tempered Glass SPCC A,141.47,0.7333485
B0874D4BRM,HP Chromebook x360 14b-ca0023dx 14 inches Touchscreen 1366 x 768 Intel Pentium Silver N5000 1.1GHz 4,HP,Computers,184.99,288.80515173631966,103.81515173631965,103.81515173631965,56.11933171323836,15,0.76700044,"HP Chromebook 11A G8 EE 11.6"" Chromebook - HD - 13",129.0,0.87496895,"HP Laptop 14-dq0090tg 14"" Intel Pentium Silver N50",174.95,0.8061966,2022 Acer Convertible 2-in-1 Chromebook-13inch Fra,186.99,0.78029525
B094V4YD4C,"SD Card Reader, SNANSHI SD Card Reader USB 2-in-1 USB 3.0 SD Card Reader for SDXC, SDHC, SD, MMC, RS",SNANSHI,Computers,7.99,16.591288343480013,8.601288343480013,8.601288343480013,107.6506676280352,15,0.7786607,SD Card Reader USB 3.0 7-in-1 Portable Memory Card,17.47,0.8403716,"COCOCKA USB 3.0 SD Card Reader, USB C Flash Memory",11.99,0.82571465,"Card Reader USB 3.0 with USB-C Adapter, 7 in 1 Mem",18.47,0.8154389
B0987BS293,MAYL 2 Pack Keyboard Keycaps Metal and Rubber Keycaps White Keycaps Cute Cat Paw Keycap Kawaii Keyca,MAYL,Computers,12.99,19.178634498365923,6.188634498365923,6.188634498365923,47.64152808595784,15,0.687849,Kelendle Personalized Cute Dog Resin Keycap OEM Pr,33.99,0.779098,YMDK Metal Keycap Cat Claw Cat Palm Novelty Keycap,14.9,0.76907545,E-Element Keycaps Doubleshot Keycaps with Keycap R,8.99,0.7114985
B0B3QQ46WT,HT03XL L11119-855 Battery for HP Pavilion 17-by 17-CA 15-CS 15-DA 15-DB 15-DW 15-DY 15-CW 15-EF 15-C,Unknown,Computers,28.97,26.72927363778026,-2.240726362219739,2.240726362219739,7.734643984189642,15,0.69254965,TREE.NB Spare 919681-221 919700-850 Battery for HP,19.88,0.7541009,aowe LA04 728460-001 HSTNN-UB5M Replacement Laptop,20.99,0.7243271,HT03XL L11119-855 Laptop Battery Fit for HP Pavili,24.79,0.7142861
B07GF2W7PK,"Samsung Electronics EF-BT830PBEGUJ Galaxy Tab S4 Book Cover, Black",SAMSUNG,Computers,33.38,21.901956507521533,-11.47804349247847,11.47804349247847,34.385990091307576,15,0.7746063,Samsung Electronics Book Cover for Galaxy Tab A 8.,29.99,0.8278996,Samsung Book Cover for Galaxy Tab S 8.4 (EF-BT700W,49.0,0.8278163,Case for Samsung Galaxy Tab A 8.0 inch 2019 (SM-T2,11.99,0.7814543
B005FNC0JG,"XFX, Crossfire Bridge (Catalog Category: Video & Sound Cards / Accessories)",XFX,Computers,19.99,117.8581652935373,97.8681652935373,97.8681652935373,489.5856192773252,15,0.5726812,ATI RADEON HD 2600XT FOR MAC PRO,132.99,0.6068099,Circotech 2U 1 x x16 PCI-Express Riser Card,33.0,0.5997091,MSI X99A Raider Motherboard Socket LGA2011-3 Intel,498.86,0.5911449
B0C3CVTNP4,"Micro SD Card 512GB with SD Card Adapter for Phone, TF Card for Camera Computer Micro SD Memory Card",Alisinsen,Computers,10.99,18.342583098010522,7.352583098010522,7.352583098010522,66.9024849682486,15,0.8508873,"Micro SD Card 512GB SD Card 512GB Memory Card,Clas",11.99,0.9798335,Micro SD Card 512GB Class 10 High Speed Card Memor,11.99,0.97143716,Micro SD Memory Card with a SD Card Adapter Micro ,13.99,0.9696972
B07T4GT4QJ,Original 19.5v7.7a ac Adapter A17-150P1A A17150P1A A17-150P2A Compatible for Asus GL503G GL503GE GL7,JHZL,Computers,43.99,41.614101660104225,-2.3758983398957767,2.3758983398957767,5.400996453502561,15,0.7483877,AC Charger ADP-180TB H Fit for Asus TUF FX505D FX5,45.99,0.83063376,New 280W 20V 14A AC Charger Compatible with ASUS R,99.99,0.7990369,JHZL 150W 20V 7.5A Original AC Adapter for ASUS RO,52.1,0.78601265
B095K4ZT8Z,Antbox Case for iPad Pro 11 inch 4th Generation (2022)/3rd/2nd/1st Gen Vegan Leather with Pencil Hol,Antbox,Computers,35.9,20.550210581637597,-15.349789418362402,15.349789418362402,42.75707358875321,15,0.84208626,auaua Case for iPad Pro 11 inch 2022 4th Generatio,35.9,0.8768371,"Aoub Case for iPad Pro 11 2020 & 2018, Auto Sleep/",12.99,0.8764718,Aoub New iPad Pro 11 Inch Case 2022(4th Gen)/2021(,19.99,0.86422145
B002SZEOLG,TP-Link Nano USB Wifi Dongle 150Mbps High Gain Wireless Network Adapter for PC Desktop and Laptops. ,TP-Link,Computers,19.99,49.03329766531551,29.04329766531551,29.04329766531551,145.2891328930241,15,0.6403395,TP-Link Archer T2U 11AC USB WiFi Adapter - Dual Ba,28.95,0.7436294,TP-Link N300 Wireless High Powered USB Adapter (TL,19.01,0.7034422,"Rosewill Wireless N300 PCI-E WiFi Adapter, 300 Mbp",12.05,0.6589819
B0B79FVQVN,"Wineecy Backlit Keyboard Case for Samsung Galaxy Tab S5e 10.5"" 2019, 7 Colors Backlight Detachable W",Wineecy,Computers,31.99,24.777881637665867,-7.212118362334131,7.212118362334131,22.54491516828425,15,0.8118718,Samsung Galaxy Tab S5E 10.5 2019 Keyboard Leather ,33.99,0.8574485,Lrufodya Keyboard Case for Samsung Galaxy Tab A7 L,29.99,0.83790916,Fintie Keyboard Case for Samsung Galaxy Tab S6 10.,34.99,0.8351234
B07QCXBPRH,"2PC Pack 14 inch Blue Light Blocking Laptop Screen Protector, Blue Light Filter for Notebook Compute",AyaWico,Computers,11.9,20.58030249303227,8.68030249303227,8.68030249303227,72.9437184288426,15,0.7463573,Blue Light Blocking Screen Protector Panel for 14 ,32.99,0.78819495,【2 Pack】12.5 Inch Laptop Screen Protector for HP/D,14.59,0.7758082,17.3 Inch Anti Glare Blue Light Blocking Laptop Sc,13.59,0.7653631
B07RXX3Y2T,Intel Core i9-9900 Desktop Processor 8 Cores up to 5.0GHz LGA1151 300 Series 65W,Intel,Computers,305.0,251.9568550830641,-53.04314491693589,53.04314491693589,17.39119505473308,15,0.77312267,Intel Core i9-9900K Desktop Processor 8 Cores up t,358.5,0.9243158,Intel® Core™ i9-11900KF Desktop Processor 8 Cores ,403.3,0.8674791,Intel Core i9-9940X X-Series Processor 14 Cores up,892.99,0.84668773
B0C413H738,"BulbaCraft Sticker Pack of Heavy Metal Band Stickers, 38 Pieces of Metal Stickers, Strong Adhesive &",BulbaCraft,Computers,9.99,8.871075890096451,-1.1189241099035492,1.1189241099035492,11.200441540576067,15,0.7336131,Band Stickers Pack Rock Roll Stickers Decals Lapto,15.0,0.7554537,"100pcs Singer Aesthetic Kpop Stickers for Girls,Co",7.99,0.7549885,Reading Stickers 100 Pcs I Love Reading Decals Mot,7.98,0.754225
B07MK8QPJJ,EZYOO PU Smart Case Cover for Kindle Paperwhite 2018 10th Generation Auto Sleep / Wake Skull,EZYOO,Computers,13.99,16.951389900828236,2.9613899008282356,2.9613899008282356,21.16790493801455,15,0.76379734,ACdream Slimshell Case for All New Kindle 10th Gen,9.99,0.8101698,"Fintie Origami Case for 6"" Kindle Paperwhite 2012-",19.99,0.7996731,ACdream Case Fits All-New Kindle 10th Generation 2,15.99,0.7995208
B07KYGWRV3,"MSI Urban Raider Gaming Laptop Backpack, Quick Access, Padded Mesh, Lightweight Polyester Exterior, ",MSI,Computers,69.99,39.67379011603308,-30.316209883966913,30.316209883966913,43.31505912839965,15,0.7301652,17 17.3 17.4 inch Laptop Sleeve Black Water-Resist,15.99,0.750963,"Timbuk2 Authority Laptop Backpack Deluxe, Eco Blac",159.0,0.742579,DOMISO 17.3 inch Laptop Bag Business Briefcase Wat,35.99,0.7397833
B06WGMPFCD,"Lenovo 6 Cell 72Wh Battery 61++ ( 4X50M08812, Retail Packaged) For P51S ,P52S, T470, T480, T570, T58",Lenovo,Computers,160.0,36.420249774967196,-123.5797502250328,123.5797502250328,77.23734389064549,15,0.6527125,ANTIEE 00UR891 01AV493 SB10L84121 Internal Battery,45.99,0.73780155,01AV421 01AV419 T470 T480 Battery for Lenovo Think,29.27,0.68379605,GHU New Laptop Battery 41++ Replacement for 40Y679,41.58,0.6649538
B08D61BWDL,"PTZ Camera with USB Outputs,3X Optical Zoom,Live Streaming Camera for Broadcast,Conference,Events,Ch",SMTAV,Computers,108.0,77.83788825851526,-30.162111741484736,30.162111741484736,27.9278812421155,15,0.638941,HuddleCamHD USB Conference Cameras with PTZ Contro,299.0,0.74763536,ALPCAM USB Camera 2MP Low Illumination Webcam 5-50,75.99,0.67152244,Camera USB 2 Megapixel USB Camera Module USB 3.0 W,65.99,0.6651188
B07VYK8KHW,Cables Direct Online Snagless Cat5e Ethernet Network Patch Cable Blue 50 Feet,Cables Direct Online,Computers,11.45,19.332977579597156,7.882977579597156,7.882977579597156,68.84696576067387,15,0.8149478,CableVantage New 200ft 60M Cat5 Patch Cord Cable 5,15.99,0.8554504,"Shielded Cat5e 14-Foot Blue Ethernet Cable, Snagle",12.6,0.847747,Cables Direct Online Grey 100ft Cat6 Ethernet Netw,15.95,0.8450024
B084TDNRZV,PEPKOO Kids Case for iPad 9th 8th 7th Generation 10.2 inch 2021 2020 2019 – Lightweight Flexible Sho,Pepkoo,Computers,20.99,20.508283832025292,-0.4817161679747066,0.4817161679747066,2.2949793614802605,15,0.84019184,PEPKOO iPad 9.7 2017/2018 Case for Kids - Lightwei,20.99,0.93802315,PEPKOO Triple Shockproof Case for iPad 5th/6th Gen,24.99,0.87028825,"BMOUO Kids Case for iPad 8th/7th Generation, iPad ",15.98,0.8501134
B0BVZ3XN8Q,"Rybozen KVM Switch HDMI 2 Port Box,USB Switch selector with 4 USB 2.0 Hub Share 2 Computers, UHD 4K@",Rybozen,Computers,19.99,132.10509491106097,112.11509491106098,112.11509491106098,560.8559025065582,15,0.7667055,"KVM Switch HDMI 2 Port, 2 in 1 Out, UHD 4K@30Hz, 4",19.99,0.8780411,CKLau 4Kx2K@60Hz Dual Port 3 Monitor KVM Switch HD,269.0,0.80982137,"Tripp Lite 2 Port DisplayPort USB KVM Switch, Dual",148.95,0.7883278
B092R599W5,Seagate Expansion 6TB Desktop External Hard Drive in Black - USB3.0,Seagate,Computers,159.95,99.36762595576612,-60.58237404423387,60.58237404423387,37.87581997138723,15,0.6694343,Seagate Expansion 1 TB USB 3.0 Portable External H,132.76,0.7826386,Seagate Expansion 1TB,60.37,0.7191976,Seagate 1Tb One Touch HDD 2.5E Blue,66.45,0.7005499
B07YZS611N,Tripp Lite USB C Active Extension Cable USB C to USB-A USB 3.1 Gen 1 M/F 5M (U330-05M-C2A),Tripp Lite,Computers,38.03,14.227716327848821,-23.80228367215118,23.80228367215118,62.58817689232495,15,0.72055733,Tripp Lite Active USB 2.0 Extension Cable USB-A M/,32.29,0.8014434,CableCreation USB C Extension Cable (Gen 2/10Gbps),11.89,0.7436724,"USB 3.0 Extension Cable 25Ft,USB 3.0 High Speed Ex",18.59,0.74357957
B07H9C1WM8,J-Tech Digital Wireless Ergonomic Vertical USB Mouse with Adjustable Sensitivity (600/1000/1600 DPI),J-Tech Digital,Computers,32.95,25.521687814012942,-7.4283121859870604,7.4283121859870604,22.544194798139788,15,0.6977253,HOTWEEMS Wireless D-09 Computer Mouse USB Cordless,10.99,0.7702292,"Wireless Ergonomic Mouse, Jelly Comb Rechargeable ",26.99,0.7500449,"Verbatim Wireless Notebook Optical Mouse, Commuter",10.96,0.71686006
B07MTVMRVC,A-Tech 8GB Module for Lenovo ThinkPad Yoga 11e Laptop & Notebook Compatible DDR3/DDR3L PC3-12800 160,A-Tech,Computers,56.91,144.68445972327308,87.77445972327308,87.77445972327308,154.2338072803955,15,0.69026715,A-Tech 8GB Module for Acer Aspire R3-131T Laptop &,56.91,0.74916875,A-Tech 8GB Module for Acer Aspire ES1-533 Laptop &,56.91,0.7309398,A-Tech 4GB Module for Dell Inspiron N7110 Laptop &,36.29,0.71085215
B0049HAUAK,Transcend 2GB Secure Digital Card,Transcend,Computers,9.95,38.16238207355032,28.21238207355032,28.21238207355032,283.54152837739014,15,0.6670176,"Amplim 128GB V90 UHS-II SD SDXC Card, 300MB/S 2000",127.98,0.70420134,Transcend 8GB CompactFlash Memory Card 133x (TS8GC,19.85,0.6802691,Transcend 32 GB MicroSDHC Class 10 UHS-I/U3 Memory,34.65,0.67820305
B00DJ86W5M,CMS 8GB (2X4GB) DDR3 10600 1333MHZ Non ECC DIMM Memory Ram Upgrade Compatible with Dell® Optiplex 38,Computer Memory Solutions,Computers,25.0,18.251622743291623,-6.748377256708377,6.748377256708377,26.993509026833507,15,0.8900385,CMS 4GB (1X4GB) DDR3 10600 1333MHZ Non ECC SODIMM ,18.0,0.91854274,CMS 2GB (1X2GB) DDR3 10600 1333MHZ Non ECC DIMM Me,14.25,0.9127273,CMS 4GB (2X2GB) DDR2 6400 800MHZ Non ECC DIMM Memo,19.0,0.9035436
B00LP3K2FE,Silverstone Tek 90 Degree Motherboard Mounting SSI-CEB/ATX/Micro-ATX Computer Case RV05B,SilverStone Technology,Computers,107.35,145.61164259952304,38.26164259952304,38.26164259952304,35.64195863951844,15,0.6589025,SilverStone Technology Slim Computer Case for Mini,166.82,0.74484575,SilverStone Technology Ultra Compact Mini-ITX Comp,59.99,0.70001984,Thermaltake View 31 RGB Dual Tempered Glass SPCC A,141.47,0.6703205
B07FKBMHR3,Letotech Cross Wired USB Serial Cable DB9 CP2102 ZT232 USB RS232 to DB9 Null Modem Cable PC Control ,Letotech,Computers,18.5,49.28780626095786,30.787806260957858,30.787806260957858,166.420574383556,15,0.59768414,PL2303TA USB RS232 to DB9 Cross Wired Rollover Nul,14.9,0.7198292,DTech Serial Cable to USB Adapter DB9 Male RS232 P,11.88,0.67865884,Cables4computer C4C-USB-2920 FTDI Chipset High Spe,12.8,0.67083144
B0933YVHDN,Verbatim 128GB Ergo USB 3.0 Flash Drive – Blue,Verbatim,Computers,27.64,22.24664253367344,-5.3933574663265595,5.3933574663265595,19.512870717534586,15,0.67219174,Aiibe High Speed 10 Pack 16GB Flash Drive 3.0 USB ,38.99,0.6851769,"ABLAZE USB 3.0 Flash Drive 128GB, High Speed Thumb",14.99,0.6845269,KOOTION Flash Drive 64 GB USB 3.0 Flash Drive Thum,10.99,0.6785112
B0BG92ZCT4,"MeLE PCG35 Fanless Mini PC Windows 11 Pro J4125 8GB 128GB Small Desktop Micro Computers Dual HDMI, V",MeLE,Computers,229.99,278.5520567109427,48.56205671094267,48.56205671094267,21.11485573761584,15,0.7481212,"MeLE Mini PC, Quieter2Q Windows 11 Pro Fanless Min",209.99,0.8496099,MeLE Fanless Mini PC Stick PCG02 Windows 11 Pro Ce,209.99,0.83676904,"MeLE Fanless Mini PC, Windows 11 Pro Celeron J4125",239.99,0.822336
B002L6EAXY,80ft Cat5e Outdoor Waterproof Ethernet Cable Direct Burial Shielded (Pure Copper),Ultra Spec Cables,Computers,45.58,89.17910255476718,43.599102554767185,43.599102554767185,95.65402052384201,15,0.782494,Ultra Spec Cables 30ft Cat5e Outdoor Waterproof Et,44.99,0.9812513,Ultra Spec Cables 330ft Cat6 Outdoor Waterproof Et,125.97,0.96346855,Ultra Spec Cables 300ft Cat6 Outdoor Waterproof Et,144.95,0.95917165
B0B2K71G1L,Geeksocial (Only Keycaps) 104+23 XDA Keycaps Set PBT Dye Sublimation ANSI ISO Layout for GK61 64 68 ,Geeksocial,Computers,26.0,24.88882834523411,-1.11117165476589,1.11117165476589,4.2737371337149614,15,0.827855,140 Keys PBT Keycaps Dye-Sub XDA Profile Milk and ,19.99,0.85498464,Hkfos PBT Keycaps 134 Keys DIY Keyboard Accessorie,19.99,0.85219634,GTSP 9009 XDA Retro PBT Keycaps Set for Gaming Key,25.99,0.8450815
B01MDV44PD,zdyCGTime Motherboard 4 Ports USB 2.0 Hubs Expansion Rear Panel Header Bracket,zdyCGTime,Computers,6.99,11.009256217568451,4.019256217568451,4.019256217568451,57.500088949477124,15,0.62302846,zdyCGTime 50CM Micro USB 5pin Male to 1x 5Pin Fema,6.99,0.72622275,Sintech USB 2.0 External 1.8-Inch 40-Pin ZIF HDD E,19.99,0.642401,BAIRONG 10cm Motherboard USB 2.0 Adapter Cable A F,6.99,0.63987887
B0BZT7T3NB,"Maximm Cat 6 Ethernet Cable 30 Ft, Cat6 Cable, LAN Cable, Internet Cable and Network Cable - UTP (Wh",Maximm,Computers,10.99,35.2960591808406,24.3060591808406,24.3060591808406,221.16523367461872,15,0.8033774,"Maximm Cat 6 Ethernet Cable 15 Ft, 100% Pure Coppe",17.99,0.9373939,"Maximm Cat 6 Ethernet Cable 150 Ft, 100% Pure Copp",29.99,0.9326647,"Cat 6 Ethernet Cable 50 ft - with a Flat, Space-Sa",16.99,0.8302343
B08PCZP9X4,"Gylint Case for Lenovo Tab P11, Multifunctional Cover Standing Multiple Viewing Angles Feature for L",Gylint,Computers,16.95,15.95842257777126,-0.9915774222287386,0.9915774222287386,5.850014290435037,15,0.71131504,Gylint Rotating Case New iPad Pro 11 Case 2020/201,10.16,0.8076767,"Blllue Case for Lenovo Tab P11, Life Tree Slim Fol",19.99,0.7829651,GWYLH Vegan Leather Case for Lenovo Smart Tab M10 ,11.95,0.7513718
B0B41H6XGP,"GearIT 20-Pack, Cat5e Ethernet Patch Cable 2 Feet - Snagless RJ45 Computer LAN Network Cord, Blue",GearIT,Computers,24.99,30.38256161176592,5.39256161176592,5.39256161176592,21.57887799826299,15,0.87533134,"GearIT 100-Pack, Cat5e Ethernet Patch Cable 1 Foot",109.99,0.9990205,"GearIT 10-Pack, Cat5e Ethernet Patch Cable 6 Feet ",20.99,0.97617656,"GearIT 5-Pack, Cat 6 Ethernet Cable Cat6 Snagless ",12.99,0.9504507
B09F9PGWY6,"YAPHONE USB C Cable, 60W USB C to USB C Cable 2 Pack 6ft, USB Type C 2.0 PD Braided USB Charger Cord",YAPHONE,Computers,7.99,10.013103637009113,2.023103637009113,2.023103637009113,25.320446020139087,15,0.81615835,USB C to USB C Cable 3.1 Gen1 Type C Nylon Braided,8.99,0.84203976,"AkoaDa USB C to USB C 100W Cable 10 FT, 5A Type C ",5.99,0.8395008,CableCreation USB C Cable 10FT USB A to USB C Cabl,12.59,0.8340121
B00ECDM78E,"Plugable USB 3.0 Laptop Docking Station for Windows (Dual Video HDMI & DVI / VGA, Gigabit Ethernet, ",Plugable,Computers,119.0,114.72340687799965,-4.2765931220003495,4.2765931220003495,3.593775732773403,15,0.75808626,StarTech.com Dual Monitor USB C Docking Station wi,234.04,0.8150177,StarTech.com USB-C & USB-A Dock - Hybrid Universal,307.22,0.80665016,Targus Universal USB 3.0 Dual Video DV4K Laptop Do,174.99,0.7994542
B0BM5XV2GV,ACEIRMC HC-05 Wireless Bluetooth RF Transceiver Master Slave Integrated Bluetooth Module 6 Pin Wirel,ACEIRMC,Computers,8.29,71.28642170744955,62.99642170744955,62.99642170744955,759.9085851320815,15,0.41683972,"OSOYOO 2PCS ESP8266 WiFi Module, ESP-12S WiFi Seri",11.9,0.46368057,BTD 500 USB Dongle,78.98,0.4581762,Penna Bluetooth Keyboard with White Chrome Keycap(,209.0,0.44376516
B09MLXG6B9,"65W 45W Charger for Dell Laptop Charger（2 Tips），Fit for All Round Connectors,Dell Inspiron15-3000 15",SZGUDULO,Computers,10.99,27.675974124549228,16.685974124549226,16.685974124549226,151.82869995040244,15,0.76532894,PA-4E Dell 130W Laptop Charger (2Tips 7.4 and 4.5m,26.99,0.8220978,65W 45W Laptop Charger AC Adapter for Dell Inspiro,12.99,0.8153252,65W Type-C Charger Laptop Power Cord for Dell XPS ,21.99,0.79409134
B0BJQ62XHJ,"C INVERTER Keyboard Case for iPad Pro 4th/5th/6th Generation 2020/2021/2022, 12.9-inch Case with Rec",C INVERTER,Computers,47.99,54.39854746024087,6.408547460240868,6.408547460240868,13.353922609378763,15,0.8196047,iPad Air 5th/4th Generation Keyboard Case 2022/202,37.99,0.89548624,Keyboard Case for New iPad Pro 12.9 2021 5th Gener,42.99,0.85426223,"iPad Keyboard Case Pro 2022 11-inch(4th Gen),Air 5",38.99,0.83598894
B07QLL456H,"CQRobot Ocean: BMP388 Barometric Pressure Sensor Compatible with Arduino, Raspberry Pi and STM32. He",CQRobot,Computers,19.99,167.424754585117,147.434754585117,147.434754585117,737.5425441976838,15,0.41427836,Sense HAT (B) for Raspberry Pi 4B/3B+/3B/2B/B+/A+/,29.99,0.53852355,Raspberry Pi Pico Evaluation Kit Package B Include,42.59,0.4680152,AITRIP 2 Pieces ESP32-CAM WiFi Board ESP32-CAM-MB ,16.99,0.44172204
B093PWSNQX,65W 45W USB C Type C Laptop Charger for Lenovo Chromebook 100e 300e 500e C330 S330 Lenovo Yoga 370 9,AYKLCZUU,Computers,19.99,18.412958464719846,-1.5770415352801521,1.5770415352801521,7.889152252527025,15,0.83759654,Charger for Lenovo Laptop Computer 65W 45W USB C P,19.32,0.9274226,"USB C Laptop Charger, 65W KSW KINGDO USB C Charger",25.99,0.9140173,45W USB-C Laptop Charger for Lenovo Yoga C940 C740,16.74,0.89301425
B000JIP1YI,New Seagate ST3300655LC 300GB SCSI U320 15K Rpm Rotational Speed 80pin 16MB Hard Drive,Seagate,Computers,129.0,120.43363741010796,-8.566362589892037,8.566362589892037,6.640591154955068,15,0.6982292,Seagate Cheetah 15K.5 146.8 GB 3.5 Inch SAS 15000 ,38.29,0.83836377,Seagate 2TB Enterprise Capacity 3.5-Inch HDD 128 M,115.24,0.72608024,Seagate Barracuda Pro Performance Internal Hard Dr,53.99,0.7153524
B01N78ISP0,"CableCreation Cat 6a Ethernet Cable 10Feet, Network LAN Patch Cable, High Speed 10Gbps Internet Cord",Unknown,Computers,10.99,15.931631791783914,4.941631791783914,4.941631791783914,44.96480247301105,15,0.8810919,"CableCreation Cat 6 Ethernet Cable 5 Pack 1ft, Int",13.99,0.90643454,InstallerParts Ethernet Cable CAT6 Cable UTP Non-B,13.27,0.8981637,"Cat6 Ethernet Cable, 75 ft - RJ45, LAN, UTP CAT 6,",18.99,0.89177847
B09TV4YPZQ,SanDisk 128GB Ultra (10 Pack) MicroSD Class 10 100MB/s Micro SDXC Memory Card for Smartphone SDSQUNR,SanDisk,Computers,135.0,31.36576384527063,-103.63423615472936,103.63423615472936,76.76610085535509,15,0.8361376,SanDisk Ultra SDSQUNS-016G-GN3MN 16GB 80MB/s UHS-I,7.36,0.8851224,Sandisk Ultra micro SDHC Micro SD UHS-1 TF Memory ,15.4,0.87909985,2 Pack - SanDisk Ultra 128GB Micro SD SDXC Memory ,29.47,0.8722343
B09JBZ38LR,Mignova for Samsung Glaxy Tab S8 2022 Case for Samsung Galaxy Tab S7 SM-T870 / T875 / T876 11 inch S,Generic,Computers,12.99,19.783803715987045,6.793803715987044,6.793803715987044,52.30025955340296,15,0.8288821,"BRAECN Galaxy Tab S8/S7 Case 2022/2020, Heavy Duty",27.59,0.88392407,"Meifei Samsung Galaxy Tab A7 Lite Case 2021, Tab A",13.99,0.84412825,BRAECNstock Samsung Galaxy Tab E 8.0 Case (SM-T375,21.98,0.8392707
B0C48TKV8W,"FLYINGTECH Tablets 7 inch Android Tablet for Kids, 2GB RAM 32GB ROM Toddler Tablet, Dual Camera, WiF",FLYINGTECH,Computers,39.77,41.58193973883609,1.811939738836088,1.811939738836088,4.556046615127201,15,0.69979614,"Azpen 7"" Kids Tablet Android 10 OS Pre-Installed G",69.99,0.77489376,"BYYBUO Kids Tablet, 10.1 inch Android 12 Tablet fo",59.95,0.75172096,Kids Tablet 7 inch Tablet for Kids Wifi Kids Table,49.98,0.71200716
B08BCTBD6Y,LG 32MN600P-B 31.5′′ Full HD 1920 x 1080 IPS Monitor with AMD FreeSync with Display Port and HDMI In,LG,Computers,196.99,244.2887044713412,47.29870447134118,47.29870447134118,24.010713473445954,15,0.7133225,"LG UltraGear FHD 27-Inch Gaming Monitor 27GN800-B,",286.99,0.7565951,LG 27QN600-B 27” QHD (2560 x 1440) IPS Display wit,246.99,0.7515769,HP 22f FHD Monitor - 21.5-inch Full HD 1080p IPS D,229.0,0.7441911
B08GLVBTLL,iPad Mini 5 4 3 2 1 Generation Printed Folio Cover A2133 MUQY2LL/A MUQW2LL/A MUQX2LL/A A1538 MK6K2LL,DuraSafe Cases,Computers,19.99,19.865477361832692,-0.12452263816730635,0.12452263816730635,0.6229246531631134,15,0.8492197,DuraSafe Cases iPad Mini 4 7.9 Inch 2015 [ Mini 4t,19.99,0.92497736,DuraSafe Cases for iPad Air 1/2 Gen & 5/6 Gen- 9.7,19.99,0.9085103,DuraSafe Case for iPad 9.7 Inch 5/6 Gen 2017/2018 ,19.99,0.89322513
B00VDWKZMW,Bgears Fan Filter 120mm 2 Pieces Pack,Bgears,Computers,5.99,26.555185991344413,20.565185991344414,20.565185991344414,343.32530870357954,15,0.5491278,"120 x 240mm PC Case Dust Mesh Filter, [2 Pack] Mag",6.39,0.6656443,"[4 Pack] 280x140mm PC Case Dust Mesh Filter, Magne",8.99,0.66357994,uxcell 2 Pcs Dustproof Dust Filter Guard Grill Cov,7.49,0.6286808
B09L6H6YZ3,"Tech Armor Magnetic Privacy Film Screen Protector Designed for MacBook Pro Retina 14 Inch 2021, Easy",Tech Armor,Computers,44.95,21.197816814137216,-23.752183185862787,23.752183185862787,52.84134190403289,15,0.70726115,Magnetic Macbook pro 13 inch privacy screen Protec,27.99,0.7609547,Apple MacBook Compatible – Premium Black Privacy S,24.99,0.72497225,SightPro Magnetic Privacy Screen for MacBook Pro 1,29.99,0.7176126
B0BRZT8HDG,"USB C USB 3.0 Multi Card Reader with USB Hub,8 in 2 XD/SD/TF/CF/MS Card，Sony Memory Stick Pro Duo Ad",Yeemie,Computers,22.99,17.6808262994764,-5.309173700523598,5.309173700523598,23.093404525983463,15,0.7555744,"Card Reader USB 3.0 with USB-C Adapter, 7 in 1 Mem",18.47,0.85564196,"USB3.0 Card Reader, Cateck 6 in 1 Aluminum Card Re",17.99,0.8222882,SD Card Reader USB 3.0 7-in-1 Portable Memory Card,17.47,0.7973005
B079S5Q5BN,RAISING ELECTRONICS 6U Stand Open Rack Equipment fram for Server Networking and Data System Desktop ,RAISING ELECTRONICS,Computers,56.99,87.3416866986052,30.3516866986052,30.3516866986052,53.25791664959677,15,0.77601355,Raising Electronics 12U Desktop Under The Counter ,59.99,0.9278295,Raising Electronics 6U Wall Mount Open Frame 19 In,62.99,0.926799,RAISING ELECTRONICS 6U Wall Mount Open Frame 19inc,62.99,0.8785886
B08XZ3XHFZ,"Lamicall Adjustable Tablet Stand Holder - Heavy Duty Tablet Holder, Desktop Foldable Tablet Dock, Co",Lamicall,Computers,28.99,26.374434752419674,-2.6155652475803244,2.6155652475803244,9.022301647396773,15,0.8135138,Lamicall Adjustable Tablet Stand Holder - Foldable,19.99,0.968249,Lamicall Tablet Floor Stand - Gooseneck Swivel Tab,69.99,0.8626182,"Tablet Stand, Adjustable Heavy Duty Aluminum Stand",34.99,0.8214584
B09HW56PR4,"TM Desktop Computer Core i7, 16GB, 500GB SSD, 2 New 24in Monitors, Wireless Keyboard and Mouse WiFi,",Dell,Computers,749.0,289.8458876595649,-459.1541123404351,459.1541123404351,61.30228469164688,15,0.6980024,"Dell OptiPlex 9020 Small Form Computer Desktop PC,",189.98,0.7587727,"Dell OptiPlex Tower Desktop Computer PC, Intel Cor",395.72,0.7199881,"Dell Optiplex 990 Desktop Computer, Intel Core i5 ",138.97,0.71093273
B0BMYXSWDB,Mobile Edge Dig,Unknown,Computers,33.6,48.08354248034484,14.483542480344838,14.483542480344838,43.10578119150249,15,0.72933376,"Laptop Sleeve 13 inch, 14 Inch Laptop Case, Protec",11.99,0.7571995,Laptop Sleeve Case Bag 15.6 Inch Work Business Bri,21.99,0.74654526,"Mobile Edge 17.3 Inch Laptop, Mac Canvas Eco-Frien",64.36,0.7432782
B0BZCTNHZL,Lamicall Car Headrest Tablet Holder - [ Extension Arm] 2023 Adjustable Tablet Car Mount for Back Sea,Lamicall,Computers,18.99,29.577219165424026,10.587219165424028,10.587219165424028,55.751549054365604,15,0.7293075,AHK Car Headrest Mount Holder for Apple iPad Pro/A,29.99,0.85715073,INNOMAX Tablet Car Headrest Holder Backseat / Univ,16.99,0.78687453,"CTA Digital Adjustable Car Seat Mount for 7-12"" Ta",19.48,0.77676415
B07YK96Z4K,"USB C to HDMI Cable, Benfei USB Type-C to HDMI 10 Feet Cable [Thunderbolt 3 Compatible] for MacBook ",BENFEI,Computers,15.99,21.41121123736315,5.421211237363151,5.421211237363151,33.903760083571925,15,0.70179635,"QCEs USB C to HDMI Cable 6Ft, Type C to HDMI Adapt",14.99,0.80497044,"Amiroko USB C to HDMI Cable, USB 3.1 Type C (Thund",10.99,0.77055067,"CableCreation USB C to HDMI Cable 16FT, USB Type C",29.99,0.7556834
B00CYOP9QU,HP Power Supply 503376-001 240W Pro 6000 6005 6200 Elite 8000 8100 8200 SFF,HP,Computers,35.0,78.13421450561137,43.13421450561137,43.13421450561137,123.24061287317534,15,0.6558107,Hewlett-Packard 399771-021 1000watt Hotplug Redund,59.99,0.7547226,HP 441830-001 1200W Power Supply Dl580 G5-437572-B,104.99,0.72006404,HP 403781-001 DL380 G5 1000W Power Supply,49.95,0.70949423
B07KXZY3F3,"SanDisk 64GB Micro SDXC Extreme Pro Memory Card (Two Pack) Works with GoPro Hero 7 Black, Silver, He",SanDisk,Computers,32.43,44.77021783050197,12.34021783050197,12.34021783050197,38.05185886679608,15,0.7947388,SanDisk 128GB Micro SDXC Extreme Memory Card (Five,84.85,0.96390533,Kingston 128GB SDXC Micro Canvas Go! Plus Memory C,20.19,0.8798083,SanDisk 128GB Micro SDXC Extreme Pro Memory Card (,106.17,0.85511124
B01C9GVPTC,"Microsoft Surface Pro 4 (256 GB, 16 GB RAM, Intel Core i7e) (Renewed)",Microsoft,Computers,688.0,601.4542811644908,-86.5457188355092,86.5457188355092,12.579319598184476,15,0.7601404,"New Microsoft Surface Pro 7 – 12.3"" Touch-Screen -",900.0,0.8308754,"Microsoft Surface Pro 6 (Intel Core i7, 8GB RAM, 2",838.0,0.8156042,"Microsoft Surface Pro 4 (Intel Core M, 4GB RAM, 12",779.0,0.7946495
B07RWPBWBT,"SCREENARAMA New Screen Replacement for ASUS G752VL-DH71, FHD 1920x1080, IPS, Matte, LCD LED Display ",Unknown,Computers,123.0,70.79938500824656,-52.20061499175344,52.20061499175344,42.439524383539386,15,0.81253105,SCREENARAMA New Screen Replacement for ASUS G752VL,127.71,0.9729026,SCREENARAMA New Screen Replacement for ASUS ROG GL,68.9,0.90401816,"SCREENARAMA New Screen Replacement for ASUS X555Q,",65.64,0.8939807
B095K1XXYS,Samsung Cover with Keyboard for Galaxy Tab S7+ and Galaxy Tab S7 FE - Black,SAMSUNG,Computers,57.99,32.38806086872167,-25.601939131278336,25.601939131278336,44.14888624121113,15,0.77552605,Fintie Keyboard Case for Samsung Galaxy Tab A7 Lit,32.99,0.8323613,Galaxy Tab S8+/ S7 FE/ S7+ Keyboard Case 12.4 inch,35.98,0.8231453,Fintie Keyboard Case for Samsung Galaxy Tab S6 10.,38.99,0.7857474
B0BRJJKD65,Monoprice 105139 10ft Micro USB / Micro-B 2.0 A Male to 5pin Male 28/28AWG Cable compatible with Sam,Monoprice,Computers,6.48,8.123909470122014,1.6439094701220132,1.6439094701220132,25.368973304352053,15,0.7292413,"CableCreation USB to Micro USB Cable 4 FT, Braided",8.99,0.80975753,UCEC Right Angle USB 3.0 Cable - USB A Male to Mic,6.99,0.78690106,"GadKo™ Micro USB 2.0 Cable, Black, Type A Male/Mic",7.44,0.777447
B0C53Z2B1S,"LOVEVOOK Laptop Backpack for Women 15.6 inch,Cute Womens Travel Backpack Purse,Professional Laptop C",Unknown,Computers,39.99,37.77473209354224,-2.215267906457761,2.215267906457761,5.539554654808105,15,0.8979865,"LOVEVOOK Laptop Backpack for Women 15.6 inch,Cute ",39.99,0.98765707,"LOVEVOOK Laptop Backpack Purse for Women, Work Bus",39.98,0.93022394,"LOVEVOOK Laptop Backpack for Women, Water Resistan",39.99,0.9245348
B074D8TRVV,"10-Inch Laptop Shoulder Bag Sleeve Case with padded handle for 9.6” 9.7"" 10"" 10.1"" 10.5"" Ipad/Netboo",TAIDY,Computers,12.99,15.986079599472035,2.9960795994720346,2.9960795994720346,23.06450807907648,15,0.85142773,10-Inch Laptop Shoulder Sleeve Case and Tablet Bag,12.99,0.9069209,11.6-Inch to 12.5-Inch Neoprene Laptop Shoulder Me,13.99,0.8938687,11 11.6 12 12.5 13 inches Case Laptop/Chromebook/U,17.85,0.86262286
B00HWI56DE,Samsung 512GB PM851 50mm SATA III (6G) mSATA SSD Solid State Drive - MZMTE512HMHP,SAMSUNG,Computers,283.89,93.95509796485815,-189.93490203514182,189.93490203514182,66.90440030826792,15,0.72573185,Samsung MZ-NLN128C PM871b 128GB M.2 2280 SATA 6Gb/,29.99,0.8780966,Samsung MZ-75E500E 850 EVO 500GB 2.5 SATA3 Interna,219.75,0.81270564,Samsung 850 EVO 1TB 2.5-Inch SATA III Internal SSD,130.66,0.7552555
B07P7R7TYP,"CaseBuy Keyboard Cover for Dell Latitude 5480 5490 5491 7490 14 inch Laptop, Dell 3340 E3340 E5490 E",CaseBuy,Computers,7.39,8.789394715918727,1.399394715918727,1.399394715918727,18.93632903814245,15,0.73493737,CaseBuy Keyboard Cover Compatible with Dell Latitu,6.99,0.9028492,Keyboard Cover Design for Dell Latitude 5400 5401 ,6.49,0.833454,Keyboard Cover for Dell G15 5510 5515 5520 5521 55,5.79,0.77638584
B0BMQ1JJ7W,"Aoub Case for iPad Mini 4, Ultra Slim Lightweight Trifold Stand Smart Auto Sleep/Wake Cover, Soft TP",Aoub,Computers,15.99,13.408426067609758,-2.581573932390242,2.581573932390242,16.144927657224777,15,0.83160865,"Aoub Case for iPad 2/3/4 (Old Model), Ultra Slim L",13.99,0.9275675,"Aoub Case for iPad Mini 5 2019, Auto Sleep/Wake Sl",16.99,0.876183,"iPad Mini 1/ 2/ 3/ 4 Case, Uliking Slim Lightweigh",16.99,0.8412465
B083PTGB7G,"JETech Laptop Sleeve for 13.3-Inch MacBook Air/Pro, 14-Inch MacBook Pro 2021 M1, 13-13.6 Inch Notebo",JETech,Computers,15.99,21.14645276008962,5.1564527600896195,5.1564527600896195,32.24798474102326,15,0.8372089,Voova 13 13.3 14 Inch Laptop Sleeve Case Compatibl,16.99,0.8496426,"Laptop Bag, Laptop Case, Laptop Sleeve 14 inch, 20",19.98,0.8480314,Laptop Sleeve Case 13-14 Inch Waterproof Portable ,17.99,0.84717405
B003UIVN7I,320GB 2.5 Inchs SATA Hard Disk Drive for Toshiba Satellite L455-SP5011L L455-SP5011M L455-SP5014L L4,Unknown,Computers,27.99,41.07274329733386,13.08274329733386,13.08274329733386,46.74077633917063,15,0.7636994,Brand 500GB Hard Disk Drive/HDD for Toshiba Satell,33.99,0.86113256,"2TB 2.5"" Laptop Hard Drive for Toshiba Satellite P",71.99,0.8277774,Brand 320GB Hard Disk Drive/HDD for Acer Aspire 50,27.99,0.81500053
B0BHCQDBJZ,GIGABYTE X570S AERO G (AMD/ X570S/ Ryzen 5000/ ATX/PCIe 4.0/ SATA 20Gb/s/USB 3.2/ Motherboard),Gigabyte,Computers,323.6,371.95827769167647,48.35827769167645,48.35827769167645,14.943843538836973,15,0.7213474,ASUS Prime X670-P WiFi Socket AM5 (LGA 1718) Ryzen,269.99,0.77617276,AMD Ryzen 5 5600G 6-Core 12-Thread Unlocked Deskto,249.99,0.77299076,Gigabyte X570 Gaming X (AMD Ryzen 3000/X570/ATX/PC,129.99,0.75385106
B00EV2RK10,4GB RAM Memory Upgrade for HP Compaq ProLiant ML110 G7 PC3-10600E DDR3 1333MHz 2Rx8 ECC Unbuffered U,parts-quick,Computers,34.99,45.5835168871042,10.593516887104201,10.593516887104201,30.275841346396685,15,0.8001062,4GB PC3-10600E 240 pin DDR3 1333MHz Dual Rank x8 C,34.99,0.951873,2GB Memory for HP Workstation Z400 DDR3 PC3-10600E,9.99,0.86571586,2GB Memory Upgrade for Compaq Presario CQ50 Series,9.99,0.81445515
B00SKI6710,CableWholesale IDC 26 / DB25 Motherboard Parallel Port Connector Cable (WS25-0010F),CableWholesale,Computers,5.95,94.52675893993285,88.57675893993284,88.57675893993284,1488.685024200552,15,0.5144958,Intel DQ45CB Intel Q45 Socket 775 mATX Motherboard,75.49,0.54021263,Linksys SR224 24-Port 10/100 Rackmount Switch,299.99,0.5293401,OKGEAR CG 12 inch 4pin molex to Dual SATA 15pin Cr,5.92,0.522006
B09JVHD9TT,Dadanism All-New Kindle Fire HD 8 Tablet Case and Fire HD 8 Plus Cover(10th Generation 2020 Release),Dadanism,Computers,12.99,18.93949210775328,5.949492107753281,5.949492107753281,45.8005551020268,15,0.80455375,"UUcovers Fire HD 8 Case, Slim Folding Stand Auto W",28.99,0.83617383,Fintie Case for All-New Fire HD 8 and Fire HD 8 Pl,15.99,0.8352213,"Fire HD 8 Tablet Case (8th /7th /6th Generation, 2",22.99,0.8339906
B0BVGXK1GK,Timetec 32GB KIT(2x16GB) DDR4 3200MHz (or 2933MHz or 2666MHz) PC4-25600 CL22 1.2V Non-ECC Unbuffered,Timetec,Computers,62.99,59.068432927863775,-3.9215670721362272,3.9215670721362272,6.225697844318506,15,0.8135826,Timetec 32GB KIT(2x16GB) DDR4 2400MHz PC4-19200 No,52.99,0.88037884,Timetec Hynix IC 8GB DDR4 2666MHz PC4-21300 Unbuff,39.99,0.86384094,Timetec 4GB DDR3 / DDR3L 1333MHz PC3-10600 Non-ECC,9.99,0.8318211
B08NJXNPYC,"8pcs Phone Screen Repair Clamp with Protective Rubber Pad, Not Scratch on Screen, Adjustable Fasteni",Kannony Wind,Computers,21.99,26.81809073104629,4.8280907310462915,4.8280907310462915,21.95584688970574,15,0.59466755,2 Pcs Disassembly Heavy Duty Suction Cup Opening R,7.99,0.62529814,Otinlai iPad Stand iPad Holder Adjustable Height a,29.99,0.62009555,"Energsolo Tablet Stand Holder, 360° Rotating, Alum",34.99,0.6112391
B09164NQPS,luo Genuine German Cherry MX Switch 3-pin Mechanical Keyboard Speed Silver Mute red Blue Pink Switch,Luo,Computers,55.99,24.495155064616377,-31.494844935383625,31.494844935383625,56.25083932020652,15,0.69763947,Genuine SMD RGB Cherry MX Switch 3-pin Mechanical ,45.99,0.8611313,luo Cherry MX RGB Switch Mute Pink Switch Mute Gra,13.99,0.85377383,Gateron MX Switch 3 pin Transparent Case Black Red,16.99,0.7583387
B07T5YZ6TJ,"MightySkins Skin Compatible with Google Pixelbook - Constellations | Protective, Durable, and Unique",MIGHTY SKINS,Computers,14.59,17.26242013030922,2.67242013030922,2.67242013030922,18.3167932166499,15,0.7518011,MightySkins Skin Compatible with Google Pixelbook ,17.27,0.93615705,MightySkins Skin Compatible with Microsoft Surface,19.06,0.81407404,MightySkins Skin Compatible with Lifeproof iPhone ,6.99,0.7905578
B005DELEUS,Power4Laptops Version 1 (Please Check The Picture) Replacement Laptop Fan Compatible with HP G71-340,Power4Laptops,Computers,9.99,28.61716325251467,18.62716325251467,18.62716325251467,186.45809061576247,15,0.6941467,Power4Laptops Version 2 (Please Check The Picture),37.99,0.8675487,Power4Laptops Replacement Laptop Fan Compatible wi,36.99,0.86754376,Power4Laptops Replacement Laptop Fan Compatible wi,39.99,0.76788205
B07CKJNBSW,"HP Envy 13-inch Laptop with Amazon Alexa, Intel Core i7-8550U Processor, 8 GB RAM, 256 GB Solid-Stat",HP,Computers,785.27,587.6037142542688,-197.66628574573122,197.66628574573122,25.17176076327011,15,0.7832548,"HP Newest Envy X360 2-in-1 Flip Laptop, 15.6"" Full",755.99,0.80817163,"HP Pavilion 23.8"" Touch-Screen All-in-One Desktop ",549.0,0.7997313,HP Envy x360 Flagship High Performance 2-in-1 Conv,899.99,0.7993634
B074VZP94Z,"iPad Air 2 / Air 1 Screen Protector Tempered Glass [Anti-Glare Matte], SuperGuardZ, Anti-Fingerprint",SuperGuardZ,Computers,10.49,10.412808373992656,-0.07719162600734464,0.07719162600734464,0.7358591611758306,15,0.8360165,SuperGuardZ [2-Pack] iPad 9.7 (2018) / iPad 9.7 (2,13.99,0.96390647,for iPad Pro 11 (2018) Screen Protector Tempered G,10.99,0.9588968,"for iPad 10.9 inch (10th Gen, 2022) Tempered Glass",16.99,0.8894382
B00AUF86BK,"HQRP AC Power Adapter Kit Compatible with Nikon D500, D600, D610, D750, D800, D800E, D810, D7000, D7",HQRP,Computers,34.95,13.466478693283468,-21.483521306716533,21.483521306716533,61.46930273738636,15,0.51602197,HQRP AC Power Adapter Compatible with Sony HandyCa,8.91,0.6285516,"Eeejumpe UC-E4 USB Cable for Nikon D40, D50, D70, ",6.92,0.5815759,HQRP AC Adapter Charger Compatible with Eken W70 W,8.91,0.56430936
B07VBHN5BT,"230W AC Charger Fit for MSI GT75 GT76 GT75VR GT73VR GT63 GT62VR GT83 GT83VR WT75 WT73VR,Trident 3 8R",Superer,Computers,79.88,39.0144114653103,-40.86558853468969,40.86558853468969,51.15872375399311,15,0.6682131,UL Listed Superer AC Charger Fit for LG Gram 13.3 ,20.99,0.7318643,240W Alienware Laptop Charger for Dell Alienware L,40.99,0.70324767,AC Adapter for HP 17-bs011dx 17-bs019dx 17-bs049dx,12.99,0.68990546
B001FTED4Y,"Bx80569q9650 - Core2 Quad Q9650,3ghz, 1333mhz Fsb, 12m",Unknown,Computers,49.95,70.97525101468122,21.025251014681217,21.025251014681217,42.092594623986415,15,0.7560342,AMD Athlon II X2 Dual-core 240 2.8GHz Processor (B,24.95,0.79259264,AMD Athlon 64 3800+ Processor- 2.4GHz 512KB CPU ad,24.49,0.78688073,AMD Athlon 64 X2 Ad04000iaa5dd 2.1 GHZ,48.86,0.7845705
B00T8PWZJM,iTEKIRO AC Adapter for Dynabook Portege A30-D A30-D1300ED A30-E A30-E1322 A30t-C1300ED; Tecra A40-D ,ITEKIRO,Computers,18.99,20.95768295802049,1.967682958020493,1.967682958020493,10.361679610429137,15,0.69980913,iTEKIRO 150W AC Adapter for CyberpowerPC Tracer II,54.99,0.753906,Nicpower AC Charger Fit for Toshiba Satellite Radi,17.99,0.7161695,iTEKIRO 20V 65W AC Adapter Charger for Lenovo Idea,15.49,0.7082572
B0773LDTX7,Delippo 240W 19.5V 12.3A Alienware Replacement AC Adapter Charger PA-9E for Dell Alienware ADP-240AB,Delippo,Computers,69.99,28.81289848351677,-41.177101516483226,41.177101516483226,58.832835428608696,15,0.75981194,Delippo® Extra 10.2Ft 120W 19V 6.32A Laptop AC Ada,36.99,0.8343886,Delippo 120W 18.5V 6.5A Laptop AC Adapter Charger ,36.99,0.832316,240W 19.5V 12.3A Adapter Laptop Charger PA-9E for ,37.79,0.80951935
B0713Z58NJ,"BoxWave Charger Compatible with Panasonic Lumix DC-FZ80 (Charger by BoxWave) - Wall Charger Direct, ",BoxWave Corporation,Computers,15.95,12.548801199217122,-3.4011988007828773,3.4011988007828773,21.32413041243183,15,0.5067992,MaxLLTo™ USB Data Sync Cable Cord Lead for Panason,8.99,0.5575634,JYDMIX 3ft/0.9m 3 Pack USB A to USB C Nylon Braide,6.99,0.52855814,ReadyWired USB Data Cable Cord for Panasonic Lumix,8.99,0.5279346
B09LCZQTNR,"kenke Case for iPad 9th/8th/7th Generation 10.2 inch, Slim Lightweight Trifold Stand Smart Case with",KENKE,Computers,14.99,16.47244847084305,1.4824484708430514,1.4824484708430514,9.889582860860918,15,0.8631531,kenke Case for iPad 9th/8th/7th Generation 10.2 in,12.99,0.95424503,"kenke Case for iPad 6th/5th Generation 9.7 inch,Li",10.99,0.89374495,Akkerds Case Compatible with iPad 10.2 Inch 2021/2,16.99,0.88722444
B07DL5L2RK,Shuttle XPC Slim DS10U Mini Fanless Barebone PC Intel Celeron 4205U Embedded No Ram No HDD/SSD No OS,Shuttle,Computers,361.09,567.2087610868037,206.11876108680377,206.11876108680377,57.08237865540552,15,0.6925957,"KINGDEL Powerful Mini PC, Fanless Industrial PC, I",341.1,0.7213058,"KINGDEL Fanless Mini Desktop Computer, Mini PC wit",325.0,0.717981,MINISFORUM N40 Mini PC UHD 4K@60Hz Celeron N4020(u,129.9,0.70618176
B07TZD87LW,"mCover Case Compatible for 2019-2021 13.3"" Dell Latitude 3300 3310 Series Laptop Computer ONLY (NOT ",MCover,Computers,19.99,23.331190746434075,3.3411907464340764,3.3411907464340764,16.71431088761419,15,0.82056683,"mCover Case Compatible for 2021-2022 15.6"" Dell In",23.99,0.88842773,"mCover Case Compatible for 2019-2021 14"" Dell Insp",17.99,0.88375235,"mCover Case Compatible for 2021-2022 15.6"" Dell In",23.99,0.8587244
B085JSMF82,"mCover Hard Shell Case for Late-2019 14"" Lenovo S340 Series Chromebook Laptop (NOT Fitting Older 14""",mCover,Computers,21.99,20.60746796088043,-1.3825320391195675,1.3825320391195675,6.287094311594213,15,0.78997546,"mCover Hard Shell Case for 2019 14"" Lenovo 14e Ser",19.99,0.88021183,"mCover iPearl Hard Shell Case for 2017 11.6"" Lenov",19.99,0.87145346,"mCover Case Compatible for 2020~2021 11.6"" Lenovo ",21.99,0.81719947
B004EENU78,INTEL Xeon® Processor E5430 2.66GHz 1333MHz 12MB LGA771 SLANU,Intel,Computers,9.99,50.924391732892495,40.93439173289249,40.93439173289249,409.75367099992485,15,0.8012599,Intel Xeon Processor E5-2660 v2 (25M Cache 2.20Ghz,22.07,0.86093146,Intel - Xeon 3.16GHz/12M/1333 LGA771 (X5460) Quad ,89.78,0.8554074,Intel Core 2 Duo E8600 3.33GHz Desktop Processor,29.88,0.8297856
B08944YFY3,Design Skinz Tropical Summer Pineapple v1 | Protective Vinyl Decal Wrap Skin Cover Compatible with T,Design Skinz,Computers,9.95,19.71478055934994,9.76478055934994,9.76478055934994,98.13849808391902,15,0.615694,MightySkins Skin Compatible with Samsung Chromeboo,19.99,0.6739525,"Galaxy Note 8 Metal Case, Heavy Duty Military Grad",39.98,0.6372183,MoKo Case Fits Samsung Galaxy Tab A8 10.5 Inch 202,9.95,0.6366682
B09JRMLGJK,"AITRIP 3PCS Voltage Amplifier Module, 3-12V DC High Precision Low Offset AD620 Microvolt mV Voltage ",AITRIP,Computers,11.99,66.02862332946532,54.03862332946532,54.03862332946532,450.6974422807783,15,0.43394616,Ximimark 1Pcs NE5532 PCB Sound Magnifier Board Pre,7.89,0.5842781,Waveshare Laser Receiver Module Laser Sensor Modul,14.99,0.47349018,Syba Sonic 24bit 96KHz USB DAC Stereo Headphone Am,36.71,0.46515143
B09F31W729,"PixelRo 2-Pack Paperfeel Screen Protector for iPad, Compatible with Apple Pencil, Drawing, Writing, ",PixelRo,Computers,15.0,21.363391753057407,6.363391753057407,6.363391753057407,42.422611687049375,15,0.7056655,Ailun Paper Textured Screen Protector for iPad Pro,9.98,0.7864805,Ambison [2 Pack Matte Glass Screen Protector Compa,15.99,0.78023624,KAN [2 Pack Paper Textured Screen Protector for iP,14.99,0.776713
B06XBGTYKW,Kingston 8GB DDR4 SDRAM Memory Module,Kingston Technology,Computers,27.0,66.70242821887256,39.702428218872555,39.702428218872555,147.0460304402687,15,0.7946329,CMS 8GB (1X8GB) DDR4 17000 2133MHz Non ECC SODIMM ,27.0,0.8398322,A-Tech 16GB DDR4 2400 MHz UDIMM PC4-19200 (PC4-240,49.71,0.81372744,A-Tech 8GB (2x4GB) DDR4 2666 MHz UDIMM PC4-21300 (,21.17,0.80878454
B07GND5HFJ,"Casii New iPad 7.9 inch Mini 1/2 /3/4 Case, Slim Lightweight Premium PU Leather Smart Shell Folio St",Casii,Computers,12.59,13.681787833964536,1.0917878339645366,1.0917878339645366,8.671865241974078,15,0.82666975,Dteck iPad Mini 5 Case/iPad Mini 4 Case/iPad Mini ,12.99,0.8439685,"Thankscase Case Compatible with iPad Mini 4, Rotat",10.99,0.84358746,iPad 7.9 Cover Powertion iPad Mini 5 Case 2019 5th,9.99,0.83833265
B08F2ZKCVG,KOOTION 64GB Micro SD Card 2 Pack Ultra Micro SDXC Memory U1 Card Class 10 Micro SD Cards 64GB High ,KOOTION,Computers,14.97,19.31493405008418,4.344934050084179,4.344934050084179,29.02427555166452,15,0.7791905,Micro Center 64GB Class 10 MicroSDXC Flash Memory ,7.99,0.8368721,64GB Class 10 Micro SDXC Flash Memory Card for Mob,7.56,0.8069959,Sandisk Micro SDXC Ultra Memory Card MicroSD TF Fl,11.1,0.7978364
B007HAXD14,"2GB kit (1GBx2) Upgrade for a HP - Compaq Pavilion dv9000 Series System (DDR2 PC2-5300, Non-ECC, )",Crucial,Computers,28.99,29.1324446199009,0.1424446199009033,0.1424446199009033,0.491357778202495,15,0.717693,4GB kit (2GBx2) Upgrade for a Dell OptiPlex 740 Se,52.99,0.8926205,8GB Kit (4GBx2) Upgrade for a Apple MacBook Pro 2.,63.5,0.8259433,Crucial 4GB kit (2GB x 2) DDR2 800MHz (PC2-6400) C,29.99,0.79305017
B084P82HRY,"ARCTIC Freezer 7 X - Compact Multi-Compatible CPU Cooler, 100 mm PWM Fan, Compatible with Intel & AM",ARCTIC,Computers,24.94,51.36963465257695,26.429634652576947,26.429634652576947,105.97287350672393,15,0.68639815,ARCTIC Alpine AM4 - Compact CPU Cooler for AMD Soc,10.38,0.7885271,"Noctua NH-L12S, Premium Low Profile CPU Cooler wit",59.95,0.71792054,Bewinner Water Cooling Kit for PC 240mm Heat Sink ,122.21,0.7115693
B07YDJGTW7,ZOTAC Gaming GeForce RTX 2080 Ti Twin Fan 11GB GDDR6 352-bit Spectra RGB LED/Metal Backplate Graphic,ZOTAC,Computers,499.99,441.40500929048034,-58.58499070951967,58.58499070951967,11.717232486553666,15,0.7461252,"ZOTAC GeForce GTX 1080 AMP! Edition, ZT-P10800C-10",249.99,0.84850025,Zotac VCX ZT-P10810C-10P GTX 1080 AMP Ti Extreme 1,499.0,0.7974478,Gigabyte GeForce RTX 3070 Gaming OC 8G Graphics Ca,626.83,0.76340485
B09YM8YT6B,"50pcs 4GB Custom USB Flash Drive with Personalized Logo for Promotion, Customized USB Thumb Drive, B",Vellgo,Computers,164.0,60.55586069569587,-103.44413930430413,103.44413930430413,63.07569469774642,15,0.70045197,Custom Logo/Text 4GB Credit Card Style USB Flash D,5.5,0.83149385,Possibox Custom Swivel USB Flash Drive 8GB Promoti,239.98,0.79212815,Custom Private Logo USB Flash Drives 128MB 25PCS W,95.8,0.75829315
B09WV9BQX2,"4""-12.9"" Tablet Phone Mount for Tripod, Universal Tripod Mount Adapter for Cell Phone Pad Kindle, Ta",Gahenwo,Computers,12.99,27.364700200161693,14.374700200161692,14.374700200161692,110.65973980109078,15,0.6763732,"SAMHOUSING Ipad Tripod Stand, with 65 inch Height ",17.99,0.79289687,"Tablet Stand for Bed,360 Degree Rotating Bed Table",18.54,0.7100755,"elitehood Tablet Floor Tripod Stand, Stronger Goos",37.99,0.69386727
B09JZS2WJD,NETGEAR (GS110TPv3) 8-Port Gigabit PoE+ Ethernet Smart Managed Pro Switch with 2 SFP Ports and Cloud,NETGEAR,Computers,209.99,208.60521089193614,-1.3847891080638703,1.3847891080638703,0.659454787401243,15,0.7168593,NETGEAR 24-Port Gigabit Ethernet Smart Managed Pro,419.99,0.85929346,NETGEAR 8-Port Gigabit Ethernet Smart Switch (GS10,75.49,0.8119606,"PoE Switch, 8 Port PoE Switch for IP Cameras with ",59.99,0.73122805
B09Q85RSP4,"HP Chromebook 11 X360 G3 (2023) 11.6"" HD 2-in-1 Touchscreen (8-Core MediaTek MT8183, 8GB RAM, 64GB e",HP,Computers,269.98,229.3431025396991,-40.63689746030093,40.63689746030093,15.051817712534604,15,0.71543807,"Lenovo 2022 IdeaPad Flex 3 11.6"" HD 2-in-1 Touchsc",229.98,0.8544163,"HP Chromebook 11a Laptop, MediaTek MT8183, 4 GB RA",147.0,0.72308326,"HP Chromebook 11 Touchscreen, 4GB RAM, 16GB eMMC w",199.99,0.7224721
B01LLR1TKK,SilverStone Black Sleeved PSU Cable for Three 4-Pin Molex & One 4-Pin Floppy adapter PP06B-3PER10F,SilverStone Technology,Computers,17.99,78.68611141978451,60.696111419784515,60.696111419784515,337.38805680814073,15,0.63857967,SilverStone Technology SFX to ATX Power Supply Ada,12.92,0.72631544,SilverStone Technology SST-ET750-B Watt 80 Plus Br,98.97,0.6979467,Silverstone Tek 80 Plus Bronze Certified Active PF,74.74,0.6903707
B08CDSMMN3,"Beennex MPR121 Touch Keyboard, High Sensitive Capacitive Touch Keypad with 12 Buttons",Beennex,Computers,7.19,59.35094210636977,52.160942106369774,52.160942106369774,725.4651196991623,15,0.5233109,"Fujitsu Realforce R2 Keyboard (Tenkeyless, Black, ",257.24,0.57188153,ONECAP Keycap Double Shot Thick PBT Keycaps MX Swi,22.9,0.55681413,"BOYI TD21 Hot Swappable Numpad,21 Keys Mini Numpad",45.99,0.5425403
B0BZL2T96K,CLARKCAS All-New Kindle 2019 10th Generation (Model:J9G29R) Glitter Case [NOT for Kindle Paperwhite],CLARKCAS,Computers,19.99,19.40802764395428,-0.5819723560457177,0.5819723560457177,2.911317438948063,15,0.76699257,Case for Kindle Fire HD 10 Tablet (5th/7th/9th Gen,21.99,0.8035281,"Fintie Origami Case for 6"" Kindle Paperwhite 2012-",19.99,0.79934955,[Marble Series] Case for Kindle Fire HD 10 Tablet ,26.99,0.7887533
B087TMH8PL,Se7enline compatible with MacBook New Air 13 inch 2023 2022 2021 2020 2019 2018 Keyboard Cover Prote,Se7enline,Computers,7.99,17.169195081286457,9.179195081286457,9.179195081286457,114.88354294476166,15,0.83220893,Se7enline Compatible with MacBook New Air 13 inch ,16.99,0.8730038,MOSISO Keyboard Cover Compatible with MacBook Air ,8.49,0.8560256,MOSISO Keyboard Cover Compatible with MacBook Air ,7.99,0.8483281
B07Z88TVGS,GamePi43 Accessories Kit for Raspberry Pi 4B/3B+/3B/2B/B+ Portable Retro Video Handheld Game Console,waveshare,Computers,82.99,189.13381175754625,106.14381175754626,106.14381175754626,127.89952013199937,15,0.5724935,"waveshare 2.7inch e-Paper Module, 264x176 Resoluti",21.25,0.6093968,Raspberry Pi 4 Model B 2019 Quad Core 64 Bit WiFi ,98.0,0.6054587,waveshare 2.7inch E-Ink Display HAT Compatible wit,25.99,0.60182595
B08QF8YP4P,Cute Kawaii Cartoon Chubby Rabbit Stickers -100PCS Sticker Decals for Kids Girl DIY Stationery Guita,DIYpainter,Computers,7.99,7.954140342822729,-0.03585965717727113,0.03585965717727113,0.4488067231197889,15,0.8021988,"Blue Aesthetic Stickers,150pcs, Funny Cute Sticker",8.99,0.8234945,Mean Girl Sticker Pack 50 Pcs US Funny Movie Creat,5.99,0.8190782,"Green Plant Stickers, 100 Pcs Cactus Stickers Viny",7.99,0.8093177
B00QWPETU4,"Cat5e 200-Foot Snagless/Molded Boot Ethernet Patch Cable, White, 3-Pack (CNE54077)",C&E,Computers,137.61,24.321053090315644,-113.28894690968437,113.28894690968437,82.32610050845459,15,0.84031457,"Cat5e 3 Feet, Ethernet Patch Cable, Snagless/Molde",22.95,0.9897768,"CAT5E 350MHz 5-Feet UTP Cable with Molded Boot, Gr",5.22,0.9632318,"Cat6a 100-Foot Green Ethernet Patch Cable, Snagles",39.66,0.95026463
B0C1SJVWTY,"Vansuny 128GB USB C Flash Drive, Dual 2-in-1 OTG Type C 3.0 Metal Rugged Swivel Thumb Drive Memory S",Vansuny,Computers,13.99,19.71463131844747,5.72463131844747,5.72463131844747,40.91945188311272,15,0.7930718,"128GB USB C Thumb Drive, KOOTION USB 3.0 Flash Dri",18.99,0.836735,TOPESEL 128GB OTG Flash Drive USB C Thumb Drive US,13.99,0.8242632,"RAOYI 32GB USB C Flash Drive, 2 in 1 USB 3.0 Type ",8.99,0.81255287
B07M8FX6RT,Laptop Charger 65W watt USB Type C AC Adapter Replacement for Hp Chromebook 14 13 X360 Spectre x360 ,VUOHOEG,Computers,16.82,13.963627754032041,-2.8563722459679592,2.8563722459679592,16.98199908423281,15,0.8242137,65W 45W USB Type C Laptop Charger Replacement for ,15.99,0.87302446,45W Type C USB C Laptop Charger Replacement for HP,12.98,0.8712894,Universal 45W USB C Laptop Charger : Chromebook Ch,11.99,0.8500099
B00IP8FLQC,Intel 6200 Dell Intel 6200 IEEE 2.4GHZ-5GHZ 802.11n Wi-Fi Adapter – Half Size Mini PCI Express Card ,Unknown,Computers,19.99,96.15928606757751,76.16928606757752,76.16928606757752,381.03694881229376,15,0.59328055,Intel 6205 Anhmw 60y3253 Wireless Wifi Card for Le,29.99,0.7484777,Intel Wireless-AC Dual Band 3160 3160HMW Wireless ,29.68,0.68419963,WM3945ABG-MOW1 INTEL WM3945ABG-MOW1 INTEL WM3945AB,24.97,0.64357334
B09V1FT19S,"SanDisk 256GB Extreme microSDXC UHS-I Memory Card with Adapter - Up to 160MB/s, C10, U3, V30, 4K, A2",SanDisk,Computers,28.99,33.19640504033795,4.206405040337952,4.206405040337952,14.50984836266972,15,0.8033574,SanDisk 64GB Extreme microSDXC UHS-I Memory Card w,10.4,0.8318079,SanDisk Ultra 16GB Class 10 SDHC UHS-I Memory Card,7.9,0.821589,Micro Center 64GB Class 10 MicroSDXC Flash Memory ,7.99,0.82013303
B01M0FL4WF,"zdyCGTime DVI to VGA Cable Adapter - Black - F/M,DVI(24+5) to VGA(15pin) Cable Adapter - Black - F/M",zdyCGTime,Computers,6.99,11.649034107476016,4.659034107476016,4.659034107476016,66.65284846174558,15,0.6869499,A-technology DVI to VGA Cable 3Ft(1m) DVI 24+1 DVI,9.99,0.7493851,"CABLEDECONN Active DVI to VGA, 6FT DVI 24+1 DVI-D ",12.99,0.714153,TNP High Speed HDMI to DVI Adapter Cable (10 Feet),12.95,0.7106589
B07CM6KJMG,New for HP PROBOOK 430 G3 440 G3 446 G3 Keyboard NO Backlit with Frame US,Unknown,Computers,15.0,48.05294974354067,33.05294974354067,33.05294974354067,220.35299829027113,15,0.6929188,New Replacement Backlit Laptop Keyboard Compatible,39.99,0.8155983,New Backlit Laptop Keyboard Replacement for HP ZBO,58.99,0.7878676,New Replacement Keyboard Compatible with HP Eliteb,31.99,0.7593467
B01LX2RW5V,"AC Adapter Charger for Lenovo ThinkPad T460p Series, 20FWCTO1WW, By Galaxy Bang USA",Galaxy Bang,Computers,16.99,22.339854704345363,5.349854704345365,5.349854704345365,31.488256058536585,15,0.78194827,AC Adapter Charger for Lenovo Thinkpad E560 20EV00,16.99,0.9298404,"AC Adapter Charger for Fujitsu LIFEBOOK U745, T725",16.99,0.8249958,Laptop Ac Adapter Charger for Samsung NP550P5C-A01,19.99,0.8014345
B08P4VFDFR,BMOUO Kids Case for Samsung Galaxy Tab A7 10.4 inch 2022/2020 (SM-T500/T503/T505/T507) - with Built-,BMOUO,Computers,10.98,16.771174593852013,5.791174593852013,5.791174593852013,52.74293801322416,15,0.83571064,BMOUO for Samsung Galaxy Tab A 8.0 Case 2019 SM-T2,13.98,0.8773143,AVAWO Samsung Galaxy Tab A7 10.4 Kids Case 2022/20,16.99,0.8750105,LEDNICEKER Kids Case for Samsung Galaxy Tab A7 10.,9.98,0.87408
B08C2LBJ32,"All-New 8'' Tablet Case and 8'' Plus Tablet Case (Compatible with 10th Generation Tablets, 2020 Rele",DJ&RPPQ,Computers,9.99,17.986684403839693,7.9966844038396925,7.9966844038396925,80.04689092932625,15,0.69162273,"FIEWESEY Case for MatrixPad S8,Touch Y80 Case,Shoc",15.99,0.71075624,DICEKOO Kids Case for Samsung Galaxy Tab A8 10.5 i,13.99,0.705598,ZenRich Galaxy Tab S8 Plus / S7 Plus Case 2022/202,29.89,0.7023481
B07FTYHT4Q,"HP Elite X2 1012 G2 2-IN-1 Detachable Business Tablet Laptop - 12.3"" Gorilla Glass TouchScreen WQXGA",HP,Computers,404.99,637.3770522153701,232.3870522153701,232.3870522153701,57.380935878755054,15,0.82684064,"HP 2022 Newest Notebook Laptop, 15.6"" Full HD 1080",409.0,0.85084975,"HP Newest Envy X360 2-in-1 Flip Laptop, 15.6"" Full",755.99,0.8480991,HP Elitebook 820 G4 - 12.5in FHD Touchscreen Lapto,249.89,0.84446335
B07GX9H258,"Duttek Mini DisplayPort Cable, 90 Degree Left Angled Mini DisplayPort Male to Mini DisplayPort DP Fe",Duttek,Computers,6.76,17.475772179358188,10.715772179358188,10.715772179358188,158.51733993133413,15,0.7032184,"Moread Mini DisplayPort to DisplayPort Cable, 6 Fe",14.99,0.7999357,ICZI Mini DisplayPort to DisplayPort Cable 6 Feet ,8.99,0.757336,Cable Matters Mini DisplayPort to VGA Adapter (Min,10.99,0.7563827
B07HMD4V21,"2017 Apple MacBook Air with 1.8GHz Core i5 (8GB RAM, 256GB SSD, 13in, MQD42LL/A)- Silver (Renewed)",Apple,Computers,339.97,603.7304430389706,263.7604430389706,263.7604430389706,77.58344649203477,15,0.68052584,"Apple MacBook Pro with Retina, Touch Bar, Intel Co",644.23,0.7448398,Mid 2019 Apple MacBook Pro with 2.4GHz Intel Core ,564.0,0.7191656,Apple Laptop MacBook Air MD628LL/A Intel Core i5 1,224.0,0.7100551
B0BPCLLMV6,"OUCAXIA PSU 8 Pin to 4+4 Pin CPU Cable, Male to Male EPS Sleeved Cable for Seasonic Focus Prime ASUS",OUCAXIA,Computers,10.99,157.83778707683607,146.84778707683606,146.84778707683606,1336.1946048847685,15,0.6092302,SilverStone Technology SilverStone SX700-PT SFX 70,137.21,0.6557173,"CORSAIR AXi Series, AX860i, 860 Watt, 80+ Platinum",399.99,0.6369615,"CORSAIR AX Series, AX860, 860 Watt, 80+ Platinum C",248.02,0.63399005
B07YHZSZRM,Comimark 2Pcs Tlp281 4-Channel Opto-Isolator Ic Module for Expansion Board C4K2,Unknown,Computers,8.69,66.99535522870096,58.30535522870096,58.30535522870096,670.9477011357993,15,0.4744984,Luckkyme 10PCS 4 Channels IIC I2C Logic Level Conv,6.95,0.5154292,SETCTOP Xgecu TL866II Plus Upgraded Xgecu T48 Prog,79.98,0.507748,Anmbest 5PCS 4 Chanels High Speed Bi-Directional 3,8.49,0.49129778
B08XWRYPBV,"Cover for Fire HD 8 Tablet Previous Generation (6th/7th/8th Generation, 2016/2017/2018 Releases), UG",Unknown,Computers,19.99,19.987874693470925,-0.0021253065290736117,0.0021253065290736117,0.010631848569652887,15,0.8596839,UUcovers for Amazon 8 inch Kindle Fire HD 8 (2018/,20.99,0.89938384,"Fire HD 8 Tablet Case (8th /7th /6th Generation, 2",22.99,0.8847062,Fire HD 8 Case for Kindle Fire HD 8 Tablet & HD 8 ,18.99,0.8805727
B005HHSFLC,Logitech M315 Compact Wireless Optical Mouse - Silver,Logitech,Computers,24.99,31.542199304363184,6.552199304363185,6.552199304363185,26.219284931425314,15,0.7467198,Logitech Wireless Mouse M315 - Vivid Violet,12.99,0.9470433,Logitech Wireless Anywhere Mouse MX for PC and Mac,79.95,0.78539616,Logitech M305 Wireless Mouse - Pink,44.99,0.779784
B07DZX43FL,"Storite 6TB 5400~7200 RPM High Performance Storage 3.5"" SATA 3.0 Gb/s Internal Desktop Hard Drive fo",Storite,Computers,149.99,119.05038174810018,-30.93961825189983,30.93961825189983,20.6277873537568,15,0.7276553,200 GB 200GB 2.5 Inch Sata Laptop Internal Hard Dr,24.99,0.80057234,HGST Deskstar 3.5-Inch 4TB 7200 RPM SATA III 6Gbps,89.0,0.76194334,HGST/Hitachi (HUA723020ALA641) Ultrastar 7K3000 2T,49.99,0.7465272
B00LGN7Y3G,"EVERKI Studio Slim Business Professional 14.1-Inch/MacBook Pro 15 Laptop Backpack, Lightweight, Men ",Everki,Computers,111.51,35.37436748738387,-76.13563251261613,76.13563251261613,68.27695499292989,15,0.77723885,Shoulder Messenger Bag 15 inch Briefcase Laptop Ca,37.95,0.8017454,"KAUKKO Lightweight Outdoor Backpack, Travel Casual",39.99,0.79461265,"SANWA 15.6-inch Laptop Computer Briefcase, Water R",57.99,0.78776854
B01C5JZ3QY,"EVGA GeForce GTX 960 2GB SSC GAMING ACX 2.0+, Whisper Silent Cooling Graphics Card 02G-P4-2966-KR",EVGA,Computers,292.02,360.27092593103595,68.25092593103597,68.25092593103597,23.37200394871446,15,0.7845267,"EVGA GeForce GTX 750 1GB FTW ACX Cooling, GDDR5 12",248.86,0.87221384,"EVGA GeForce GTX 1650 Super SC Ultra Gaming, 4GB G",295.95,0.8252559,"EVGA GeForce GTX 1080 Founders Edition, 8GB GDDR5X",498.68,0.8054523
B007NN5LB0,"Sabrent USB 2.0 to Serial (9-Pin) DB-9 RS-232 Converter Cable, FTDI Chipset, Hexnuts 6 Feet (SBT-FTD",SABRENT,Computers,20.13,51.286776324832545,31.156776324832546,31.156776324832546,154.7778257567439,15,0.6523842,Valley Enterprises USB to RS232 Serial DB9 Cable A,31.99,0.7742348,SABRENT USB 2.0 to Serial (9 Pin) DB 9 RS 232 Conv,14.99,0.74972814,Cables4computer C4C-USB-2920 FTDI Chipset High Spe,12.8,0.7368612
B094Q3YB4W,"Vultic [Rotating] Case for Samsung Galaxy Tab A 10.1 2019 [T510/T515], 360 Degree Stand [Auto Sleep/",Vultic,Computers,11.95,14.640514191627695,2.6905141916276953,2.6905141916276953,22.514763109855192,15,0.8010972,Case for Samsung Galaxy Tab A 10.5 inch 2018 (SM-T,16.99,0.85286975,Case for Samsung Galaxy Tab A 8.0 inch 2019 (SM-T2,11.99,0.8221405,Thankscase Case for Samsung Galaxy Tab A7 10.4 202,7.99,0.8192539
B09CL1SKZV,AIRSPO Case for Beats Studio Buds Silicone Floral Printed Protective Beats Studio Buds Earbuds Headp,AIRSPO,Computers,11.99,12.123192246173817,0.13319224617381664,0.13319224617381664,1.1108611023671113,15,0.6570589,"Beats Studio Ear Buds 2021 Case ,Cover Shock-Absor",8.49,0.87220424,SopiGuard Skin for Powerbeats Pro Earbuds Sticker ,10.99,0.7138574,POCKT AirPods Pro Case Cover with Keychain Hard Sk,12.99,0.6916691
B01HO5P2NI,WD 4TB Blue-Black My Passport Ultra Metal Edition Portable External Hard Drive - USB 3.0 - WDBEZW004,Western Digital,Computers,197.21,158.5676312373422,-38.64236876265781,38.64236876265781,19.594528047592824,15,0.78505874,Western Digital 4TB Blue My Passport Portable Exte,199.99,0.8884502,WD 2TB My Passport Ultra Portable External Hard Dr,87.0,0.86816645,WD 2TB Red My Passport Portable External Hard Driv,73.99,0.8645992
B00Q5AGTFO,Canon PowerShot SX400 is Digital Camera Memory Card 16GB Secure Digital (SDHC) Flash Memory Card,Transcend,Computers,11.39,22.158522737847818,10.768522737847817,10.768522737847817,94.54365880463403,15,0.6739677,Canon PowerShot SX540 HS Digital Camera Memory Car,26.99,0.8382469,Canon PowerShot ELPH 170 IS Digital Camera Memory ,13.95,0.7924783,Canon PowerShot N Digital Camera Memory Card 32GB ,7.82,0.7070983
B09ZPCPGP4,XZC iPad Pro 12.9 Case 2022/2021/2020/2018 Heavy Duty Shockproof Cover for iPad Pro 12.9 Inch 6th Ge,XZC,Computers,29.99,40.243734766807144,10.253734766807145,10.253734766807145,34.190512726932795,15,0.8317546,UUcovers for Apple iPad Pro 12.9 inch 2022/2021/20,23.99,0.8580446,Fingic iPad Pro 11 Inch Case 2022/2021 / 2020/2018,19.99,0.8534107,TSQQST iPad Air 5th Generation Case 2022/ iPad Air,23.99,0.85229576
B00SKHD6JM,"RJ45 Ethernet Network Cable Strain Relief Boots, RJ45 Boot Cover Fits Cat5, Cat5e, Cat6 Ethernet LAN",CableWholesale,Computers,7.95,19.005048706209248,11.055048706209249,11.055048706209249,139.05721643030503,15,0.7708077,CableWholesale RJ45 Ethernet Network Cable Strain ,7.59,0.9848968,RilexAwhile 100 Pcs White Soft Plastic CAT5E CAT6 ,11.98,0.86143875,"Cmple 50-Pack RJ45 Strain Relief Boots, RJ45 Boots",7.49,0.85223067
B09WZQMQWD,"SGIN Wired Keyboard, Wired Computer Keyboard for Laptop and Desktop - an Easy to Use USB Keyboard Wi",SGIN,Computers,19.99,26.530040524599627,6.540040524599629,6.540040524599629,32.71656090344987,15,0.602928,Macally USB Wired Keyboard for Mac and Windows PC ,29.99,0.68831396,Macally 2.4G USB Wireless Keyboard for Laptop or C,19.99,0.6280719,Standard English US Black Wired USB Keyboard Simpl,25.07,0.6203449
B0BG4THQKP,Lenovo Basic Laptop Sleeve - 14 inch - Neoprene Material - Soft Fleece Lining - Zippered Top Opening,Lenovo,Computers,13.99,17.048316788700017,3.058316788700017,3.058316788700017,21.860734729807124,15,0.7805874,RUYIDAY 11 11.6 12 12.1 12.5 inch Laptop Carrying ,13.95,0.7996206,RUYIDAY 11 11.6 12 12.1 12.5 inch Laptop Carrying ,13.98,0.799087,13.3-Inch to 14-Inch Laptop Neoprene Sleeve Case w,11.98,0.7985855
B08J7RH9JH,"iSPECLE Clear Backpack, Large Clear Backpack with Laptop Compartment, Clear Bookbags with Reinforced",ISPECLE,Computers,21.99,39.05819695308982,17.06819695308982,17.06819695308982,77.61799432964904,15,0.7523725,Canvas Leather Backpack Vintage Backpack Rucksack ,29.99,0.77852917,LOVEVOOK Laptop Backpack for Women Fashion Busines,47.98,0.77003574,"LOVEVOOK Laptop Backpack for Women, 17-inch Large ",44.98,0.76169586
B00NGY3I10,Ruggard Neoprene Protective Pouch for Memory Cards (2 Pack),Unknown,Computers,19.48,19.36709079534977,-0.11290920465022936,0.11290920465022936,0.5796160402989187,15,0.60789007,Flash Drive Case USB Case Holder Storage Bag for U,5.59,0.66357994,Flash USB Thumb Drive Case with Top Carry Handle M,29.99,0.6440179,30 Pack SD MMC/SDHC PRO Duo Memory Card Plastic St,6.97,0.6369549
B0B6V72QG6,"2022 Newest HP Envy x360 2-in-1 15.6"" Touch-Screen Laptop - AMD Ryzen 5 5625U, 32GB RAM, 1TB SSD, Wi",HP,Computers,685.8,610.0355001698806,-75.76449983011935,75.76449983011935,11.047608607483136,15,0.78645766,"2022 HP ENVY x360 2-in-1 15.6"" FHD Touchscreen Lap",674.99,0.93305695,"Newest HP Pavilion x360 14"" FHD IPS Touchscreen Pr",739.99,0.84759253,"HP Newest Envy X360 2-in-1 Flip Laptop, 15.6"" Full",755.99,0.82061964
B0C6K889CK,PYS 27 Inch Privacy Screen for 16:9 Widescreen Computer Monitor - Easy Removable Screen Filter Shiel,Unknown,Computers,56.99,37.504353246541875,-19.485646753458127,19.485646753458127,34.191343662849846,15,0.76854825,Computer Privacy Screen Filter for 24 Inch Widescr,49.99,0.8327811,22 inch Computer Privacy Screen Filter - Suitable ,37.99,0.82461315,19.5 Inch Computer Privacy Screen Filter for 16:9 ,32.79,0.79504883
B00JFL5K0K,T-POWER 65W90W Charger for Lenovo IdeaCentre ThinkCentre C260 C350 C360 C460 C470 C560 510 520 M53-M,T POWER,Computers,18.99,30.703563597518148,11.71356359751815,11.71356359751815,61.68279935501923,15,0.78326744,Charger for Lenovo Laptop Computer 65W 45W USB C P,19.32,0.8323608,"USB C Laptop Charger, 65W KSW KINGDO USB C Charger",25.99,0.8160304,IBM Lenovo 65W Adapter 20V 3.25A For IBM Lenovo Th,15.54,0.8146311
B001QWTW32,Brand 320GB Hard Disk Drive/HDD for Toshiba Satellite A105-S2001 A105-S2091 A110-ST1111 A135-S2256 L,Unknown,Computers,27.99,39.37219898665891,11.38219898665891,11.38219898665891,40.66523396448343,15,0.7608851,Brand 500GB Hard Disk Drive/HDD for Toshiba Satell,33.99,0.9171387,"2TB 2.5"" Laptop Hard Drive for Toshiba Satellite P",71.99,0.8692956,"320GB 2.5"" Hard Drive for HP/Compaq G Notebook PC ",27.99,0.78836566
B09XVFBDCP,Samsung Galaxy Tab A8 10.5 2022 Slim Case with Adjustable Stand Cover with Auto Wake/Sleep Smart Cov,Charmlife,Computers,17.98,15.518694974739331,-2.4613050252606694,2.4613050252606694,13.689126948057115,15,0.8377424,Fintie Hybrid Slim Case for Samsung Galaxy Tab A8 ,17.99,0.85753584,Case for Samsung Galaxy Tab A 8.0 SM-T290/T295 (20,20.99,0.85263234,Rotating Case for Samsung Galaxy Tab A 8.0 2019 Wi,7.99,0.8481538
B00N2AXTIA,T-Power Charger for Sony 5V DC Portable Wireless Bluetooth Speaker SRS-XB21 SRS-XB31 XB20 XB10 SRSBT,T POWER,Computers,9.99,24.24032853381466,14.250328533814661,14.250328533814661,142.64593126941602,15,0.5823988,T-Power for 20V Sony Speaker RDPX50ip RDP-X50ip RD,20.99,0.6716474,T-Power (6.6 ft Long Cable) Compatible with Yamaha,13.99,0.6367314,USB Type C Charger Cable Cord for Sony WH-1000XM4 ,5.99,0.6350634
B07N2H4HCL,"T530 Case, Galaxy Tab 4 10.1 Case, Dteck PU Leather Folio Multi-Angle Adjustable Stand Auto Wake/Sle",Dteck,Computers,11.99,14.625414289311594,2.635414289311594,2.635414289311594,21.98010249634357,15,0.82459515,Dteck Galaxy Tab A 10.1 Case 2016 Model T580 T585 ,14.99,0.89906806,"Galaxy Tab 4 10.1 Case,T530 Case,Dteck PU Leather ",11.99,0.8942094,"Galaxy Tab 4 8.0 inch case,T330 case, Dteck(TM) Fo",11.99,0.86237717
B00ZB75LE2,16GB KIT (4 x 4GB) for Dell PowerEdge Series 1900 1950 1950 III 1955 2900 2900 III 2950 2950 III M60,A-Tech,Computers,70.81,67.13525868507261,-3.674741314927388,3.674741314927388,5.1895796002363905,15,0.82204753,4GB KIT (2 x 2GB) for Dell XPS Desktop Series 200 ,29.49,0.8530762,2GB KIT (2 x 1GB) for Dell Dell Dimension 1100 (DE,49.99,0.841803,4GB KIT (4 x 1GB) for Dell Dell Dimension 4600 460,99.99,0.8382801
B07STGVNXK,Skinit Decal Skin Compatible with OtterBox Defender iPad Mini 4 - Officially Licensed Disney Toy Sto,Skinit,Computers,14.99,26.220637947801695,11.230637947801695,11.230637947801695,74.92086689660904,15,0.61628544,Skinit Decal Tablet Skin Compatible with iPad Pro ,29.99,0.6705745,OtterBox DEFENDER SERIES Case for iPad Mini 4 (ONL,48.28,0.64687175,Zombie Princess Decal for iPad / iPad2 / the new i,16.0,0.6397944
B0739YC6F8,UpBright 12V AC/DC Adapter Compatible with Dell S2318HN S2318NX S2318Nc LED Monitor ZyXEL USG USG110,UPBRIGHT,Computers,11.99,18.452826676099264,6.462826676099263,6.462826676099263,53.90180714011063,15,0.7435308,UpBright New 12V AC/DC Adapter Compatible with Sha,12.99,0.82348704,UpBright 14V AC/DC Adapter Compatible with Samsung,12.99,0.79592115,UpBright 14V AC Adapter Compatible with Samsung Sy,14.99,0.790185
B0778KNGYF,19V 3.16A 60WAC Adapter Charger for Samsung RV515 NP-RV515 R519 NP-R519 Rv520 R580 R480 R530 Q430 Np,Fancy Buying,Computers,13.85,22.157042245762973,8.307042245762974,8.307042245762974,59.97864437373989,15,0.7471474,Ac Adapter Charger replacement for Samsung NP300V5,10.99,0.8697116,Laptop Ac Adapter Charger for Samsung NP550P5C-A01,19.99,0.7911562,"AC Adapter Charger for Samsung 7 Spin 2-in-1, NP73",15.99,0.77745944
B08D7899CD,"4 Channel I2C Electromagnetic Relay Module Compatible with Arduino, Raspberry and MCU 3.3V 5.0V iot ",IOT Electronic,Computers,24.99,119.99294409632022,95.00294409632022,95.00294409632022,380.1638419220497,15,0.47174227,Songhe 4 x 4 Matrix Array Membrane Switch Keypad K,7.99,0.52640766,Waveshare MCP23017 IO Expansion Board I2C Interfac,15.99,0.49156117,SETCTOP Xgecu TL866II Plus Upgraded Xgecu T48 Prog,79.98,0.4888019
B07KN18QTM,"Silver Retina LCD Screen Display Panel Assembly for MacBook Pro 13"" A1706 A1708 MLL42LL/A EMC2978 66",Unknown,Computers,202.95,179.19401828355817,-23.755981716441823,23.755981716441823,11.705337135472691,15,0.7185478,LCD Screen Display Full Assembly for Apple MacBook,184.95,0.8305437,GBOLE A1989 A2159 A2289 A2251 Screen Replacement f,192.88,0.7956039,FirstLCD Repair Part 661-05095 661-05096 fulltop S,199.98,0.7867913
B008IYWXYG,"HP G7 600GB 10K Dual Port 2.5"" SAS Drive with Tray",HP,Computers,70.0,111.43954049584764,41.43954049584764,41.43954049584764,59.19934356549662,15,0.7089198,HP 507284-001 300GB SAS 10K Dual Port Hot Pluggabl,70.0,0.869367,HP 581286-B21 581311-001 600GB 6Gb/s SAS Dual Port,29.0,0.8254441,"HP 718162-B21-1.2TB 2.5"" SAS 10K 6Gb/s SC Enterpri",63.0,0.7846274
B07XYHNHX2,Arch Memory Replacement for Dell SNPY7N41C/8G AA101752 8GB 288-Pin DDR4 2666 MHz UDIMM RAM for OptiP,Arch Memory,Computers,25.95,63.30761347450482,37.35761347450482,37.35761347450482,143.9599748535831,15,0.717453,Arch Memory Replacement for Dell SNPHYXPXC/8G A920,24.95,0.9194384,16GB SNPCRXJ6C/16G AA075845 260-Pin DDR4-2666 PC4-,45.95,0.7678891,Arch Memory 4GB 204-Pin DDR3 1066 MHz So-dimm RAM ,17.95,0.74003255
B09P8HZFF5,RAINYEAR 13.3 Inch Laptop Sleeve Soft PU Leather Case Water Resistant Padded Zipper Cover Protective,RAINYEAR make life easier,Computers,14.99,15.716909301152652,0.7269093011526522,0.7269093011526522,4.849294870931636,15,0.8362096,RAINYEAR 15.6 Inch Laptop Sleeve Protective Case S,13.99,0.9013378,RAINYEAR 14 Inch Laptop Sleeve Protective Case Sof,14.99,0.8912113,RAINYEAR 15.6 Inch Laptop Sleeve Diamond Foam Shoc,16.99,0.8884095
B0BW81DXJF,"Lenovo Ideapad Duet 3i 2 in 1 Tablet, 10.3 inch Touchscreen Display, Intel Celeron N4020, Windows 11",Lenovo,Computers,259.99,409.77991362046583,149.78991362046582,149.78991362046582,57.61372115099266,15,0.79743636,"Lenovo New 130S 11.6"" HD Laptop, Intel Celeron (2 ",394.0,0.8323385,"Lenovo Chromebook Flex 3 11.6"" HD Touchscreen 2-in",209.99,0.8259759,"Lenovo IdeaPad 1i 14"" Laptop Computer, Intel Celer",149.0,0.81630784
B07ZC1RR4N,"Compulocks iPad 10.2"" Space Enclosure Counter Stand or Wall Mount Black",Compulocks,Computers,61.65,26.439677350817092,-35.210322649182906,35.210322649182906,57.11325652746619,15,0.71020496,Maclocks 213EXENB Executive Enclosure Wall Mount f,85.78,0.83274686,Mount-It! Anti-Theft iPad 8 Wall Mount | Locking i,49.99,0.82662874,"iPad 9th/8th Generation Case, iPad 10.2 Case 2021/",18.99,0.7054435
B00UWSU5J6,"AC Adapter Charger for Dell Inspiron i5547-7450sLV, I7547-3020SLV; Dell Inspiron I7547-4020SLV, I754",Galaxy Bang,Computers,17.99,20.088377472543037,2.0983774725430386,2.0983774725430386,11.66413269896075,15,0.77976024,130W AC Charger Fit for Dell Inspiron 14 Plus 7420,44.99,0.8264286,AC Adapter Charger for Acer Aspire 5750-6414 5750-,17.99,0.80320555,Laptop Ac Adapter Charger for Samsung NP550P5C-A01,19.99,0.7968988
B08HHYQ7G6,Argon Poly+ Case with PWM controllable Fan and Heatsink for Raspberry Pi 4 | Removable Top,Argon Forty,Computers,11.99,39.89955276109659,27.909552761096585,27.909552761096585,232.7735843294127,15,0.5880044,"Akasa Pi-4 Pro, Pure Aluminum Raspberry Pi 4 Armor",27.99,0.65097916,Miuzei Raspberry Pi 4 B+ Case with Fan Cooling Pi ,15.99,0.6214862,ElectroCookie Multi-Functional Case for Raspberry ,13.99,0.6083439
B089M6RQNY,"CiSoo Cover for MacBook Pro 13 inch Case 2022 Release Model A2338 M2 M1 A2251 A2289, Matte Clear Har",CiSoo,Computers,25.99,21.034667286722026,-4.955332713277972,4.955332713277972,19.066305168441602,15,0.8558206,"Case Compatible with MacBook Pro 13 inch 2020, Mod",21.99,0.8903217,MAITTAO MacBook Pro 13 Inch Case 2020 (Touch Bar &,23.99,0.86634177,CISSOOK Floral Case Cover for MacBook Pro 13 Inch ,21.99,0.8660269
B00VNE1YKW,New US Layout Laptop Keyboard With Frame For HP Pavilion 15-n011nr 15-n013dx 15-n023cl 15-n024nr 15-,Partsdealstore,Computers,18.99,20.546645147422527,1.556645147422529,1.556645147422529,8.197183504068084,15,0.72904384,New Laptop Keyboard (Without Frame) Replacement fo,23.09,0.8047576,New US Black Backlit English Laptop Keyboard (With,28.59,0.7987107,New US Laptop Keyboard for Toshiba Satellite C55-A,19.99,0.794908
B0B2TXXH5D,"MOSISO Laptop Shoulder Bag Compatible with MacBook Air/Pro,13-13.3 inch Notebook,Compatible with Mac",MOSISO,Computers,20.99,20.963643055809044,-0.02635694419095458,0.02635694419095458,0.12556905283923098,15,0.9017182,MOSISO Laptop Shoulder Bag Compatible with MacBook,26.99,0.9530034,MOSISO Vertical Laptop Shoulder Bag Compatible wit,25.99,0.94019675,MOSISO Laptop Shoulder Bag Compatible with MacBook,25.99,0.93597436
B082CHS96R,"Macbook Pro 16 Screen Portector, Anti Blue Light Anti Glare Screen Filter for 2019 Macbook Pro 16 In",SKIONCE,Computers,14.59,19.73687406783924,5.146874067839239,5.146874067839239,35.27672424838409,15,0.7591488,14 inch MacBook Pro and MacBook Air Anti Glare and,19.39,0.8379041,Magnetic Anti Blue Light Laptop Screen Protector C,11.99,0.8343771,PYS Macbook Pro 14 inch Screen Protector，Anti Blue,15.25,0.8269327
B08SQ3VM91,"Samsung Galaxy Tab A8 10.5-inch Case 2022 with Tempered Glass Screen Protector, [Kids Proof] BASE MA",BASE MALL,Computers,29.99,18.54339436007,-11.446605639929999,11.446605639929999,38.16807482470823,15,0.81293327,BRAECN Samsung Galaxy Tab A8 10.5 Inch Case for Ki,24.99,0.8679249,Fintie Hybrid Slim Case for Samsung Galaxy Tab A8 ,17.99,0.829285,Case for Samsung Galaxy Tab A 8.0 SM-T290/T295 (20,20.99,0.8206114
B07ZQY9SVJ,"UUcovers Handbag Case for Samsung Galaxy Tab S8 11"" 2022/Tab S7 11 inch 2020 (SM-X700/X706/T870/T875",UUCOVERS,Computers,25.99,17.26196007445783,-8.72803992554217,8.72803992554217,33.5823005984693,15,0.80664426,APOLL Kids Case for Samsung Galaxy Tab S7 11 inch ,13.88,0.82032037,"UUcovers for 8"" Samsung Galaxy Tab A 8.0 2015 Case",15.99,0.81636626,UUcovers Case for Samsung Galaxy Tab S2 8.0 inch (,12.59,0.81577575
B0BZK3LXDN,"ASUS ProArt B660-Creator D4 LGA 1700(Intel 12th Gen)ATX content creator motherboard(PCIe 5.0,DDR4,2.",ASUS,Computers,210.99,236.51457726198353,25.524577261983524,25.524577261983524,12.097529390958586,15,0.77039033,ASUS Prime B560-PLUS LGA1200 (Intel 11th/10th Gen),74.99,0.8168961,ASUS ROG Strix Z690-F Gaming WiFi 6E LGA1700(Intel,239.99,0.8132865,ASUS TUF Gaming B660M-PLUS WiFi D4 LGA 1700(Intel ,195.99,0.7856417
B07DQ8N6XJ,"Monoprice Cat6A Ethernet Patch Cable - 5 Feet - Blue | Snagless RJ45, Stranded, 550Mhz, STP, Pure Ba",Monoprice,Computers,6.38,12.032832711001907,5.652832711001907,5.652832711001907,88.60239358937159,15,0.80604434,Monoprice 113303 ZerobootCat6 Ethernet Patch Cable,15.99,0.8474774,"CableWholesale Cat6 Ethernet Cable, 24AWG, RJ45 Go",16.17,0.83494806,DynaCable Heavy Duty Cat6 Ethernet Copper LAN Cabl,9.5,0.8119153
B015FXXSM8,Cryorig CP15 Performance Thermal Compound Kit 4 Grams - White,Cryorig,Computers,9.99,53.62126799022574,43.63126799022574,43.63126799022574,436.74942933158894,15,0.44806543,MoneyQiu HY-883-2g CPU Thermal Paste Kit-6.5 W/MK ,5.99,0.47642648,Wathai 36pcs 15x15x1.5mm High Performance Thermal ,7.99,0.47334546,GELID SOLUTIONS GP-Ultimate 120×20x 1.0mm Thermal ,9.99,0.46080822
B09XJJNCXZ,"HP Newest Notebook Laptop, 14"" HD Touchscreen, Intel Core i3-1115G4 Processor, Media Card Reader, HD",HP,Computers,449.0,720.004744521029,271.004744521029,271.004744521029,60.35740412495079,15,0.88888866,"HP 15.6"" Full HD Touchscreen Laptop, Intel Core i7",980.99,0.93437254,"HP 2022 Newest Notebook Laptop, 15.6"" Full HD 1080",409.0,0.93342257,"HP 17 Laptop, 17.3'' HD+ Touchscreen, Intel Core i",943.99,0.9110533
B095K3QS47,"YMXuan Liquid Silicone iPad Pro 11 Case 2021(3rd Gen) 2020(2nd Gen)/2018(1st Gen), Magnetic Detachab",YMXuan,Computers,12.99,20.534302521205582,7.544302521205582,7.544302521205582,58.077771525832034,15,0.7959247,"SUPFIVES iPad Pro 11 inch Case (2022/2021/2020), U",29.99,0.8206871,iMieet New iPad Pro 11 Inch Case 2022(4th Gen)/ 20,22.99,0.8054708,JETech Case for iPad Pro 12.9-Inch (2020/2018 Mode,16.99,0.8053311
B07PNJGTF9,ASUS Chromebook C403NA-YS02 14.0 inch Intel Celeron N3350 1.1GHz/ 4GB LPDDR4/ 32GB eMMC/ USB3.1/ Chr,ASUS,Computers,159.0,189.09119140433762,30.09119140433762,30.09119140433762,18.925277612790957,15,0.82057565,"ASUS Flip C213SA 11.6"" Touchscreen Chromebook, Int",95.0,0.8686627,ASUS Chromebook Flip C434TA-DSM4T 2-in-1 Laptop 14,129.0,0.8667712,"ASUS 2019 15.6"" Touchscreen Chromebook Intel Penti",258.0,0.85571355
B00KFNPNVS,1GB RAM Module DDR Memory Upgrade for HP Presario SR1135CL,SAMSUNG,Computers,25.0,32.29829805706721,7.298298057067207,7.298298057067207,29.193192228268828,15,0.7802789,New 8GB (2x4GB) DDR3-1333 PC3-10600 SODIMM Memory ,38.75,0.87648755,New! 2GB Desktop Memory DDR2 PC5300 667MHz for Del,10.55,0.86319286,4GB 2x2GB Dell OptiPlex 330 Desktop RAM Memory DDR,32.99,0.83544374
B00E7IPN0I,Logitech Wireless Mouse M325 (Celebration Black),Logitech,Computers,19.99,62.268689522552236,42.27868952255224,42.27868952255224,211.4991972113669,15,0.71686,Logitech M585 Multi-Device Wireless Mouse – Contro,28.82,0.75416195,Logitech M305 Gold Tendrils Wireless Mouse,99.99,0.7497541,Logitech M305 Wireless Mouse - Pink,44.99,0.7493861
B016L3OC4E,HP 512744-001_New 0,HP,Computers,112.45,155.81995125904572,43.36995125904572,43.36995125904572,38.568209212134924,15,0.74478346,"HP 718162-B21-1.2TB 2.5"" SAS 10K 6Gb/s SC Enterpri",63.0,0.8390194,HP 581286-B21 581311-001 600GB 6Gb/s SAS Dual Port,29.0,0.80562615,HP/COMPAQ 432320-001 146GB Hard Drive,47.51,0.79636526
B07J1RNXL8,"Funky Planet 13"" inch Laptop Sleeve Case Bag Compatible with Apple MacBook air pro Dell Lenovo Samsu",Funky Planet,Computers,9.99,15.794689305111396,5.8046893051113955,5.8046893051113955,58.104998049163115,15,0.8419867,"15"" 15.6"" inch Laptop Sleeve Case Bag Compatible w",15.99,0.9740305,Cosmos Neoprene Notebook Protective Sleeve Case La,13.97,0.8576508,AMARY14 15 15.4 15.6 inch Laptop Handle Bag Comput,20.89,0.84487647
B07SVK2MPK,"Dell OptiPlex 7010, Intel Quad Core i5 3.2GHz, 16GB RAM, 512GB SSD, DVD, New WiFi Adapter, Windows 1",Dell,Computers,130.57,192.82764574140356,62.257645741403564,62.257645741403564,47.6814319839194,15,0.8340712,"Dell Optiplex 790 Ultra Small Desktop PC, Intel Qu",118.54,0.93766814,Dell OptiPlex 7010 Ultra Small Space Saving PC Des,146.28,0.932196,Dell Optiplex 9020 Ultra Small PC Desktop Computer,214.01,0.89907867
B01JMG0SDG,Cisco Meraki MX64 Small Branch Security Appliance,Cisco,Computers,862.29,313.09295218791186,-549.1970478120882,549.1970478120882,63.69052729500378,15,0.4978076,Cisco ASA 5525-X - Security Appliance - with Firep,395.0,0.66456485,"MOGINSOK Firewall Appliance Mini PC, Intel Celeron",229.68,0.5413326,"Protectli Vault FW4B - 4 Port, Firewall Micro Appl",289.0,0.51516294
B085DGF6JF,K5XWW Laptop Battery Replacement for Dell Latitude E5289 2-in-1 7390 2-in-1 7389 2-in-1 Latitude 738,EFOHANA,Computers,40.67,33.6366466293414,-7.033353370658602,7.033353370658602,17.29371372180625,15,0.7266999,4GVMP H82T6 Laptop Battery for Dell Inspiron 7590 ,28.98,0.7739942,efohana C41N1531 Laptop Battery Replacement for RO,42.74,0.75651574,aowe LA04 728460-001 HSTNN-UB5M Replacement Laptop,20.99,0.7459658
B07BFMX8YG,AllEasy USB Sound Card Audio Adapter USB External Stereo Sound Adapter Headphone Microphone Adapter ,AllEasy,Computers,7.66,32.834615969153965,25.174615969153965,25.174615969153965,328.65033902289775,15,0.6338375,"External Sound Card with Volume Control, Multimedi",26.99,0.7076577,"USB to 3.5mm Headphone Jack Audio Adapter, Support",12.99,0.69317627,"USB to 3.5mm Jack Audio Adapter, APETOO External S",8.99,0.68005645
B09H2F1WYM,"Fintie Hybrid Folio Case for Lenovo Yoga Tab 13 2021, Shockproof Cover with Clear Transparent Back S",Fintie,Computers,23.99,17.045380101866648,-6.94461989813335,6.94461989813335,28.947977899680495,15,0.7582367,"CaseBot Case for Lenovo Tab M10 Plus 10.3"", Lightw",13.99,0.8190995,APOLL Smart Case for Lenovo Smart Tab M10 HD 2nd G,9.08,0.7840707,Epicgadget Case for Lenovo Smart Tab M10 TB-X505F/,8.82,0.78208816
B07CV46JFJ,"CableWholesale 1000 Foot Bulk Cat5e Plenum Rated (CMP) Ethernet Cable, 4 Pair Solid Bare Copper, UTP",CableWholesale,Computers,207.58,16.391275864995656,-191.18872413500435,191.18872413500435,92.1036343265268,15,0.81627357,"CableWholesale Cat5e Ethernet Cable, 24AWG, RJ45 G",11.33,0.8789708,InstallerParts Ethernet Cable CAT5E Cable Shielded,54.49,0.84453046,"CableWholesale Cat6 Ethernet Cable, 24AWG, RJ45 Go",16.17,0.842034
B089KVC54X,SAPPHIRE 11296-05-20G Radeon Pulse RX 5600 XT BE 6GB GDDR6 Dual HDMI / Dual DP OC w/ Backplate (UEFI,Sapphire Technology,Computers,400.0,219.73783628019345,-180.26216371980655,180.26216371980655,45.06554092995164,15,0.72495025,Sapphire Technology 11268-01-20G Radeon Pulse RX 5,127.82,0.86574805,Sapphire Radeon Nitro R9 380X 4GB DL-DVI-I/DL-DVI-,498.86,0.796097,GIGABYTE Video Card Graphics Cards GV-R545-1GI REV,128.86,0.7430828
B06XHHYRWJ,CTA Digital Laptop Security Station – CTA Secure Laptop Station with Slide-Lock Security Cable for P,CTA Digital,Computers,94.01,30.65600413925412,-63.35399586074588,63.35399586074588,67.39069871369628,15,0.59068197,COCODE Laptop Cable Lock Tablet Security Lock Anti,14.99,0.69602764,Targus DEFCON T-Lock Resettable Combo Cable Lock f,19.99,0.69594336,Maclocks EK1-AU50G Stainless Steel Security Laptop,14.95,0.66773576
B07XYGP8C3,Arch Memory Replacement for Dell SNP66GKYC/8G A6994446 8GB 240-Pin DDR3 1600 MHz UDIMM RAM for Optip,Arch Memory,Computers,24.95,58.62797270747282,33.67797270747282,33.67797270747282,134.98185453896923,15,0.7550524,Arch Memory Replacement for Dell SNPHYXPXC/8G A920,24.95,0.9041001,Arch Memory 4GB 204-Pin DDR3 1066 MHz So-dimm RAM ,17.95,0.79845583,16GB SNPCRXJ6C/16G AA075845 260-Pin DDR4-2666 PC4-,45.95,0.77153146
B00QK5E8IO,2 Port USB 2.0 Rear Panel Extension Internal Bracket Connector Cable Adapter PC Motherboard,JIUWU,Computers,14.89,9.129602527277449,-5.760397472722552,5.760397472722552,38.68634971606818,15,0.5904245,"Wpeng USB Extension Cable, Qaoquda 1ft 90 Degree R",7.97,0.6774314,TNP USB Extension Cable (15 Feet) - Type A Male to,6.95,0.61037374,Micro SATA Cables|Mini PCI-E Card to USB 2.0 Adapt,9.75,0.59814185
B0B4RNKXWS,"Touchpad Keyboard Case for iPad Pro 12.9 2020/2018, iPad Pro 12.9 Case with Keyboard, Trackpad Backl",CHESONA,Computers,59.98,57.72507378080447,-2.254926219195525,2.254926219195525,3.7594635198324857,15,0.8410508,"iPad Pro 12.9 inch 2022 Case with Keyboard, Keyboa",39.97,0.89015293,Keyboard Case for iPad Pro 12.9 2022 6th Gen/2021 ,39.99,0.8747879,Keyboard Case for New iPad Pro 12.9 2021 5th Gener,42.99,0.87037563
B0792NJ8QV,"PowerColor AMD Radeon RX 480,dram Gaming Station Graphic Cards THUNDERBOLT EGPU BOX",PowerColor,Computers,399.99,295.5506064835528,-104.43939351644718,104.43939351644718,26.110501141640334,15,0.7070752,PowerColor AMD Radeon HD6450 1GB DDR3 DVI/HDMI/VGA,138.68,0.7680643,PowerColor Red Devil AMD Radeon RX590 8GB GDDR5 AX,398.86,0.7678947,"SHOWKINGS Radeon RX 580 8GB Graphics Card, 256Bit ",109.98,0.7426268
B08MJJ2GWN,"AUTHENTREND ATKey.Hello USB, Windows Hello Fingerprint Reader for PC or Laptop, FIDO U2F Authenticat",Unknown,Computers,24.0,56.93250086274178,32.93250086274178,32.93250086274178,137.21875359475743,15,0.546194,Kensington FIDO U2F and FID02 USB-A Security Key a,69.99,0.73201543,OnlyKey Duo - The Best Protection for All of Your ,58.99,0.6444911,FEITIAN ePass K28 USB Security Key - Two Factor Au,20.0,0.61568105
B00BLPQ0B6,SANOXY Webcam 1080P HD Web Camera with Built-in HD Microphone 1920 x 1080p,SANOXY,Computers,29.99,56.36441805949922,26.374418059499224,26.374418059499224,87.94404154551259,15,0.7431548,YESPURE Web Camera Webcam 1080P with Built-in Dual,18.99,0.82690126,"Logitech HD Pro Webcam C920, Widescreen Video Call",64.49,0.82381046,Webcam with Microphone - QY 1080p Full HD USB Came,24.99,0.8227989
B0151R1NRU,UPSBatteryCenter APC RBC55 Compatible Replacement Battery Cartridge #55,UPS Battery Center,Computers,259.99,54.90322872198059,-205.08677127801943,205.08677127801943,78.88256135929052,15,0.51400155,SUA2200RMXL3U - UPSBatteryCenter Compatible Replac,299.99,0.68285537,Fancy Buying New PA5109U-1BRS Battery for Toshiba ,19.88,0.5547399,United Power Replacement HS03 HS04 Battery for HP ,54.0,0.51648015
B09TQWKDLB,Official Cooper Dynamo for iPad Pro 11 inch Case for Kids 4th/3rd/2nd/1st Generation 2022/2021/2020/,Cooper Cases,Computers,21.95,24.153234363911587,2.2032343639115872,2.2032343639115872,10.037514186385362,15,0.75620073,Pure Sense Buddy Antimicrobial Kids iPad Pro 11-in,14.95,0.78779227,"Kids Case for iPad Pro 12.9 inch 2022/2021/2020, E",25.99,0.77953726,"SUPFIVES iPad Pro 11 inch Case (2022/2021/2020), U",29.99,0.7721771
B096P65L9N,SOATUTO Tempered Glass Screen Protector For Walmart Onn 10.1 Pro Tablet 2020 Onn 10.1 Pro Screen Pro,SOATUTO,Computers,8.99,11.985109919277557,2.9951099192775565,2.9951099192775565,33.316016899639116,15,0.71159333,"for iPad 10.9 inch (10th Gen, 2022) Tempered Glass",16.99,0.757082,[2-Pack] for Echo Show 8 (1st Gen) Screen Protecto,11.49,0.7465507,for iPad Pro 11 (2018) Screen Protector Tempered G,10.99,0.72884786
B005BU5W84,Replacement Battery for CRESTRON ST-BTPN fits in models STX-1700C/1550C/1550/1500C Non-Oem,for crestron,Computers,38.95,40.435181614080506,1.4851816140805028,1.4851816140805028,3.8130465059833187,15,0.58679134,C11P1510 Battery Replacement for Asus ZenPad S 8.0,29.99,0.62178147,Fully 11.1V 91Wh 245RR Laptop Battery for Dell XPS,49.98,0.6211707,efohana C41N1531 Laptop Battery Replacement for RO,42.74,0.615273
B0855V5SVS,Facmogu 100KW Power Saver Household Energy Saving Devices Digital LCD Display Energy Savers Power Sa,Facmogu,Computers,33.99,123.18319783126842,89.1931978312684,89.1931978312684,262.4101142432139,15,0.50422,"Acer UM.FB6AA.001 24-Inch Screen LCD Monitor, Dark",213.8,0.5425687,Rosewill 1600-Watt Intel Haswell Ready 80 Plus Sil,225.99,0.52292734,BenQ ZOWIE XL2740 27-inch 240Hz Gaming Monitor wit,399.0,0.52117777
B087WF63R5,TYTX Compatible with MacBook Pro Leather Case 13 Inch 2016-2022 (A1989 A1706 A1708 A2159 A2289 A2251,TT TYTX,Computers,37.99,19.368415318613092,-18.62158468138691,18.62158468138691,49.017069442976855,15,0.7831555,TYTX Compatible with MacBook Pro Leather Case 13 I,23.99,0.9761631,IBENZER Compatible with 2022 M2 MacBook Pro 13 Inc,16.19,0.78490436,MOSISO Keyboard Cover Compatible with MacBook Pro ,7.99,0.78419876
B07D9LGR3M,"Alapmk Protective Case Cover for 15.6"" Dell Latitude 15 3590 3580 / Latitude 15 3500 Series Laptop(W",Alapmk,Computers,22.99,21.228775826892498,-1.7612241731075002,1.7612241731075002,7.660827199249676,15,0.78122175,"Alapmk Protective Case Cover for 15.6"" LG Gram 15 ",22.99,0.84487385,"Alapmk Protective Case Cover for 11.6"" Lenovo Chro",20.99,0.840261,"Alapmk Protective Case Cover for 15.6"" HP ProBook ",23.99,0.8192512
B07C2SB6QZ,"Monitor Mount Stand - Adjustable Single Arm Desk Vesa Mount with Clamp, Grommet Base, HDMI Cable for",HUANUO,Computers,25.99,82.61974515535375,56.62974515535376,56.62974515535376,217.89051618066088,15,0.7927952,StarTech.com Desk Mount Quad Monitor Arm - Ergonom,189.62,0.85615695,StarTech.com Monitor Wall Mount - Fixed - Supports,24.08,0.8465278,Bracwiser Single Fully Adjustable Monitor Arm Stan,28.99,0.83454376
B07QF12PDM,"EHO iPad Stand, 360° Rotating Commercial Tablet Stand, Retail Kiosk, 6-13.5"" Adapter Universal Table",EHO,Computers,35.99,29.89046124726791,-6.099538752732091,6.099538752732091,16.947870943962464,15,0.79230434,"Tablet Stand, Adjustable Heavy Duty Aluminum Stand",34.99,0.8527657,UGREEN 360° Rotating Tablet Stand Holder Adjustabl,35.99,0.8314716,Lamicall Tablet Floor Stand - Gooseneck Swivel Tab,69.99,0.8269952
B0B3S1HTT5,"AOAN Full Size Full Aluminum USB Wired Keyboard with Numeric Keypad - Compatible with iMac Pro, iMac",AOAN,Computers,30.0,42.262912475483574,12.262912475483574,12.262912475483574,40.87637491827858,15,0.66702133,Macally Full-Size USB Wired Keyboard for Mac Mini/,29.99,0.79470325,Macally Ultra-Slim USB Wired Keyboard with Number ,39.99,0.7642039,Macally Ultra Slim USB Wired Computer Keyboard - C,39.99,0.75930303
B07W5JVLVW,"TRENDnet N300 Wireless PoE Access Point with Software Controller, Gigabit, AP, Client, 802.3af, TEW-",TRENDnet,Computers,78.79,120.17267842651432,41.38267842651432,41.38267842651432,52.52275469794938,15,0.6602158,"TRENDnet Wireless N300 2T2R Detachable antennas, A",30.99,0.74827963,"TRENDnet 5-Port Gigabit PoE+ Switch, 31 W PoE Budg",65.24,0.7348324,"1200Mbps Ceiling Wireless Access Point PoE, Router",37.99,0.7005662
B01LZWI10R,Fancy Buying 6 Cells Battery for HP P106 P109 710416-001 710417-001 Notebook Battery,Fancy Buying,Computers,19.88,29.507381351499536,9.627381351499537,9.627381351499537,48.4274715870198,15,0.7472249,VI04 V104 756743-001 Battery Compatible with HP Pr,14.59,0.79969484,OUWEE AD03XL Laptop Battery Compatible with HP Env,50.0,0.79944587,AN·GWEL New HT03XL Laptop Battery Compatible with ,25.89,0.7992472
B09P38NJP5,corpuwn Steel Mining Rig Frame Up to 8 GPU Open Air Miner Computer Case Mining for Crypto Coin Curre,corpuwn,Computers,24.99,71.02461512547615,46.03461512547615,46.03461512547615,184.21214536004865,15,0.54228127,"MLLIQUEA Mining Rig Frame, 6/8/10 GPU Stackable Mi",29.99,0.676653,Professional 6/8 GPU Miner Mining Case Aluminum Fr,140.0,0.6348107,Veddha V3C 8-GPU Mining Case Aluminum Stackable Mi,43.61,0.626557
B077VHRDD1,"iCoverCase for Samsung Galaxy Tab E 8.0 Inch T377/T375 Case Clear, Lightweight Matte Translucent TPU",iCoverCase,Computers,10.99,15.33691846281715,4.34691846281715,4.34691846281715,39.55339820579755,15,0.7947302,Wallet Case for Samsung Galaxy Tab A 8.4-Inch 2020,15.99,0.8176056,"UUCOVERS Tab A 7.0 Case, SM-T280 Case, Lightweight",11.99,0.8154681,UUcovers Case for Samsung Galaxy Tab E 8.0 SM-T375,15.89,0.8117951
B07HMWNG8B,"Sceptre C275B-144RR AMD FreeSync DisplayPort HDMI DVI Ports 27"" Curved Professional 144 Hz Monitor M",Sceptre,Computers,299.99,237.64274583042092,-62.34725416957909,62.34725416957909,20.783110826887256,15,0.66945964,"Acer KG241Q Pbiip 23.6"" Full HD (1920 x 1080) TN 1",239.99,0.7669596,SIIG Premium Aluminum Triple Monitor Stand - Adjus,154.92,0.6857722,Altwork TruVue Webcam Lighting & Center Screen Web,399.0,0.6830603
B0BJ4VTSLC,"Cyber Acoustics Stereo Headset, headphone with microphone, great for K12 School Classroom and Educat",Cyber Acoustics,Computers,12.85,48.28853162232424,35.43853162232424,35.43853162232424,275.7862383060252,15,0.6386271,Sennheiser SC 165 USB (508317) - Double-Sided (Bin,92.5,0.7154825,Syba NC-2 Over-Ear Headphone with In-Line Micropho,16.99,0.6939027,Poly - Blackwire 8225 Wired Headset with Boom Mic ,127.93,0.69180596
B0BTL4RK3X,"New Replacement 230W Razer Blade Charger,Razer Blade 15 Power Adapter.RC30-0248 Laptop AC Adapter Po",BULL-TECH,Computers,109.99,39.83719950853523,-70.15280049146477,70.15280049146477,63.78107145328191,15,0.66009736,New 280W 20V 14A AC Charger Compatible with ASUS R,99.99,0.6948537,AC Charger ADP-180TB H Fit for Asus TUF FX505D FX5,45.99,0.68517804,230W 200W Genuine Charger for Asus ROG Strix G15 R,67.99,0.6837134
B003TO56FI,Livescribe Universal Premium Case,Unknown,Computers,39.95,17.899335294672333,-22.05066470532767,22.05066470532767,55.195656333736345,15,0.6096377,"MoKo Holder Case for Microsoft Surface Pen, Premiu",8.99,0.6517346,UUcovers Kindle Fire HD 10 Tablet Protective Case ,28.99,0.6251049,Case for Kindle Fire HD 10 Tablet (5th/7th/9th Gen,21.99,0.6165371
B00K9HID0I,Transcend 128GB MLC SATA III 6Gb/s 2.5-Inch Solid State Drive 370 (TS128GSSD370),Transcend,Computers,99.99,67.04284599023087,-32.94715400976912,32.94715400976912,32.95044905467459,15,0.7516224,"Transcend 256GB MLC SATA III 6Gb/s 2.5"" Solid Stat",131.58,0.9113318,Transcend 128GB SATA III 6GB/S MTS400S 42 mm M.2 S,58.58,0.8294165,SSD M.2 2242 64GB NGFF SHARKSPEED Plus M2 SSD 3D N,13.99,0.76575834
B005OTPVMY,"Plugable USB 2.0 Transfer Cable, Unlimited Use, Transfer Data Between 2 Windows PC's, Compatible wit",Plugable,Computers,39.95,28.050395776009033,-11.89960422399097,11.89960422399097,29.786243364182653,15,0.5960624,Belkin Easy Transfer Cable for Windows 8 /Windows ,39.58,0.64859825,"16GB USB Flash Drive 5 Pack, Cardfuss USB 2.0 Swiv",19.99,0.6447137,Toshiba Canvio Slim II 1TB Portable External Hard ,101.0,0.6232335
B07ZKB2NKT,"DTech Short USB 3.0 Type A to A Cable Male to Male High Speed Data Cord (9.8-Inch, Black)",DTech,Computers,5.9,8.948477042390957,3.0484770423909566,3.0484770423909566,51.669102413406044,15,0.7685073,"Cable Matters 2-Pack USB 3.0 Cable 3ft, USB to USB",10.49,0.80811435,"Besgoods USB to USB Cable Cord, 2-Pack 3FT/1M Brai",9.79,0.792055,TNP USB 3.0 Cable A-Male to B-Male (6 FT) Type A t,16.99,0.7904343
B0BRXN96LG,"AINOPE 10FT USB 3.0 A to A Male Cable,USB 3.0 to USB 3.0 Cable [Never Rupture] USB Male to Male Cabl",AINOPE,Computers,11.99,8.968282968200645,-3.021717031799355,3.021717031799355,25.201976912421642,15,0.75637937,"USB 3.0 Cable Male to Male 1.5 ft, SNANSHI USB to ",5.99,0.80792874,"UGREEN USB A to USB A, Male to Male, 2 Pack USB to",8.99,0.80066,"Rankie USB 3.0 Cable, Type A to Type A, 1-Pack 15f",5.99,0.7776377
B008QD4ERI,HP 2005pr USB 2.0 Port Replicator H1L07AA#ABU,HP,Computers,47.0,138.26344211752135,91.26344211752135,91.26344211752135,194.17753642025818,15,0.56460917,"HP Compaq Elite 8300-SFF, Intel Core i5-3470 3.2GH",206.07,0.5807589,"1TB 2.5"" Laptop Hard Drive for HP Compaq Replaces ",49.99,0.57896906,Comp XP New Genuine LCD for HP Stream 14-DS0013DX ,79.95,0.57789755
B08LQF9DJ9,SEAGATE Barracuda Pro SATA HDD 10TB 7200RPM 6Gb/s 256MB Cache 3.5-Inch Internal Hard Drive for PC De,Seagate,Computers,179.65,154.41161292649173,-25.238387073508278,25.238387073508278,14.048642957700128,15,0.77743655,Seagate BarraCuda Pro Performance Internal Hard Dr,235.0,0.8822169,Seagate Barracuda Pro Performance Internal Hard Dr,53.99,0.8697556,Seagate BarraCuda 4TB Internal Hard Drive HDD – 3.,67.99,0.84504306
B01MQ1RUZN,Intel Xeon E5-2620 SR0KW  Six Core 2.0GHz CPU Kit for Dell PowerEdge T620,Unknown,Computers,149.99,83.30101491686216,-66.68898508313785,66.68898508313785,44.46228754126131,15,0.74033886,Intel Xeon Processor E5-2660 v2 (25M Cache 2.20Ghz,22.07,0.8051179,Intel Corp. BX80660E51620V4 Xeon Processor E5-1620,149.0,0.76028776,Intel Core i5 i5-3340M 2.70 GHz Processor - Socket,54.04,0.7566575
B08K999GLH,"Replacement Micro USB Cable Flat Charging Power Cord Compatible for JBL Charge 2 3, Flip 2 3 4, Puls",Atneway,Computers,8.98,10.553961137740874,1.5739611377408735,1.5739611377408735,17.527406879074313,15,0.57917607,Cmple - Micro USB Cable 3ft Male to Male Micro USB,6.99,0.60645556,J-Tech Digital USB 3.1 Type-C Male to USB 3.0 A Fe,9.99,0.595389,LAX Gadgets Micro USB Cable - Charging Cable USB t,8.77,0.5919065
B07PZF64RN,Juiced Systems BizHUB Pro - USB-C Multiport Gigabit Ethernet HDMI Adapter,Juiced Systems,Computers,74.99,99.76034840511011,24.770348405110113,24.770348405110113,33.031535411535025,15,0.6571463,"Cable Matters USB C Hub with HDMI 4K, 80W Charging",20.99,0.6892806,IOGEAR 3-Port 4K USB-C DisplayPort KVMP Switch - 4,374.99,0.687062,"Belkin USB C Hub, 11-in-1 Multi-Port Laptop Dock w",89.99,0.6737914
B0C2GN39DW,"Lenovo ThinkPad T480 14 HD Laptop - Intel Core i5-8350U, 16GB RAM, 256GB SSD, Webcam, Windows 10 Pro",Lenovo,Computers,214.0,236.066195983523,22.066195983522988,22.066195983522988,10.311306534356536,15,0.80116355,Lenovo ThinkPad T460 14in Notebook Intel Core I5-6,163.86,0.8822542,Lenovo ThinkPad T420 Laptop WEBCAM - Intel Core i5,190.76,0.8589966,"Lenovo ThinkPad T480 14"" HD Business Laptop, Intel",379.97,0.841132
B015QQPM00,"INVELLOP iPad Mini 4 case, Black [Slim Fit] Case Cover for Apple iPad Mini 4 (2015 Release) (Fits ON",INVELLOP,Computers,9.93,14.968573557145428,5.038573557145428,5.038573557145428,50.740922025633715,15,0.7724112,"INVELLOP iPad Mini 4 case, Hot Pink Leatherette Ca",17.95,0.9452037,"INVELLOP iPad Mini case, Concrete White/Light Gray",17.95,0.9299818,"Thankscase Case Compatible with iPad Mini 4, Rotat",10.99,0.8036586
B08N57BFV8,"Camera Cover Slide,Ultra Thin Protective Cover for Laptop, Desktop, PC,MacBook Pro, MacBook Air, iPa",Unknown,Computers,6.98,8.008714556450608,1.0287145564506073,1.0287145564506073,14.73803089470784,15,0.84040844,"worldbnr Laptop Camera Cover Slide, Thin Web Camer",6.98,0.8780141,"Webcam Camera Cover Slide,Metal Camera Cover for M",8.99,0.87502277,"Webcam Cover, Camera Cover Slide, Privacy Covers, ",6.99,0.8679053
B0096B2J4E,"Generic New 11.6"" HD LED Glossy Slim LCD Screen with side brackets Compatible with SONY VAIO PCG-313",Unknown,Computers,52.48,60.33358638336334,7.853586383363343,7.853586383363343,14.964913078055151,15,0.72929233,Sony Vaio Pcg-71913L Laptop LCD Screen Replacement,57.77,0.8578069,Generic LCD Display Replacement FITS - Lenov P/N 5,47.8,0.7633846,BRIGHTFOCAL New Screen Replacement for Sony VAIO S,65.01,0.74886674
B09XBTBF16,"2022 Newest HP Pavilion Business Laptop, 15.6"" FHD IPS Touchscreen, 11th Gen Intel i7-1195G7, 16GB R",HP,Computers,989.0,641.0535284332661,-347.94647156673386,347.94647156673386,35.181645254472585,15,0.85129875,"HP 2023 Pavilion x360 14"" FHD Touchscreen 2-in-1 L",739.0,0.87539434,"HP Newest Pavilion 15.6” Laptop, Intel Pentium Qua",499.99,0.8694169,"HP Pavilion 24 All-in-One PC 23.8"" Touchscreen, In",689.99,0.86448336
B0BN7KCD1H,"F FORITO Tempered Glass Laptop Screen Protector, Ultrathin & Flexible Glass Screen Shield Compatible",F FORITO,Computers,8.59,13.901321716681547,5.311321716681547,5.311321716681547,61.831451882206615,15,0.73341846,F FORITO Tempered Glass Screen Protector Compatibl,15.69,0.7863358,YINOVEEN 2 Pack Tempered Glass Screen Protector fo,10.5,0.78323066,Mektron 2021/2023 Case for MacBook Pro 14 (A2442/M,28.99,0.74306524
B07VYT4NSB,"Tackform Universal Tablet Holder Compatible with Stationary Bicycle, Treadmill, Elliptical, Spin Bik",Tackform,Computers,59.99,31.128628738501163,-28.86137126149884,28.86137126149884,48.110303819801366,15,0.70741844,Kolasels Motorcycle Bike Handlebar Tablet Mount wi,27.99,0.7649752,"Pozliv Overhead Tripod Mount for Tablet, Desk Arm ",28.99,0.737852,"Tablet Stand, Adjustable Heavy Duty Aluminum Stand",34.99,0.7306936
B01JJBGQTO,"Apple iPad Pro (32GB, Wi-Fi + Cellular, Gray) 9.7in Tablet (Renewed)",Apple,Computers,184.0,369.39681425812825,185.39681425812825,185.39681425812825,100.75913818376534,15,0.78916067,"iPad Pro 9.7-inch (32GB, Wi-Fi + Cellular, Space G",199.0,0.87507975,"Apple iPad Pro 10.5-inch 64GB WiFi Only, Gold (Ren",266.51,0.83634543,Apple iPad Pro 9.7in 256GB Gold WiFi + 4G Cellular,399.0,0.8241861
B012VKUSIA,SanDisk ULTRA Micro SDHC Card 16GB 80MB/s Class 10 UHS-I + adapter,SanDisk,Computers,9.86,28.465532404430885,18.605532404430885,18.605532404430885,188.6970832092382,15,0.77003175,SanDisk Ultra SDSQUNB-016G-GN3MN 16GB 48MB/s UHS-I,7.5,0.8184564,SanDisk Ultra microSDHC 32GB 100MB/s Class 10 UHS-,6.79,0.8151339,SanDisk Ultra SDSQUNS-016G-GN3MN 16GB 80MB/s UHS-I,7.36,0.8131994
B01N5ALH90,"iPad Air 2 Case, BENTOBEN [Hybrid Shockproof Case] with Kickstand Rugged Triple-Layer Shock Resistan",BENTOBEN,Computers,24.99,17.952083575099472,-7.037916424900526,7.037916424900526,28.162930871950888,15,0.7881286,"iPad Mini Case,iPad Mini 2 Case,iPad Mini 3 Case,i",19.99,0.82318234,iPad Air 3 Case iPad 10.5 2019 Case Shockproof Imp,19.99,0.82144326,"BENTOBEN iPad Air 2 Case, iPad 6th Generation Case",21.99,0.8074402
B07ZJTMNYH,"Cozy 4-Pack HDMI Caps for HDMI Cables/Cords/Tether - Provides Dust and Oxidation Protection, Project",Cozy,Computers,7.27,32.83533938195087,25.565339381950867,25.565339381950867,351.6552872345374,15,0.5596186,"Warrky 4K DisplayPort to HDMI Cable Adapter 15FT, ",22.99,0.6426896,AhaStyle Anti-Slip Case Sleeve Silicone Protective,7.99,0.6049729,Kensington Portable Combination Cable Lock for Lap,19.99,0.5715058
B0B3ZWCB7T,"M.2 NVME SATA SSD Enclosure Adapter, Tool-Free USB C 3.1 Gen 2 10Gbps to NVME PCIe M-Key(B+M Key) So",MOKiN,Computers,35.59,40.85889191359916,5.268891913599155,5.268891913599155,14.804416728292091,15,0.75660443,Xiwai USB 3.1 Gen2 10Gbps to NVME PCI-E M-Key Soli,29.88,0.81574166,JacobsParts M.2 NGFF SATA SSD to USB 3.1 Type C Ex,13.99,0.80749667,BYEASY M.2 NVMe SSD Enclosure Adapter with USB C/T,39.99,0.79990125
B09Z5NGG6S,"Legrand, Home Office & Theater, Wireless Router, Dual Band Antenna, Black, 4 Port, DA1054",On-Q,Computers,100.0,98.44609430497542,-1.5539056950245822,1.5539056950245822,1.5539056950245822,15,0.57102394,Tripp Lite 5-Port Gigabit Ethernet Switch Rackmoun,143.78,0.6185541,"Tenda 8-Port Unmanaged Gigabit Ethernet Switch, Et",26.99,0.60363334,ACTIONTEC 500 Mbps Powerline Ethernet Adapter and ,144.0,0.5893187
B08Y8N5F9X,Storite 2nd 2.5'' SATA HDD SSD Hard Drive Disk DVD CD ROM Optical SuperDrive Caddy Tray Adapter for ,Storite,Computers,16.99,24.897797184720595,7.907797184720597,7.907797184720597,46.54383275291699,15,0.6261787,Odyson - Optical Drive SATA Flex Cable Replacement,5.21,0.70270526,"NEW 320GB 2.5"" SATA HDD Hard Disk Drive for Apple ",27.99,0.652824,StarTech.com 4-Bay Mobile Rack Backplane for 2.5in,109.72,0.64204955
B093KYYL1L,"14 Inch Laptop Sleeve Case for 2022 HP Notebook 14/Pavilion 14/Chromebook 14/Stream 14, 14"" ASUS Chr",CASEDAO,Computers,13.99,17.303013891890345,3.3130138918903445,3.3130138918903445,23.68130015647137,15,0.8615862,"14 Inch Laptop Sleeve Case with Handle for HP 14"" ",16.99,0.9091854,"14-15 Inch Laptop Sleeve Case for Acer Swift 3 14,",11.99,0.9062854,Laptop Sleeve Case 15.6 Inch Waterproof Durable La,18.99,0.88669217
B076LCR4KV,KeepKey: The Simple Cryptocurrency Hardware Wallet and Brown Leather Case Gift Set,KeeyKey,Computers,49.99,87.98900313045634,37.99900313045634,37.99900313045634,76.01320890269321,15,0.58396804,OnlyKey Duo - The Best Protection for All of Your ,58.99,0.7253638,"Yubico Security Key, YubiKey 5, NFC Login, U2F, FI",49.0,0.6255698,"HID Signo 20 20NKS-00-000000 Multi-Technology, Mob",240.21,0.58722174
B08SC62DX8,"Gxcdizx Bluray DVD Drive for Sony PS3 Slim CECH-2001A, CECH-2001B, CECH-2101A, CECH-2101B Models (KE",Gxcdizx,Computers,65.99,60.66646767957235,-5.3235323204276455,5.3235323204276455,8.067180361308752,15,0.589992,Blu-Ray DVD Drive KES-450A KEM-450AAA Laser Lens R,49.41,0.839705,Replacement Laser Lens KES-450A KEM-450AAA with De,39.41,0.69085974,LeHang Replacement Blu Ray Drive Lens KES-860 PHA ,7.0,0.656079
B075X1WCLQ,"Dragon Yin Yang Tribal Die Cut Vinyl Decal Sticker for Car, Laptop, Bike, Helmet, Music Instruments,",SimpTronic Tech,Computers,8.99,9.524258375667461,0.534258375667461,0.534258375667461,5.942807293297676,15,0.62597466,PEANUTS COMICS STRIP SNOOPY STICKING TONGUE OUT VI,5.8,0.66680443,CCI Lion King Hakuna Matata Simba Decal Vinyl Stic,7.85,0.6514566,Outrigger Canoe Laptop Vinyl Decal,9.95,0.63763726
B01N33UEJD,Inovat Replacement USB Computer PC Data Sync Transfer Power Charger Cable Cord for VTech InnoTab 1 2,Inovat,Computers,7.99,8.201012080433914,0.21101208043391395,0.21101208043391395,2.6409521956685102,15,0.6527013,T POWER 6.6 ft Micro-USB to USB Cable for Anker As,6.99,0.6790585,J-Tech Digital USB 3.1 Type-C Male to USB 3.0 A Fe,9.99,0.6722969,"T POWER 2 x pcs USB Cable for Eclipse,Ectaco eRead",6.99,0.66241336
B094DXM1Z4,Dell 7-in-1 USB-C Multiport Adapter - DA310,Dell,Computers,79.0,70.41668312702981,-8.583316872970187,8.583316872970187,10.86495806705087,15,0.6004792,"Cable Matters USB C Hub with HDMI 4K, 80W Charging",20.99,0.64941555,ChenYang CY Type-C USB-C Female Source Input to Di,22.88,0.63973904,USB C to 7.4mm Laptop Charging Cable Adapter Male ,14.96,0.62683225
B007PKC0MO,PWR+ USB-C Charger AC Adapter for Dell XPS 12 13 9250 9500 9560 9365 9370 Latitude 11 12 13 14 15 17,PWR+,Computers,27.99,28.505072837847003,0.5150728378470042,0.5150728378470042,1.8402030648338845,15,0.8411982,Pwr Laptop Charger for Dell Inspiron 15-5000 15-70,23.99,0.88911843,65W 45W USB Type C Charger for Dell Chromebook Lat,14.98,0.8799291,65W 45W UL Listed Charger for Dell-Inspiron 15-300,23.49,0.8773552
B09TQLRHD8,MOSISO Compatible with MacBook Air 13 inch Case 2022 2021 2020 2019 2018 Release A2337 M1 A2179 A193,MOSISO,Computers,34.99,22.39763693105836,-12.59236306894164,12.59236306894164,35.98846261486607,15,0.91932285,MOSISO Compatible with MacBook Air 13 inch Case 20,14.99,0.9698247,MOSISO Compatible with MacBook Air 13 inch Case 20,18.99,0.9676642,MOSISO Compatible with MacBook Air 13 inch Case 20,19.99,0.9675444
B00ZC18RL6,XSPC PETG Bending Rubber,XSPC,Computers,7.03,29.181609704398635,22.151609704398634,22.151609704398634,315.1011337752295,15,0.5966681,"XSPC G1/4"" to 14mm Rigid Tubing Fitting V2, 90 Deg",11.41,0.71437263,"XSPC G1/4"" to 3/8"" ID, 5/8"" OD Compression Fitting",59.99,0.69759244,"XSPC G1/4"" to 1/2"" ID, 3/4"" OD Compression Fitting",49.95,0.6910472
B01EJ68016,"PU Leather Messenger Shoulder Bag Briefcase for iPad Pro 9.7 Inch, iPad Air 2, Acer Aspire Switch 10",Unknown,Computers,24.99,20.37400703644812,-4.615992963551879,4.615992963551879,18.471360398366862,15,0.7847536,DOMISO 10.1 inch Laptop Sleeve Case Water Resistan,8.99,0.80574036,NIDOO 10 inch Laptop Sleeve case Notebook Bag Prot,12.99,0.80513453,"9-11Inch Tablet Sleeve Bag Case, Glitter PU Leathe",15.99,0.7977226
B092P2TXD5,"Samsung Galaxy Tab S7 (5G Tablet) LTE/WiFi (AT&T), Mystic Black - 128 GB (2020 Model - US Version & ",SAMSUNG,Computers,398.99,363.1837821032902,-35.806217896709825,35.806217896709825,8.974214365450218,15,0.7837747,"Samsung Galaxy Tab S7+ Wi-Fi, Mystic Silver -256 G",499.99,0.89591974,Samsung Galaxy Tab S7 11 inches2560x1600 Wi-Fi 256,429.99,0.89261234,"Samsung Galaxy Tab S7+ Wi-Fi, Mystic Black - 512GB",389.95,0.88277966
B0011DLPHW,Sony PSP Memory Stick Duo 32MB,Sony,Computers,8.9,35.29117984063371,26.39117984063371,26.39117984063371,296.5301105689181,15,0.58287823,MS 8GB Memory Stick PRO Duo (Mark 2) for PSP Acces,13.99,0.71517587,HuaDaWei High Speed 32GB Memory Stick PRO Duo Flas,26.9,0.692009,MS 64GB High Speed Memory Stick Pro-HG Duo(HX) for,33.9,0.6561062
B005MM53G2,HP PAVILION DV6-6047CL Laptop Screen 15.6 LED BOTTOM LEFT WXGA HD 1366x768,HP,Computers,65.33,59.977969561721395,-5.352030438278604,5.352030438278604,8.192301298451865,15,0.91132426,HP PAVILION DV6-6118NR Laptop Screen 15.6 LED BOTT,52.56,0.9935895,HP PAVILION DV6-6153CL Laptop Screen 15.6 LED BOTT,53.0,0.992971,HP PAVILION DV6-6149NR Laptop Screen 15.6 LED BOTT,50.0,0.9902225
B0BTTVDR4Y,Recertified PGHJG ST300MM0006 300GB 10K 6G SFF 2.5'' SAS HDD for R620 R820 R910 R920,Generic,Computers,22.0,248.27371960778837,226.27371960778837,226.27371960778837,1028.516907308129,15,0.6315128,"Dell 8JRN4 900GB 10k RPM 2.5"" 64MB SAS-6Gb/s HDD",48.0,0.7244783,LG 38BN95C-W 38 Inch UltraWide QHD+ IPS Curved Mon,949.99,0.6615622,HP Desktop Computer Compaq Pro 6200 MT Intel Core ,89.0,0.64999115
B0C2SVKFH7,"HP EliteBook 840 G3 14in Laptop, Core i5-6300U 2.4GHz, 16GB Ram, 500GB SSD, Windows 10 Pro 64bit (Re",HP,Computers,187.97,353.6984025987097,165.72840259870972,165.72840259870972,88.1674749155236,15,0.7749447,HP ELITEDESK 800 G1 USFF Ultra-Slim High Performan,337.5,0.8291109,HP Elitebook 840 G1 14in HD LED-backlit Anti-glare,247.49,0.80886567,HP ProBook 4540s E9F05US#ABA 15.6-Inch Traditional,249.95,0.7966063
B08FD4F3H3,Ergonomic Portable Laptop Table Desk Stand Foldable Lap Tray for Bed Sofa Fully Adjustable Height an,CORTEN,Computers,49.99,20.7657981850445,-29.224201814955503,29.224201814955503,58.46009564904081,15,0.74819505,Laptop Stand - Notebook Stand - Sturdy - Foldable ,13.99,0.82023287,KENTEVIN Laptop Stand Adjustable Laptop Computer S,16.91,0.7672078,FlexVerk Portable Laptop Riser Stand- Lightweight ,14.99,0.7577275
B098L19DW8,Matcha Keycaps Set 124 Keys XDA PBT Keycaps Dye Sublimation Fit for 61/64/87/104/108 Cherry Mx Switc,Sumgsn,Computers,21.99,27.273183492833706,5.283183492833707,5.283183492833707,24.025391054268795,15,0.8107658,141 Keys Botanical Keycaps Cherry Profile PBT Dye ,34.99,0.8702316,129 Keys PBT Keycaps Dye Sub Cherry Profile Taro K,29.99,0.85169774,GTSP 9009 XDA Retro PBT Keycaps Set for Gaming Key,25.99,0.8452446
B081DCD6TV,CASEMATIX Waterproof Carrying Case Compatible with Western Digital Wd Black P10 Game Drive for Xbox ,CASEMATIX,Computers,22.99,48.43579638592287,25.445796385922872,25.445796385922872,110.68201994746791,15,0.5876085,CASEMATIX Waterproof 15.6 inch Laptop Hard Case - ,79.99,0.64498043,Portable Hard Drive Case with 2 USB 3.0 Charger Ca,9.99,0.64153594,"Portable External Hard Drive Case, Electronics Org",11.99,0.61323
B01I6QOCRG,"Generic 32GB Micro SDHC Memory TF Card Class 10 w/ Adapter Compatible with Smart Phone, Tablet (32 G",WINWAY,Computers,14.97,10.982256629931245,-3.987743370068756,3.987743370068756,26.63823226498835,15,0.66854256,SanDisk 32GB Micro SDHC Class 4 TF Memory Card for,10.13,0.76826847,Samsung SM-T530 Tablet Memory Card 64GB microSDHC ,12.95,0.712291,"Micro SD Card to SD Card Adapter, TF Card Micro SD",6.77,0.6902267
B0C46GXK8B,"Kids Tablet, Tablet for Kids, 7 Inch Screen, 2+32GB Android 11 Learning Tablet, Parental Control, Ki",DOMATON,Computers,59.99,63.40244737938717,3.4124473793871672,3.4124473793871672,5.688360359038452,15,0.7809541,Kids Tablet 7 inch Tablet for Kids Wifi Kids Table,49.98,0.88139683,"URAO 8 inch Kids Tablet, Android 10 Learning Table",68.66,0.8179701,Kids Tablet 7 inch Tablet for Kids 2-15 Android 11,49.99,0.81236094
B07YXTTD61,"15 inch Laptop Case,ODTEX Laptop Bag,Laptop Sleeve 15.6 inch,Suitable for MacBook 16 and 15 inch Del",ODTEX,Computers,18.99,20.114210471274856,1.124210471274857,1.124210471274857,5.920013013559016,15,0.83452827,"Laptop Bag 15.6 Inch, Laptop Briefcase Business Of",26.99,0.86825293,Laptop Sleeve Case Bag 15.6 Inch Work Business Bri,21.99,0.8581917,Laptop Sleeve Case 13-14 Inch Waterproof Portable ,17.99,0.84968054
B009H463AQ,Arch Memory 4GB 204-Pin DDR3 1333 MHz So-dimm RAM for HP G62-347NR,Arch Memory,Computers,17.95,34.43847849283409,16.488478492834094,16.488478492834094,91.8578189015827,15,0.79413503,Arch Memory 8GB 204-Pin DDR3 1600 MHz So-dimm RAM ,25.95,0.97281915,Arch Memory 4GB 204-Pin DDR3 1333 MHz So-dimm RAM ,17.95,0.9607593,Arch Memory 4GB 240-Pin DDR3 1333 MHz UDIMM RAM fo,17.95,0.95273334
B083W3GH97,NAHAO USB to DC 5.5x2.1mm Barrel Jack Center Pin Positive Power Cable Charger Cord with 4 connectors,NAHAO,Computers,7.99,16.245330915385562,8.255330915385562,8.255330915385562,103.32078742660278,15,0.60389614,SIOCEN 3-Pack 4ft USB 2.0 A Type Male to DC 5.5 x ,8.99,0.6985975,CABLEDECONN USB to 5.5 mm/2.1 mm 5 Volt DC Barrel ,6.99,0.68500054,USB C to 5.5mm Adapter Cable Braided 19V 20V 100W ,13.98,0.63309205
B00B0Z7OLC,iBoot-EXP Expansion Unit for iBoot-G2+,Dataprobe,Computers,125.0,52.546095815152796,-72.4539041848472,72.4539041848472,57.96312334787777,15,0.42704487,PWR+ 3 Ft Power Cord for Segway Ninebot MAX Electr,7.99,0.4817797,Tripp Lite 4-Port Industrial USB-A 3.0 SuperSpeed ,102.74,0.4730394,SP xDrive Z30 128GB Flash Drive Dual USB Flash Dri,84.54,0.4545002
B06XSSCFQW,"iPearl mCover Hard Shell Case for 11.6"" Lenovo N21 / N22 Series Chromebook Laptop (NOT Fitting Lenov",mCover,Computers,14.99,19.745364511313067,4.755364511313067,4.755364511313067,31.723579128172556,15,0.79545045,"mCover iPearl Hard Shell Case for 2017 11.6"" Lenov",19.99,0.9470566,"mCover Case Compatible for 2020~2021 11.6"" Lenovo ",21.99,0.8510452,"mCover Hard Shell Case for 2019 14"" Lenovo 14e Ser",19.99,0.8416413
B09YMCQ5K8,OLOy DDR4 RAM 16GB (2x8GB) Black Owl Aura Sync RGB 3200 MHz CL16 1.35V 288-Pin Desktop Gaming UDIMM ,OLOy,Computers,42.99,63.512213242252884,20.52221324225288,20.52221324225288,47.737178977094395,15,0.7833222,OLOy DDR4 RAM 16GB (2x8GB) Titanium Owl 3200 MHz C,36.99,0.9706327,OLOy DDR4 RAM 16GB (2x8GB) 3200 MHz CL16 1.35V 288,38.99,0.9548747,OLOy DDR4 RAM 16GB (1x16GB) 3000 MHz CL16 (MD4U163,34.99,0.91808766
B08QDQH663,"Glyph BlackBox Pro External Hard Drive 7200 RPM, USB-C (3.1,Gen2) (4TB)",Glyph Production Technologies,Computers,219.95,110.21358440131496,-109.73641559868503,109.73641559868503,49.89152789210504,15,0.66958463,G-Technology 8TB G-Drive with Thunderbolt 3 and US,512.58,0.7691387,Sargart 320GB Ultra Slim Portable External Hard Dr,20.99,0.6829624,LaCie Rugged USB-C 2TB External Hard Drive Portabl,109.99,0.6803844
B00GNJNO3W,Genuine Dell ATI Radeon X600 128MB PCI-E S-Video DVI PCI-E PCI-Express x16 Full-Height Video Graphic,Dell,Computers,44.33,137.33358811817942,93.00358811817942,93.00358811817942,209.7983038984422,15,0.68426627,ATI Radeon X300 SE 128MB PCI-E x16 Video Graphics ,49.99,0.7796459,M0KV6 AMD Radeon HD6450 1GB SFF(Low Profile) PCI-e,24.95,0.7331035,ATI Radeon R9 270 2GB DDR5 Graphic Video Card PCI-,298.02,0.71613324
B07Z3C8KM5,Claasic Move Stickers for Star War to Girls Teens Boys|100 Pcs|Waterproof Vinyl Stickers Pack for La,Ratgoo,Computers,7.95,7.523857008244631,-0.42614299175536896,0.42614299175536896,5.36028920447005,15,0.79251677,Popular Movie Stickers for Star War to Girls Adult,7.95,0.9835749,MAXSNOW Star Wars Film Theme Fans Stickers for Lap,5.99,0.80604625,"Blue Aesthetic Stickers,150pcs, Funny Cute Sticker",8.99,0.80169857
B017KOA0HQ,nextec Sony PS4 Disc Drive Replacement/ PS4 Bluray Drive with Laser (KES-860/ KEM-860) Circuit Board,nextec,Computers,44.9,67.00107481439485,22.101074814394856,22.101074814394856,49.22288377370792,15,0.55882627,LeHang Replacement Blu Ray Drive Lens KES-860 PHA ,7.0,0.71057415,PS4 Blu-ray DVD Drive with BDP-020 BDP-025 Board K,69.41,0.69064355,Blu-Ray DVD Drive KES-450A KEM-450AAA Laser Lens R,49.41,0.6060902
B0BRLHGX9G,"Newest Lenovo Chromebook 14"" FHD Touchscreen Laptop for Business,Student, Octa-Core MediaTek MT8183,",Lenovo,Computers,245.95,401.4854630913415,155.5354630913415,155.5354630913415,63.238651389039035,15,0.7469162,Lenovo Chromebook Flex 5 Convertible 2-in-1 Laptop,394.0,0.7830614,"Lenovo Chromebook S330 Laptop, 14-Inch FHD Display",195.0,0.77816314,Lenovo Tab M10 FHD Plus (2nd Gen) - 2021 - Kids Mo,199.0,0.76214254
B00SKHWVSE,"CableWholesale 1/4 inch Stereo Audio Patch Cable, 1/4 Male to Male Nickel Plated Connectors, 24AWG, ",CableWholesale,Computers,10.96,11.399952709382195,0.4399527093821938,0.4399527093821938,4.014167056406878,15,0.6205071,"CableWholesale Cat5e Ethernet Cable, 24AWG, RJ45 G",11.33,0.66198087,CableWholesale RG59U Coaxial BNC to RCA Video Cabl,9.22,0.6526418,Monoprice Video Cable - 10 Feet - Black | RG-58 an,6.57,0.63511634
B09STCY9HB,"Jingchengmei 12-Port Blank Keystone Panel 1U Hinged Universal Blank Patch Panel for 19"" Standard Rac",JINGCHENGMEI,Computers,13.99,17.36253913530096,3.3725391353009595,3.3725391353009595,24.10678438385246,15,0.67043686,"24-Port Blank Keystone 1U Patch Panel, 19"" Rackmou",19.99,0.84636486,"1U Rackmount Keystone Rack Panel, 16 Port Blank Ke",18.28,0.80787575,Vertical Cable 24 Port Blank Patch Panel - 1U,39.0,0.75916886
B0BB85L8GG,2 Port Dual Monitor KVM Switch HDMI + DisplayPort 4K 60Hz YUV 4:4:4 with Audio and USB 2.0 HUB CKL-6,CKL,Computers,129.99,138.4033220181474,8.413322018147397,8.413322018147397,6.472284035808444,15,0.7578934,CKLau 4Kx2K@60Hz 2 Port KVM HDMI Switch with Audio,49.99,0.86230874,CKLau 4Kx2K@60Hz Dual Port 3 Monitor KVM Switch HD,269.0,0.8535322,CKL KVM Switch Triple Monitor DisplayPort 2 Port 4,369.0,0.8525531
B01KH54A6C,CANADUINO 10 x Atmega328P-PU MCU - Bootloader for Arduino UNO Installed,Unknown,Computers,44.36,194.93041507687423,150.5704150768742,150.5704150768742,339.4283477837561,15,0.50296265,risingsaplings 2pcs ATMEGA328P-PU with UNO R3 boot,27.99,0.631917,Adafruit ItsyBitsy 32u4-5V 16MHz,13.0,0.55456394,GIGABYTE AORUS GA-Z270X-Gaming K7 Gaming Motherboa,248.86,0.5100547
B07NQQSHDV,BRIGHTFOCAL New Screen Replacement for Lenovo P/N 5D10M57333 11.6 Non-Touch HD WXGA Slim LED Screen ,Unknown,Computers,28.85,54.63427103398064,25.784271033980637,25.784271033980637,89.37355644360706,15,0.8370706,BRIGHTFOCAL New Screen Replacement for Lenovo Idea,47.8,0.9036084,BRIGHTFOCAL New Screen Replacement for Lenovo idea,98.21,0.8718983,BRIGHTFOCAL New Screen Replacement for Lenovo Idea,28.85,0.8707511
B076445HRP,Griffin 10 ft USB to Lightning Cable - Black,Griffin Technology,Computers,15.99,15.998772993979793,0.008772993979793142,0.008772993979793142,0.05486550331327794,15,0.63077486,StarTech.com 2m (6ft) Long Black Apple 8-pin Light,18.0,0.698944,"Long USB C to Lightning Cable 10ft,[Apple MFi Cert",17.99,0.66511995,LAX iPhone Charger Lightning Cable - MFi Certified,13.88,0.66281563
B09M8HQ6SG,MicaYoung 11 Inch Laptop Sleeve Compatible with 11.6 Inch MacBook Air/Mac 12/11.6 Acer Asus HP Samsu,MicaYoung,Computers,13.99,14.896271929667417,0.9062719296674171,0.9062719296674171,6.477998067672745,15,0.8384586,"Allinside 11-12"" Laptop Sleeve Compatible with Mac",15.99,0.8739929,Arvok 11 11.6 12 Inch Laptop Sleeve Multi-Color & ,10.99,0.8658899,"AMARY Laptop Sleeves 11.6"" 12"" Laptop Handle Bag N",14.99,0.8509526
B0BMQ3YJTR,"LG 27UN880-B Ultrafine Monitor 27” UHD (3840 x 2160) IPS Display, sRGB 99% Color Gamut, VESA Display",LG,Computers,514.49,265.95108434341165,-248.53891565658836,248.53891565658836,48.30782243709078,15,0.73381263,LG 27UL850-W 27 Inch UHD (3840 x 2160) IPS Display,329.99,0.86015475,LG 32GP850-B 32 UltraGear QHD (2560 x 1440) Nano I,396.99,0.77774835,LG 27QN600-B 27” QHD (2560 x 1440) IPS Display wit,246.99,0.76978743
B07C1DNX91,New US Black English Laptop Keyboard Replacement for Dell Latitude 3550 3560 3570 3580 3588,Ndliulei,Computers,19.78,24.670720334808227,4.8907203348082255,4.8907203348082255,24.72558308800923,15,0.68619186,New Laptop Keyboard (Without Frame) Replacement fo,18.99,0.8062641,New US Black Backlit English Laptop Keyboard (With,31.89,0.7738244,New Laptop Keyboard (Without Frame) Replacement fo,23.09,0.7185173
B09CLK74GK,"TASYL Track 128 GB USB 3.1 Flash Drive, with Bluetooth Tracker, Find Your Drive Quickly & See Last K",TASYL,Computers,24.99,21.33720076978396,-3.65279923021604,3.65279923021604,14.617043738359502,15,0.5485105,128GB USB 3.1 3.0 Flash Drive Bulk 2 Pack Multipac,13.99,0.5754058,SanDisk 16GB Ultra Fit USB 3.1 Low-Profile Flash D,15.06,0.5674653,SanDisk 64GB (Two Pack Bundle) Cruzer Force Flash ,17.17,0.5639123
B07G8LV3GT,2.0 Super Mario 64GB USB External Hard Drive Flash Thumb Drive Storage Device Cute Novelty Memory St,Mama Bear's Gift Shop,Computers,21.75,12.100904472732719,-9.649095527267281,9.649095527267281,44.36365759663118,15,0.692552,"Cute USB Flash Drive 64GB, Aretop USB2.0 Cute Cart",12.99,0.74398947,2.0 Black Skeleton Skull Red Eyes 16GB USB Externa,9.25,0.72517055,8GB USB Flash Drive with Cute Rilakkuma Shape 8G M,8.99,0.7209823
B07NQQCGKD,BRIGHTFOCAL New Screen Replacement for Acer Aspire 5 A515-51G-53V6 15.6 Non-Touch 1080P FHD WUXGASli,Unknown,Computers,57.01,64.1321483047461,7.122148304746098,7.122148304746098,12.492805305641287,15,0.8063532,BRIGHTFOCAL New Screen Replacement for Acer Aspire,55.01,0.95306534,BRIGHTFOCAL New Screen Replacement for Acer Nitro ,84.01,0.90750647,BRIGHTFOCAL New Screen Replacement for B156HTN03.8,56.01,0.83071804
B0B94HVVPB,"ROCCAT Kone XP Air – Wireless Customizable Ergonomic RGB Gaming Mouse, 19K DPI Optical Sensor, 100-h",ROCCAT,Computers,119.99,91.82863063150688,-28.161369368493112,28.161369368493112,23.46976362071265,15,0.5884689,"ASUS ROG Strix Scope RX EVA Edition, 100% RGB Gami",279.0,0.62597924,"Logitech G203 Prodigy Wired Gaming Mouse, 8,000 DP",27.99,0.607303,"ELECOM EX-G Pro Trackball Mouse, Wired, Wireless, ",69.99,0.5956725
B08X75JDK6,"auaua Case for iPad Air 5th Generation(2022), iPad Air 4th Generation (2020), with Pencil Holder, Au",Auaua,Computers,35.9,18.640492219651268,-17.25950778034873,17.25950778034873,48.07662334358978,15,0.8545293,"auaua Case for iPad 9th Generation 2021, iPad 8th ",35.9,0.8995663,iPad Air 5th Generation Case 2022 10.9 Inch iPad A,12.88,0.86902726,"ESR for iPad Air 5th Generation Case (2022), iPad ",19.99,0.8681035
B01N1ST5PW,256GB SSD Apple MacBook Pro Retina 13” 2012/Early 2013 15” A1398 2012/Early 2013,BIZON,Computers,21.83,110.82988661529811,88.99988661529811,88.99988661529811,407.6953120261022,15,0.62920016,Samsung MZ-NLN128C PM871b 128GB M.2 2280 SATA 6Gb/,29.99,0.65277267,Hitachi HTS541616J9SA00 160GB Hard Drive,82.4,0.6513311,"NEW 320GB 2.5"" SATA HDD Hard Disk Drive for Apple ",27.99,0.6362803
B07WW248VG,"Dell Optiplex 790-MT Desktop PC, Intel Core i7, 16GB Memory, 256GB Solid State Drive, Windows 10, OD",Dell,Computers,164.95,238.07610469909943,73.12610469909944,73.12610469909944,44.332285358653806,15,0.8311194,"Dell OptiPlex 5040-SFF, Core i7-6700 3.4GHz, 16GB ",242.37,0.90095174,Dell Optiplex 7060 SFF Desktop i5-8500 UP to 4.10G,508.85,0.87243307,Dell Optiplex 7010 Business Desktop Computer (Inte,217.88,0.86121404
B01HI6TVTE,Gikfun SMD SMT Components Practice Board Solder Skill Training Beginner DIY Kit EK1674,Gikfun,Computers,8.68,32.573708473323244,23.893708473323244,23.893708473323244,275.27313909358577,15,0.45676538,Gikfun Electronic LED Flashing Lights Soldering Pr,12.28,0.67010564,Raspberry Pi 3 Prototyping Board Proto Breadboard ,7.99,0.48313892,EKWB EK-HD Tube D.I.Y. Kit for 10 and 12mm Id Rigi,30.73,0.47885603
B0CBMM3DS6,"Gigabit SFP to RJ45 Copper SFP Module, 1000Base-T Mini GBIC, 1.25G SFP to Ethernet Module, for Cisco",Ipolex,Computers,16.99,39.17952696088102,22.18952696088102,22.18952696088102,130.60345474326678,15,0.75033414,"2Pack 1000BASE-T Copper SFP Transceiver, SFP to RJ",36.99,0.8794403,4PCS 1000BASE-T Gigabit SFP to RJ45 Copper Etherne,64.41,0.85564613,"10Gb SFP+ RJ45 Module, 10Gbase-T Ethernet SFP+ Cop",82.0,0.8258163
B0113OYHAU,"Lenovo Ideapad V570 Laptop LCD Screen Replacement 15.6"" Wxga Hd LED Matte",Lenovo,Computers,57.77,56.349015589792465,-1.420984410207538,1.420984410207538,2.459727211714623,15,0.75294906,SCREENARAMA New Screen Replacement for Lenovo Thin,52.05,0.79021066,Lenovo THINKPAD T450 New Replacement LCD Screen fo,46.02,0.7800635,Sony Vaio Pcg-71913L Laptop LCD Screen Replacement,57.77,0.7787703
B072QB7LRJ,1PC 868M/900M/915Mhz Antenna Module Aerial 5dbi Omni Direction SMA Male Folding USA Shipping,Best Seller,Computers,5.99,20.656768652992973,14.666768652992973,14.666768652992973,244.85423460756212,15,0.5910905,TRENDnet 5/7 dBi Outdoor Dual Band Omni Antenna Ki,29.92,0.6606468,8dBi 2.4G/5G Dual Band 5.8MHz Wireless WiFi Router,7.99,0.65188366,CORONIR 33ft Low Loss SMA Extension Cable SMA Male,15.99,0.6487342
B0052KPUWQ,"Koolance LIQ-705CL-B 705 Liquid Coolant, Electrically Insulative, Colorless, 700ml (24 fl oz)",Koolance,Computers,31.34,39.82516950748003,8.485169507480027,8.485169507480027,27.074567669049227,15,0.46325055,"Koolance LIQ-702YL-B 702 Liquid Coolant, High-Perf",24.44,0.949299,"Koolance LIQ-702GN-B 702 Liquid Coolant, High-Perf",24.44,0.94543,MoneyQiu HY-700-20g Thermal Conductivity:>3.14W/m-,6.99,0.4420209
B0BYJHHV9C,Thermaltake TH360 ARGB Motherboard Sync Edition AM5/AMD/Intel LGA1200 Ready All-in-One Liquid Coolin,Thermaltake,Computers,189.46,124.41498045872306,-65.04501954127694,65.04501954127694,34.33179538756304,15,0.68076414,"Thermaltake Floe 240mm, 16.8 Million Color Softwar",146.98,0.7846693,Enermax Liqmax III 360 White A-RGB AIO CPU Liquid ,91.79,0.7136873,Thermaltake V250 Motherboard Sync ARGB ATX Mid-Tow,59.99,0.7044877
B00WMLY6TG,"Logitech BCC950 Desktop Video Conferencing Solution, Full HD 1080p B23 Video Calling, Hi-Definition ",Logitech,Computers,171.74,227.13327794112857,55.39327794112856,55.39327794112856,32.25415042571827,15,0.68631154,Logitech ConferenceCam CC3000e All-in-One HD Video,989.0,0.8271837,Logitech ConferenceCam Connect All-in-One Video Co,432.0,0.81730217,"Logitech HD Pro Webcam C920, Widescreen Video Call",64.49,0.76476
B07K7QRKPS,DBParts CPU Cooling Fan Compatible For Dell Inspiron 15-3537 15R-5537 17R-5721 17R-5737 M531R-5535 M,DBParts,Computers,19.95,25.943974794498256,5.993974794498257,5.993974794498257,30.044986438587756,15,0.74359035,QUETTERLEE New Laptop CPU Cooling Fan for Dell Ins,9.99,0.7918246,Dell CPU Fan,9.08,0.7913933,New Laptop CPU Cooling Fan for HP Envy 15-AE 15-AE,14.99,0.7900002
B09XSJTC4H,"Contixo Kids Tablet K101A, 10-inch HD, Ages 3-7 Toddler Tablet with Camera, Parental Control, Androi",Contixo,Computers,69.99,64.78901196654779,-5.200988033452205,5.200988033452205,7.4310444827149675,15,0.75141317,"Contixo Kids Tablet V9, 7-inch HD, Ages 3-7, Toddl",59.99,0.9113867,"Contixo Kids Tablet K102, 10-inch HD, ages 3-7, To",79.99,0.87055403,"Contixo V8-4 7” Kids Tablet, 2GB RAM, 16GB Storage",59.99,0.84018433
B002KMITKO,HP Mini 110-1036NR 10.1-Inch White Netbook - Up to 6.75 Hours of Battery Life,HEWLETT PACKARD,Computers,360.0,371.0735580781141,11.073558078114104,11.073558078114104,3.0759883550316953,15,0.70507044,"HP Elite Desktop PC Package, Intel Core 2 Duo Proc",124.06,0.7328135,HP 14-inch Full HD Stream Laptop PC (Intel Celeron,289.99,0.72319937,"HP Elitebook X360 1030 G2, Windows 10, i7-7600U, 2",496.47,0.710739
B09XQZDRXZ,"Feihe 15 Inch Full HD Monitor 1920x1200 LED Computer Monitor with HDMI VGA Build-in Speakers, 60Hz R",Feihe,Computers,105.99,218.38328664168378,112.39328664168379,112.39328664168379,106.04140639841853,15,0.75131625,Feihe 17 Inch Full HD 1920x1200 LED Monitor with H,109.89,0.9695399,"HTNZIRL 24 Inch Computer Monitor, Build-in Speaker",94.99,0.7945869,"ViewEra V172SV2-B TFT LCD Gaming Monitor 17"" Scree",279.0,0.7695298
B07WFX475X,"TRENDnet TUC-ETG, USB Type-C to Gigabit Ethernet LAN Wired Network Adapter for Windows Compatible wi",TRENDnet,Computers,15.99,22.177926675079302,6.187926675079302,6.187926675079302,38.69872842451095,15,0.6798613,StarTech.com USB C to Gigabit Ethernet Adapter - W,22.62,0.7746645,Cable Matters Plug & Play USB C to Ethernet Adapte,15.99,0.77024865,"USB C to Ethernet Adapter, CableCreation USB Type-",13.99,0.7669728
B071CGRWJV,"Bruni Screen Protector Compatible with Lenovo ThinkPad X1 Yoga 2nd Gen. 2017 Protector Film, Crystal",Bruni,Computers,21.29,17.719668833406985,-3.5703311665930144,3.5703311665930144,16.76999138841247,15,0.6949806,[2 Pack] EpicGadget Screen Protector for Lenovo Yo,7.82,0.74242395,PcProfessional Screen Protector (Set of 2) for Len,14.99,0.73672295,Hoyumi Paper Feel Screen Protector for Lenovo Yoga,21.99,0.73306143
B0BRQ6Q2FX,"BiTECOOL Windows 11 Laptop, 14 inches HD Clear Display, Intel Celeron J4005 Dual Core, 6GB RAM and 2",BiTECOOL,Computers,199.0,381.4423811370055,182.4423811370055,182.4423811370055,91.67958851105804,15,0.74490494,ALLDOCUBE Laptop Computers with Windows 11 GT Book,299.99,0.7713964,HP Stream 11.6 inch Laptop (Intel Celeron N3050 1.,259.99,0.76140416,"HP ProBook x360 11 G5 11.6"" 2-in-1 Touchscreen (In",299.99,0.75806665
B07W9FBFP3,BRIGHTFOCAL New Screen Replacement for N156HGE-EAB REV.C2 FHD 1920x1080 LCD LED Display Panel,Unknown,Computers,52.29,67.22180952056328,14.931809520563284,14.931809520563284,28.555765003945847,15,0.8478798,BRIGHTFOCAL New Screen Replacement for N156BGA-EA3,45.2,0.90689516,BRIGHTFOCAL New Screen Replacement for LTN156AR33-,61.01,0.90372515,BRIGHTFOCAL New Screen Replacement for NT156WHM-N4,45.94,0.8719162
B08MTNPZTC,"Valkit MacBook Air 13 inch Case 2010-2017 Release A1369 A1466, Plastic Hard Shell Case Only Compatib",valkit,Computers,16.99,20.0991630461959,3.109163046195903,3.109163046195903,18.299959071194248,15,0.83551717,MOSISO Compatible with MacBook Air 13 inch Case (M,14.99,0.8971361,MOSISO Compatible with MacBook Air 13 inch Case (A,28.99,0.8831769,MOSISO Compatible with MacBook Air 13 inch Case (M,16.99,0.8683001
B01DL8EDIC,"Dell 13.3"" 2-in-1 Full HD Touchscreen Flagship Laptop, Intel Core i7-6500U Processor, 8GB RAM, 256GB",Dell,Computers,749.0,544.6426367631415,-204.35736323685853,204.35736323685853,27.284027134427042,15,0.86561185,Dell Touchscreen 2-in-1 Inspiron 5000 Backlit Keyb,749.0,0.92191,"Dell 2022 Newest Inspiron 15 3000 3511 15.6"" FHD T",689.0,0.882425,"Dell 2019 Inspiron 15 6"" HD Touchscreen Flagship P",269.0,0.87761533
B0B2R4C4FS,HOLIMET iPad Pro 11 inch Case 2022 4th/3rd/2nd/1st Generation Cases 2021/2020/2018 with Pencil Holde,H HOLIMET,Computers,34.9,34.67424541598586,-0.2257545840141404,0.2257545840141404,0.6468612722468207,15,0.843832,HOLIMET iPad Pro 12.9 Case 2022 6th/5th/4th/3rd Ge,39.9,0.91373885,Aoub New iPad Pro 11 Inch Case 2022(4th Gen)/2021(,19.99,0.871029,Gahwa New iPad Pro 11 Inch Case 2022(4th Gen)/2021,16.99,0.8702581
B079W42KH8,"Lenovo IdeaCentre 510A Desktop PC with Intel i5-8400, 8GB 1TB HDD - 90HV0001US",Lenovo,Computers,799.0,474.3965614171149,-324.6034385828851,324.6034385828851,40.626212588596374,15,0.77473736,"Lenovo Ideapad 500 80NT00FTUS Laptop (Windows 10, ",454.0,0.81736887,"2018 Lenovo Business Laptop PC 15.6"" Anti-Glare To",745.9,0.80550253,"Lenovo IdeaPad 330-15IGM 15.6"" HD Anti-glare Lapto",139.16,0.79300785
B08MZQ6CY4,"Cocar 19.5"" CCTV Monitor, 16:9 1600x900 BNC Monitor with Component BNC/YPbPr/VGA/HDMI/Audio Jack, TF",Unknown,Computers,178.88,146.0518887201281,-32.828111279871905,32.828111279871905,18.352030008872937,15,0.63713926,"Cocar CCTV Security Monitor, 17 inch BNC Monitor w",165.49,0.86281925,"101AV 19.5"" 5MP Super HD TVI, AHD, CVI & CVBS 16:9",197.0,0.7220876,"Eyoyo 12 inch CCTV Monitor, 1366x768 TFT LCD Mini ",89.99,0.6626044
B00SM91LGS,USB A to Micro B Colored Phone Charging Cable 3FT-PVC jacket-Orange,APLWL,Computers,5.24,10.196676396813716,4.956676396813716,4.956676396813716,94.59306100789534,15,0.6116759,"CableCreation USB to Micro USB Cable 4 FT, Braided",8.99,0.6762265,UCEC Right Angle USB 3.0 Cable - USB A Male to Mic,6.99,0.6438168,"Micro USB Left Angle,Micro USB Extension Cable, 90",6.99,0.62845945
B06XDLFGPL,CMS 16GB (2X8GB) DDR3 12800 1600MHz Non ECC SODIMM Memory Ram Upgrade Compatible with Lenovo® Thinkp,Computer Memory Solutions,Computers,32.99,29.013715361604977,-3.9762846383950254,3.9762846383950254,12.052999813261671,15,0.85005873,CMS 8GB (2X4GB) DDR3 12800 1600MHz Non ECC SODIMM ,25.0,0.9564077,CMS 16GB (2X8GB) DDR3 10600 1333MHZ Non ECC SODIMM,32.99,0.89391357,CMS 4GB (1X4GB) DDR3 12800 1600MHz Non ECC SODIMM ,16.0,0.88460785
B009QFJ4JI,AMD Opteron 6300 Series Processors OS6320WKT8GHKWOF,AMD,Computers,249.01,99.73652312782856,-149.27347687217144,149.27347687217144,59.946779997659306,15,0.7654874,Intel SR0T8 CPU I5-3470 3.2GHZ Core i5-3470 3.20GH,26.35,0.7936592,Intel Core i5 i5-3340M 2.70 GHz Processor - Socket,54.04,0.78451675,Intel Core 2 Duo E7600 3.06GHz 3.067GHz 3M/1066 SL,55.0,0.7815429
B00IFWXAZ2,T POWER 6.6ft Long Ac Dc Adapter for Grace Digital GDI-IRC7500 GDI-IRC7505 GDI-IRC6000 GDI-IRC6000W ,T POWER,Computers,13.99,20.85561088467585,6.865610884675851,6.865610884675851,49.07513141297963,15,0.57166827,T POWER 6.6 ft Long Cable for 6V Conair SU1W Sound,13.99,0.63553905,T-Power (6.6 ft Long Cable) Compatible with Yamaha,13.99,0.62953323,T-Power (6.6ft Long Cable) AC Adapter fit Compatib,14.99,0.5989186
B07BBP4GXS,2 PCS Hebrew Keyboard Stickers with Non-Transparent Black Background & White Letters for PC/Computer,YYubao,Computers,5.95,10.206556342921512,4.256556342921512,4.256556342921512,71.53876206590778,15,0.6804243,"3-Pack Universal Hebrew Keyboard Stickers, Replace",9.99,0.8256886,"[2PCS Pack] HRH English Keyboard Stickers,PC Keybo",7.99,0.7772435,[2 Packs] Replacement Keyboard Stickers on Non Tra,5.99,0.74546134
B01HFM30RU,Zebra Tall Top HAT Case for Raspberry Pi 3B+ Pi2 B - Black Ice,C4Labs,Computers,24.99,28.08545138810179,3.095451388101793,3.095451388101793,12.386760256509778,15,0.5246608,C4Labs Zebra PoE + Case Kit for Raspberry Pi 4B or,19.99,0.68395615,"Zebra Case - Raspberry Pi 3 B+, Pi 2, Pi B+ and 2B",19.99,0.6328764,USA GEAR Mini PC Case Compatible with Raspberry Pi,15.99,0.5854993
B08NWVF5RD,Screen Protector Keyboard Cover Design for Microsoft Surface Laptop Go 2 2022 & Surface Laptop Go 20,MUBUY-GOL,Computers,9.88,21.06822141336415,11.188221413364149,11.188221413364149,113.24110742271405,15,0.83817905,17.3” Laptop Anti Blue Light Anti Glare Screen Pro,13.99,0.9698153,"15.6"" Laptop Anti Blue Light Anti Glare Screen Pro",8.99,0.9600464,"Eyes Protection Filter Fit 15"" Dell XPS 9575 2-in-",15.79,0.95218545
B01CJ3S6GK,THUNDERBOLT DOCK TB15 WITH 180W,Dell,Computers,45.25,222.58702730941343,177.33702730941343,177.33702730941343,391.9050327279855,15,0.6219061,Dell Dock - WD19S 130W Power Delivery - 180W AC,164.1,0.69613796,Dell Latitude E6330 13in Notebook PC - Intel Core ,184.24,0.65952986,Dell Computer 450-AFGM Dock Wd15 W/ 130w Adpt (Ren,39.99,0.64693177
B00W75AULA,PNY XLR8 8GB DDR3 1866Mhz CAS 10 Desktop Kit (PC3 14900) MD8192KD3-1866-K-X10-Z,PNY,Computers,59.95,87.65173964569483,27.70173964569483,27.70173964569483,46.2080728034943,15,0.7115987,Mushkin Redline Black – DDR4 DRAM – 16GB (2x8GB) U,85.37,0.74966687,Corsair CMZ32GX3M4X1866C10 Vengeance 32GB (4x8GB) ,258.68,0.74756384,PNY XLR8 Gaming 16GB (2x8GB) DDR4 DRAM 3200MHz (PC,44.99,0.74737114
B01MCTHIYF,TNP Products USB Type C to USB Type A + VGA + Type C Power Charging Port,TNP Products,Computers,23.99,13.551136237878506,-10.438863762121493,10.438863762121493,43.51339625728009,15,0.65097463,25CM USB Type C Extension Cord Gold Plated USB 3.0,8.99,0.68658656,"USB Type C Extension Adapter, Kework 2-Pack 90 Deg",6.99,0.68492854,AAOTOKK Right Angle USB C to USB C 3.1 Gen 2 Cable,9.79,0.6683366
B00305Y4PY,4GB DDR3 PC3-8500 1066MHz 240pin ECC Registered HP 500204-061,HP,Computers,18.94,51.479591356697526,32.53959135669753,32.53959135669753,171.80354464993414,15,0.75213623,HP 501540-0012GB DDR3 PC3-10600 1333MHz 240pin ECC,41.25,0.910952,HP Low Power Kit 4 GB DDR3 1333 (PC3 10600) RAM 64,51.93,0.8203358,HP 16GB (1x16GB) Dual Rank x4 PC3L-10600R (DDR3-13,67.23,0.80724925
B00L1XU5WS,JSER Low Profile 9.5mm Height USB 2.0 Female Back Panel to Motherboard 9pin Cable with PCI Bracket 4,chenyang,Computers,7.99,9.904993647024163,1.914993647024163,1.914993647024163,23.967379812567746,15,0.6466217,BAIRONG 10cm Motherboard USB 2.0 Adapter Cable A F,6.99,0.7589906,"Duttek USB Header Splitter Cable,10 pin Motherboar",8.87,0.7102505,Sedna 10 Port USB 2.0 Internal Hub (Floppy Bay),28.8,0.67052543
B09FM4DT6R,Glorious G-Skates - 100% Virgin PTFE Mouse Feet for Model O/O Minus (GO-GSKATE),Glorious PC Gaming Race,Computers,5.76,33.172456199713764,27.412456199713766,27.412456199713766,475.91069791169735,15,0.5375487,(Mouse + Grip Tape) Glorious Model O Gaming Mouse ,57.0,0.60851276,"ELECOM EX-G Pro Trackball Mouse, Wired, Wireless, ",69.99,0.5683067,"HP PS/2 Scrolling Mouse, 5185-1212",60.0,0.5547042
B08C6B9PDT,Premium Anti Blue Light Screen Protector for 49 Inches TV. Filter Out Blue Light That Relieve Comput,EZ-Pro Screen Protector,Computers,65.99,31.801504179760833,-34.18849582023916,34.18849582023916,51.80860103082159,15,0.7160329,Anti Blue Light Screen Protector for 48 Inches TV.,65.99,0.97918606,Anti Blue Light Screen Protector (3 Pack) for 14 I,17.99,0.8378147,Anti Blue Light Screen Filter for 19 Inches Widesc,38.99,0.8069219
B09NM5KCKF,"EVGA SuperNOVA 850 GM, 80 PLUS Gold 850W, Fully Modular, ECO Mode with FDB Fan, 10 Year Warranty, In",EVGA,Computers,149.99,311.44100027810146,161.45100027810145,161.45100027810145,107.64117626381855,15,0.68093115,"EVGA SuperNOVA 1000 G6, 80 Plus Gold 1000W, Fully ",189.99,0.7523474,"EVGA SuperNOVA 1000 G+, 80 Plus Gold 1000W, Fully ",195.9,0.7396169,SilverStone Technology SilverStone SX700-PT SFX 70,137.21,0.72184134
B09LBD7CVM,Snugg iPad Mini 6 Leather Case (2021 6th Generation) - Flip Stand Protective Cover for iPad Mini 6 C,Snugg,Computers,29.99,16.911076799494925,-13.078923200505074,13.078923200505074,43.61094765090055,15,0.82033,"Supveco iPad Mini Case for ipad Mini 6 8.3"" 2021 C",14.99,0.8539475,Thankscase Case for iPad Mini 3/2 / 1 (Not for iPa,13.99,0.8318044,Snugg iPad 10.2 Case/iPad Air 3 Case/iPad Pro 10.5,22.28,0.8308325
B004E3O8J8,"Business Source Privacy Screen Filter, Black (20668)",Business Source,Computers,26.9,46.825694304690174,19.925694304690175,19.925694304690175,74.07321302858801,15,0.7123906,22 inch Computer Privacy Screen Filter - Suitable ,37.99,0.7762493,19.5 Inch Computer Privacy Screen Filter for 16:9 ,32.79,0.7599219,SenseAGE Privacy Screen Protector Filter for Wides,73.99,0.753894
B0BHSG8W5G,"Kinstone Kids Tablet,10.1 inch Android Tablet PC,Quad-Core 2.0Ghz 3GB RAM 32GB ROM, Safety Eye Prote",Kinstone,Computers,139.99,88.12863874617595,-51.86136125382406,51.86136125382406,37.046475643848886,15,0.70348424,"SGIN 10 inch Tablet, Android 12 Tablet Quad-Core A",99.99,0.73568815,"Tablet 64GB 10 Inch Tablet, Android 11 Tablets, 60",49.99,0.7335968,"DOOGEE T20 Android 12 Tablet,15GB+256GB 10.4 inch ",220.79,0.71593153
B09V4F4V51,"HP 2022 17.3"" FHD IPS Display Laptop PC Intel 11th Gen 4-Core i5-1135G7 12GB DDR4 RAM 256GB NVMe SSD",HP,Computers,749.99,759.8822007886249,9.892200788624905,9.892200788624905,1.3189776915192075,15,0.84900546,"HP 2022 Pavilion X360 14"" FHD IPS Touch 2-in-1 Lap",899.99,0.8991947,"2021 Newest HP 15.6"" FHD IPS Touchscreen Laptop PC",859.99,0.89752483,"HP 2022 21.5"" FHD IPS All-in-One Desktop Intel 2-C",549.99,0.89193285
B08S3DH83T,19V 3.42A 65W Replacement Laptop Battery Charger for Samsung Notebook 9 Pro NP940X5N Ac Adapter Powe,Battpit,Computers,17.99,23.73985089224083,5.749850892240833,5.749850892240833,31.96137238599685,15,0.74777806,Ac Adapter Charger replacement for Samsung NP300V5,10.99,0.80801475,DTK 19V 4.74A 90W Ac Adapter for Samsung Laptop Co,15.9,0.7798018,"Ac Adapter Charger for Acer Aspire E1-572-6484, E1",18.69,0.7671597
B0BM9Y639B,Perixx PERIBOARD-335RD Wired Ergonomic Mechanical Compact Keyboard - Low-Profile Red Linear Switches,Perixx,Computers,69.99,49.49046050907707,-20.499539490922928,20.499539490922928,29.28924059283173,15,0.69035274,Perixx PERIBOARD-426 Wired Mini Low Profile Keyboa,19.99,0.7850017,"Perixx PERIBOARD-106W DV, Wired Performance Full S",7.99,0.7533028,"Perixx PERIBOARD-517 Wired Washable USB Keyboard, ",39.99,0.73041785
B07SDPB2VK,593553-001 MU06 Laptop Battery for HP Pavilion G6 Seires g6-2249wm g6-2235us g6-2210us g6-1b79dx g6-,NATNO,Computers,24.99,28.769492038228066,3.7794920382280672,3.7794920382280672,15.124017760016276,15,0.73212826,756743-001 VI04 Laptop Battery for Envy 15 15t 17 ,26.99,0.83032185,New Laptop replacement Battery HP Compaq PRESARIO ,17.99,0.80509466,740715-001 OA04 Laptop Battery for HP 15-R 15-G 15,23.99,0.791018
B01MZ8TIBG,Voyager Professional Backpack #7516,Unknown,Computers,375.0,47.79861820463954,-327.2013817953605,327.2013817953605,87.25370181209612,15,0.80659735,Canvas Leather Backpack Vintage Backpack Rucksack ,29.99,0.8478925,Men's Full Grain Leather Briefcase Large 17 Inch B,159.99,0.8228679,ECOSUSI Women Briefcase PU Leather Laptop Bag Coll,59.99,0.8190496
B0B6J519ZJ,"USB C to Lightning Cable, Type C to Lightning Cable 6FT, ADPROTECH [Apple MFi Certified] Fast Chargi",ADPROTECH,Computers,9.09,12.82431159289266,3.7343115928926593,3.7343115928926593,41.081535675386796,15,0.7436864,"Long USB C to Lightning Cable 10ft,[Apple MFi Cert",17.99,0.8767892,"4Pack [Apple MFi Certified] Lightning Cable 6ft, A",12.99,0.80238366,KINPS MFI Certified (3ft/1m) USB C to Lightning Fa,10.99,0.77998036
B08RSD56TM,"Navy Peony Inspiring Italy Travel Stickers (28 Pack) - Cute, Waterproof, Small | Aesthetic Adventure",Navy Peony,Computers,9.99,7.533691833128389,-2.4563081668716116,2.4563081668716116,24.58766933805417,15,0.6626179,"300 Pieces Mixed Stickers for Water Bottles, Vinyl",8.99,0.6964726,"Green Plant Stickers, 100 Pcs Cactus Stickers Viny",7.99,0.6774005,"200PCS Inspirational Stickers for Water Bottles, M",9.99,0.6766431
B08VHPWPG1,Head Case Designs Officially Licensed Despicable Me Banana Funny Minions Leather Book Wallet Case Co,Head Case Designs,Computers,32.95,16.812686604570185,-16.137313395429818,16.137313395429818,48.97515446260945,15,0.6616548,"iPad Mini 1 2 3 4 Case, Newshine PU Leather Flip S",10.99,0.68992543,"iPad Mini 3 Case,iPad Mini 2 Case,iPad Mini Case,U",11.49,0.68655616,"Thankscase Case Compatible with iPad Mini 4, Rotat",10.99,0.6855255
B08PVT9Z3S,Snugg iPad Air 5th Generation Case with Keyboard 2022 / iPad Air Keyboard Case 4th Gen/iPad Pro 11 P,Snugg,Computers,69.99,45.90921988955958,-24.080780110440415,24.080780110440415,34.406029590570675,15,0.81733406,"Qulose Keyboard Case for 10.9"" iPad Air 5th 4th Ge",62.99,0.84950143,iPad Air 5th/4th Generation Keyboard Case 2022/202,37.99,0.8389505,"Earto iPad 6th Generation Case with Keyboard, iPad",58.98,0.82944715
B07X9YD21R,Hftywy Printer Cable 20 FT Braid USB Printer Cable USB 2.0 Printer Scanner Cable USB Type A Male to ,Hftywy,Computers,9.99,8.365494790031722,-1.6245052099682784,1.6245052099682784,16.26131341309588,15,0.724766,SNANSHI Printer Cable 20 Feet USB Printer Cable US,11.99,0.82971436,USB Cable 25 ft Gold-Plated USB 2.0 Cable - A-Male,11.99,0.81565493,"Printer Cable 10Ft,Tan QY USB 2.0 High Speed Gold-",6.39,0.8096248
B0BXCCLJMF,512GB Micro SD Card Class 10 Memory Card SDXC Fast Speed TF Card with a SD Adapter for Nintendo Swit,CAFUNHE,Computers,13.65,13.611863539400392,-0.03813646059960796,0.03813646059960796,0.27938798974071766,15,0.8544392,Micro sd Memory Cards 512GB TF Card 512GB Micro SD,13.99,0.9668121,512GB Micro Sd Card Memory Cards with a SD Adapter,11.68,0.9575908,512GB Micro SD Card Memory Card Class 10 High Spee,15.36,0.93508816
B00JXC0TEI,Cougar ATX12V 1050 Power Supply GX1050V3,COUGAR,Computers,195.49,197.09916263349032,1.609162633490314,1.609162633490314,0.823143195810688,15,0.67469174,"GAMEMAX 1050W ATX 3.0 & PCIE 5.0 Power Supply, 80+",149.99,0.7620586,"Thermaltake Toughpower GF3 1650W, True 600W 12VHPW",289.99,0.69228363,GAMEMAX Rampage Series 1050W PCIe 5.0 80 Plus Plat,159.99,0.6871735
B000KB6E3G,EZ320A8ABA - HP LP3065 LCD Monitor 30 - 2560 x 1600 @ 60 Hz - 16:10 - 12 ms,HP,Computers,482.0,155.8779467109432,-326.1220532890568,326.1220532890568,67.66017703092466,15,0.6303685,HP HC270CR HCE 27IN 2560X1440-QHD 3M:1-Contrast 12,349.0,0.67072725,EM EMAJOR TECHNew Screen Replacement for HP p/n L9,73.13,0.65280676,HP Smart Buy EliteDisplay E231 23-inch LED Backlit,89.99,0.6496147
B09ZPT2ZXN,"LANSLSY 128GB USB C Flash Drive,USB 3.0 Memory Stick 3 in 1 OTG Type C Flash Drive, USB-C Thumb Driv",LANSLSY,Computers,14.99,18.17005411117924,3.18005411117924,3.18005411117924,21.214503743690727,15,0.7730627,"Dolomy USB C Flash Drive, 128GB USB 3.1 to USB C D",27.99,0.82690656,"RAOYI 32GB USB C Flash Drive, 2 in 1 USB 3.0 Type ",8.99,0.81208897,"JOIOT Type C USB Flash Drive, 64GB USB 3.0 Memory ",9.99,0.79500127
B08S73TW65,"Dteck Samsung Galaxy Tab S2 9.7 Case,Protective Slim Shell Stand Cover with Auto Sleep/Wake Feature ",Dteck,Computers,13.99,14.095867439320628,0.10586743932062781,0.10586743932062781,0.7567365212339371,15,0.8203284,Dteck Galaxy Tab A 10.1 Case 2016 Model T580 T585 ,14.99,0.855703,Dteck Case for (2017) Samsung Galaxy Tab A (8.0-In,12.99,0.83978575,Wallet Case for Samsung Galaxy Tab A 8.4-Inch 2020,15.99,0.82895887
B07NS3NQVT,"Spedal Streaming Webcam with Microphone, Software 1080P Full HD H.264 USB Computer Web Camera for De",Spedal,Computers,42.99,52.581694394937536,9.591694394937534,9.591694394937534,22.311454745144296,15,0.66395175,YESPURE Web Camera Webcam 1080P with Built-in Dual,18.99,0.7378452,Webcam with Microphone - QY 1080p Full HD USB Came,24.99,0.7357223,Camera USB 2 Megapixel USB Camera Module USB 3.0 W,65.99,0.70423627
B08NK948ZJ,"NexiGo Portable Monitor - 15.6 Inch Full HD 1080P IPS USB Type-C Computer Display, Eye Care Screen w",NexiGo,Computers,99.99,189.84038838239124,89.85038838239124,89.85038838239124,89.85937431982323,15,0.70856273,"NEOFYTE by ARZOPA Portable Monitor for Laptop, 14.",159.99,0.73561764,TOPOSH Portable Monitor 15.6” USB Type-C Full HD 1,179.99,0.73498046,"ARZOPA Portable Monitor, Ultra Slim Portable Lapto",89.99,0.73172814
B083JJ2R6W,"Olixar Laptop Port Covers USB Anti-Dust Cover - USB-A & USB-C Caps for Laptops, MacBooks, Notebooks ",Olixar,Computers,8.99,23.196747941059044,14.206747941059044,14.206747941059044,158.02834194726412,15,0.60525304,Antrader 10pcs Plastic USB Type A Male Anti-Dust S,5.29,0.7305907,"COMPUTER DUST SOLUTIONS Keyboard Dust Cover, Cover",9.97,0.6344701,"CPU Dust Cover, CPU Computer Desktop PC Mid-Tower ",9.99,0.6216167
B09LMG2VPD,"HENGHUI Color Keyboard for Galaxy Tab S8 11"" 2022 / S7 11 Inch 2020 (SM-X700/X706/T870/T875/T878) Ke",HENGHUI,Computers,37.5,36.159347472113566,-1.3406525278864336,1.3406525278864336,3.575073407697156,15,0.7982244,"HENGHUI Keyboard Case for Galaxy Tab S8 11"" 2022 /",43.0,0.9427514,Fintie Keyboard Case for Samsung Galaxy Tab S8/Tab,41.99,0.8461598,Fintie Keyboard Case for Samsung Galaxy Tab S8 Plu,46.99,0.83626354
B09KMWLBKC,G JGOO Compatible with Newest MacBook Pro 16 inch Case 2023 2022 2021 Release M2 A2780 A2485 M1 Pro/,G JGOO,Computers,9.86,20.234856290550834,10.374856290550834,10.374856290550834,105.22166623276709,15,0.82526296,G JGOO Compatible with MacBook Pro 14 Inch Case 20,9.86,0.92774343,May Chen for MacBook Pro 16 Inch (2023 2021 Releas,19.99,0.85163355,MEEgoodo Case for MacBook Pro 16 inch Case 2023 20,19.99,0.8364585
B008I43JP8,Kodak EASYSHARE Touch M5370 Digital Camera Memory Card 8GB microSDHC Memory Card with SD Adapter,Unknown,Computers,10.79,13.585586069499964,2.795586069499965,2.795586069499965,25.90904605653351,15,0.69720685,Kodak EASYSHARE Touch M5370 Digital Camera Memory ,20.25,0.9348271,Kodak EASYSHARE C1505 Digital Camera Memory Card 8,11.49,0.8033918,Kodak M1073 is Digital Camera Memory Card 8GB (SDH,13.95,0.7385818
B094VT9X8F,"MG3620 USB Cable Printer Cable USB Compatible with Canon MG Series PIXMA MG2525,MG3620,MG6821,MG2522",Storel,Computers,7.99,8.164302087929013,0.17430208792901247,0.17430208792901247,2.1815029778349495,15,0.6304271,TS5120 Power Cord 2 Prong Printer Power Cable Comp,6.99,0.76320595,White 6 ft Hi-Speed USB 2.0 Printer Scanner Cable ,7.67,0.70238185,SNANSHI Printer Cable 20 Feet USB Printer Cable US,11.99,0.67695576
B07DDBL5F7,Oiyagai 10Pcs 2mm Multimeter Test Probe Binding Post Banana Jack Panel Mount (5Red + 5Black),Oiyagai,Computers,10.7,14.54065233686365,3.8406523368636503,3.8406523368636503,35.89394707349206,15,0.49789497,Vertical Cable 24 Port Blank Patch Panel - 1U,39.0,0.54005504,uxcell Plastic Office Computer Desk Grommet Cable ,8.49,0.5132098,Cablecc Panel Mount Type Mini USB 5Pin Male to Fem,6.88,0.506924
B08D7BV8XW,YMDK Customized Blank DSA 1.25 1.5 1.75 2.25 2.75 Keycap 1.4mm PBT for MX Switches Keyboard (2 pcs 2,YMDK,Computers,9.0,24.797059617795504,15.797059617795504,15.797059617795504,175.52288464217227,15,0.7464874,YMDK White Gray Black Mixed 87 Side Print Blank Ke,20.1,0.8028206,Black Blank Thick PBT OEM Profile 87 ANSI Keycaps ,21.5,0.7908203,NPKC Black Gray Mixed Dolch Thick PBT 104 87 61 Ke,23.0,0.7826497
B08DNQCKHF,"Ratesell Case Cover with Auto Wake Sleep for Samsung Galaxy Tab A7 10.4'' SM-T500, SM-T507 Black",Ratesell,Computers,9.95,15.019204950903037,5.069204950903037,5.069204950903037,50.94678342616118,15,0.80956614,ProCase for Galaxy Tab A7 10.4” 2022 2020 (SM-T500,10.99,0.85544187,Thankscase Case for Samsung Galaxy Tab A7 10.4 202,7.99,0.845576,Fintie Slim Case for Samsung Galaxy Tab A7 10.4 In,7.99,0.8327304
B000GB5O7M,"Intellinet, 25 ft. CAT.5E UTP Cross-Over Cable with Snagless Molded Boots",Unknown,Computers,9.95,25.21209722888785,15.26209722888785,15.26209722888785,153.3879118481191,15,0.760615,"Shielded Cat5e 14-Foot Blue Ethernet Cable, Snagle",12.6,0.81834364,"Cat5e 4-Foot Ethernet Patch Cable, Snagless/Molded",15.0,0.8054462,"Cat5e 3 Feet, Ethernet Patch Cable, Snagless/Molde",22.95,0.7955299
B016XQTXRK,AC Adapter Charger for HP Pavilion 14-ab066us 14-ab166us 14-ab167us 14t-ab000 CTO Laptop Notebook Ul,Usmart,Computers,10.99,17.55485658438498,6.564856584384978,6.564856584384978,59.73481878421273,15,0.79258066,Laptop Notebook Charger for HP Pavilion 14-B083EG ,29.99,0.8805419,Ac Adapter Laptop Charger for HP Pavilion X360 2-i,10.99,0.8605926,AC Adapter Charger for HP 15-f300 15-f305dx 15-f33,10.99,0.8406032
B08BLBNTSN,"MOSISO Compatible with MacBook Pro 13 inch Case 2023, 2022, 2021-2016 M2 M1 A2338 A2251 A2289 A2159 ",MOSISO,Computers,18.99,21.605745237358924,2.615745237358926,2.615745237358926,13.774329843912197,15,0.89634997,MOSISO Compatible with MacBook Pro 13 inch Case M2,16.99,0.9537423,MOSISO Compatible with MacBook Pro 13 inch Case 20,17.99,0.9517643,MOSISO Compatible with MacBook Pro 13 inch Case M2,13.49,0.93953276
B0B49YRBFG,"ZAOFEPU 2023 New Android Tablet 10 Inch WiFi HD Display Andorid 10.0GMS Tablets RAM 2+32GB, ROM 800 ",ZAOFEPU,Computers,82.99,103.57100901712519,20.581009017125197,20.581009017125197,24.79938428379949,15,0.7073185,"2023 Newest Android 11.0 Tablet, 2 in 1 Tablet 10 ",84.62,0.7372441,"Tablet 64GB 10 Inch Tablet, Android 11 Tablets, 60",49.99,0.72175586,"EEW Tablet 10 Inch Android 10.0, 1280x800 HD Touch",89.98,0.7209432
B0BC6DHFPF,Crucial X8 2TB Portable SSD - Up to 1050MB/s - PC and Mac - USB 3.2 External Solid State Drive - CT2,Crucial,Computers,114.99,65.25361885242843,-49.736381147571564,49.736381147571564,43.25278819686196,15,0.69332117,"USB Flash Drive 1TB, Portable Thumb Drive 1000GB: ",19.99,0.71668255,2TB Ultra Slim Portable External Hard Drive HDD-US,10.07,0.7132963,"1TB Flash Drive 3.0, Super High-Speed Portable Thu",22.99,0.71115935
B00G8ZTH6Y,USB Flash Drive Doctor Surgeon 8GB 2.0,Ebimay,Computers,9.99,33.774609441101056,23.784609441101054,23.784609441101054,238.08417858960013,15,0.743501,Usbkingdom 32GB USB 2.0 Flash Drive Blue Robot Doc,9.43,0.80347353,10PCS 2.0/3.0 USB Flash Drive Pen Drive Memory Sti,23.99,0.7555249,10 1 GB Flash Drive - Bulk Pack - USB 2.0 1GB Swiv,48.5,0.7550976
B07TZJCJMY,"Trust 23327 Halyx 4 Port USB 3.2 Gen1 Hub, Extra USB-A Ports, 5 Gbps Data Transfer Speed, Hub for PC",Trust,Computers,28.15,42.913694108202236,14.763694108202237,14.763694108202237,52.44651548206834,15,0.7142573,Tripp Lite 4-Port Industrial USB-A 3.0 SuperSpeed ,102.74,0.7478459,StarTech.com 4-Port USB-C Hub - 10Gbps - 3x USB-A ,41.46,0.735801,"BYEASY USB Hub, USB 3.1 C to USB 3.0 Hub with 4 Po",14.99,0.72803104
B09XVLKDQD,Kingston 256GB Canvas Go Plus MicroSD Memory Card with Adapter Works with GoPro Hero 10 Black Bones ,Everything But Stromboli,Computers,30.33,56.763764492113424,26.433764492113426,26.433764492113426,87.15385589223023,15,0.7550647,Kingston 128GB SDXC Micro Canvas Go! Plus Memory C,20.19,0.906785,SanDisk 128GB Micro SDXC Extreme Memory Card (Five,84.85,0.85162306,SanDisk 128GB Micro SDXC Extreme Pro Memory Card (,106.17,0.82085264
B08HGYYVDB,T Phael White Touch Screen Digitizer for Samsung Galaxy Tab 4 - Glass Replacement for SM-T230 T230NU,Unknown,Computers,11.59,38.16363775826369,26.57363775826369,26.57363775826369,229.28073993325012,15,0.7289576,T Phael Black Touch Screen Digitizer for Samsung G,16.99,0.8315563,T Phael Black Compatible Samsung Galaxy SM-T380 To,16.99,0.791154,LCD Screen Replacement and Digitizer Full Assembly,54.39,0.79060096
B07S39SLFY,USB C Flash Drive 512GB OTG Disk for Android Smart Phones Computer TV Car Player Bluetooth Speakers ,Elefull,Computers,54.99,17.92854420355593,-37.06145579644407,37.06145579644407,67.39671903335892,15,0.75869757,"32GB USB Type-C Flash Drive 3.0 Dual Drive, Borlte",9.59,0.80673075,"JOIOT Type C USB Flash Drive, 64GB USB 3.1 Memory ",9.99,0.7945047,Flash Drive 32GB Dual USB C USB 3.0 OTG with Keych,9.99,0.781297
B001G6EJ7C,PANASONIC CF-VEB522M Port Replicator for CF-52mk2,Panasonic,Computers,114.99,60.701386637058086,-54.28861336294191,54.28861336294191,47.21159523692661,15,0.54900557,Dell Latitude 5404 5414 7404 Rugged Audio Port Sim,17.55,0.5909951,Supermicro MCP-260-00039-0N,7.95,0.5770566,IBM 42D0501 Single Port Fibre Channel Host Bus Ada,86.99,0.5730214
B08GCGL6CG,13-13.3 Inch Laptop Sleeve Case for Surface Laptop Studio 5 4 3/Acer Chromebook R13/HP Envy 13/Dell ,IKammo,Computers,16.99,17.94804137055037,0.9580413705503723,0.9580413705503723,5.638854447029855,15,0.8515923,Laptop Sleeve Case 14 Inch Water-Resistant Busines,11.99,0.8925476,Laptop Sleeve Case Compatible with 13 Inch MacBook,15.95,0.8725248,Laptop Sleeve Case 13-14 Inch Waterproof Portable ,17.99,0.8716182
B002XBF4NC,Comprehensive USB 2.0 A to mini B 4 pin Cable 25ft.,Comprehensive,Computers,15.19,7.635070684794185,-7.554929315205815,7.554929315205815,49.736203523408925,15,0.7233032,CablesOnline 5-Pack 6 inch USB 2.0 A-Type Male to ,9.89,0.77995527,15 Feet 15ft 4.6m White Type a to a USB 2.0 Cable ,6.76,0.7604222,USB Cable 25 ft Gold-Plated USB 2.0 Cable - A-Male,11.99,0.7419125
B00WH6PXWK,Genuine Microsoft OEM Xbox One DG-6M1S Blu-ray Disc DVD Drive Replacement with Opening Tool,Microsoft,Computers,39.41,75.63363971587226,36.22363971587227,36.22363971587227,91.9148432272831,15,0.4594185,Blu-Ray Disk Drive Replacement Lite-On DG-6M1S-01B,25.41,0.62719405,New for Lenovo Acer Laptop Internal 9mm Ultra Slim,21.99,0.48300534,Avolusion HD250U3-WH 1TB USB 3.0 Portable External,39.88,0.47747833
B09SPLM5QQ,IMNEXT2U Webcam Cover Slide 3 Packs Ultra-Thin Camera Covers for Computer Laptop Desktop Smartphone ,IMNEXT2U,Computers,6.99,7.968382101779163,0.9783821017791627,0.9783821017791627,13.996882715009482,15,0.7908423,IMNEXT2U Webcam Cover 3 Pack Slide Ultra Thin Lapt,6.99,0.9871003,IMNEXT2U Laptop Camera Cover Slide 3 Pack Ultra Th,7.98,0.9693107,"Aluminum Alloy Laptop Camera Cover, Luxury Metal D",6.99,0.8022926
B000093S42,"Kingston 256 MB Memory, DIMM 168-pin, SDRAM, 133 MHz - 3.3 V, Unbuffered - Non-ECC (297343) Category",Kingston,Computers,29.68,31.11410085948855,1.4341008594885487,1.4341008594885487,4.831876211214787,15,0.74531925,2GB kit (1GBx2) DDR PC2700 ECC Registered Server M,28.24,0.77253294,Corsair CML16GX3M2A1866C10 Vengeance LP 16GB (2 x ,148.02,0.7693393,NVTEK 8GB (2x4GB) DDR3-1600 PC3-12800 Non-ECC UDIM,24.99,0.7667115
B08JLSWCMW,"Case for Kindle Fire HD 8, Fire HD 8 Plus Tablet Case with Sunflower Sticker, Slim PU Leather Cover ",Sindgan,Computers,22.99,19.9826327966757,-3.0073672033243,3.0073672033243,13.081197056652025,15,0.85808074,Fire HD 8 Case for Kindle Fire HD 8 Tablet & HD 8 ,18.99,0.90287775,Retear Folio Case for Amazon Fire HD 8 & Fire HD 8,11.99,0.88911945,KEROM Fire HD 8 Tablet Case 2018 2017 2016 (8th/7t,18.99,0.8751809
B08H4NP17W,SGUUVAY Fast Charger [UL Listed] with 6.5Ft Micro-USB USB C Cable for Charging Fire 7 HD 8 10 Tablet,SGUUVAY,Computers,13.99,22.261027348257805,8.271027348257805,8.271027348257805,59.1209960561673,15,0.57205015,"KEAIDUO Kindle Fire Fast Charger, 5V 2A USB Wall A",9.99,0.6030519,15W USB C Fast Charger Replacement for Fire HD10-9,15.39,0.602121,ACHOWER Wall Charger Compatible with Kindle Fire 7,13.88,0.59989583
B01G9FZEVY,Zebra C.H.I.P. Wood/Clear Case Protect Your CHIP Mini Computer,C4Labs,Computers,9.99,52.08649926832441,42.09649926832441,42.09649926832441,421.3863790623064,15,0.545532,"Zebra TC51 Rugged USB cable, CBL-TC51-USB1-01",58.0,0.6203966,Rock64 Wood Zebra Case for The ROCK64 Media Board ,19.99,0.59923947,C4Labs Zebra PoE + Case Kit for Raspberry Pi 4B or,19.99,0.5936974
B00MTWZA4I,Laptop Notebook Charger for Samsung NP915S3G NP930X5J NP940X3GI (All Models) Adapter Adaptor Power S,Delta Electronics,Computers,19.75,25.19474620066731,5.444746200667311,5.444746200667311,27.568335193252206,15,0.7100722,Delta Electronics Laptop Charger Compatible with T,32.0,0.7862447,Ac Adapter Charger replacement for Samsung NP300V5,10.99,0.7541706,Asus S400CA X551M X551CA X401A S500C TP500 K551L V,34.0,0.72645134
B01MTAF9NT,StorageTekPro 70K80 Battery for Dell PERC H710 H710p H810 RAID Controllers,StorageTekPro,Computers,36.0,72.8833461336066,36.883346133606594,36.883346133606594,102.45373926001831,15,0.4979996,Dell PowerEdge RAID Controller H710 462-6930,194.61,0.56334424,United Power Replacement HS03 HS04 Battery for HP ,54.0,0.5278115,4GVMP H82T6 Laptop Battery for Dell Inspiron 7590 ,28.98,0.5105642
B09PV3K8VT,"45w&65w Chromebook USB-C TYPE C Wall Fast Charging Laptop Charger For HP,Samsung,Dell,Lenovo,Acer,As",Easy Style,Computers,15.99,17.440500565250353,1.450500565250353,1.450500565250353,9.071298094123534,15,0.79507256,Universal 45W USB C Laptop Charger : Chromebook Ch,11.99,0.8333447,45W Type C Charger for HP Chromebook X360 14 G5 11,15.99,0.822185,Easy Style 61W 67W USB C Power Adapter Replacement,19.99,0.81452465
B083XWFMXQ,LICHIFIT Professional Micro SD Card Adapter TF Card Reader for Game Cube SD2SP2 SDLoad SDL Adapter (,LICHIFIT,Computers,7.99,22.167250959538716,14.177250959538716,14.177250959538716,177.43743378646704,15,0.6068195,PartEGG NGC SD2SP2 v1.2a Serial Port 2 MicroSD Car,6.99,0.8259119,"Card Reader,DC Memory Card Adapter Reader,Support ",21.77,0.62723273,Unitek SD Card Reader USB 3.0 3 Port Memory Card R,15.99,0.60432625
B07GN6CHKS,"2018 HP Elitebook 840 G1 14in FHD Business Laptop Computer, Intel Dual-Core i5-4300U up to 2.9GHz, 8",HP,Computers,247.49,412.1413431101969,164.65134311019688,164.65134311019688,66.528483215563,15,0.81197137,"HP Elite 8200 SFF Business Desktop Computer, Intel",128.67,0.84773016,HP Elitebook 820 G4 - 12.5in FHD Touchscreen Lapto,249.89,0.8312706,HP ELITEDESK 800 G1 USFF Ultra-Slim High Performan,337.5,0.826129
B07CJV9HQF,Your Cable Store 3 Foot DB9 9 Pin Serial Port Cable Male/Male RS232,Your Cable Store,Computers,6.47,22.414563793510226,15.944563793510227,15.944563793510227,246.43838938964802,15,0.55455345,Your Cable Store 15 Foot Black USB 2.0 High Speed ,6.97,0.67546856,YCS basics 1 Foot DB9 9 Pin Serial / RS232 Male/Fe,6.97,0.645038,PL2303TA USB RS232 to DB9 Cross Wired Rollover Nul,14.9,0.63264704
B09L69DH1V,"1TB USB Flash Drive for Phone, Dual USB3.1 to USB C Memory Stick 1000GB, WOFICLO High-Speed Transfer",WOFICLO,Computers,58.97,27.165698744657835,-31.804301255342164,31.804301255342164,53.933018916978405,15,0.76303446,USB Flash Drive 1TB USB C Thumb Drive Android Phon,39.97,0.810249,Flash Drive 256GB for Phone Photo Stick WOFICLO US,32.87,0.8039211,"JOIOT Type C USB Flash Drive, 64GB USB 3.0 Memory ",9.99,0.79144865
B077YDWZJZ,"Intel NUC 7 Mainstream Mini PC (NUC7i5BNKP) - Core i5, 8GB RAM, 256GB SSD",Intel,Computers,399.88,467.559863177167,67.67986317716702,67.67986317716702,16.92504330728394,15,0.7695682,"Intel NUC 11 NUC11PAHi5 0GB DDR4 RAM,0GB SSD,Core ",379.0,0.8744368,"Intel NUC 10 with Core i5-10210U Processor, Ultra-",409.0,0.85365283,"Intel NUC 11 NUC11PAHi7 Panther Canyon Mini PC, i7",499.0,0.8330971
B09JYQXQPN,jioeuinly Case for Sky Device Elite E55 Case PC Backplane + Soft Silicone Phone Cover KB-LZM,Jioeuinly,Computers,14.0,16.036620682493925,2.0366206824939255,2.0366206824939255,14.547290589242326,15,0.61224467,jioeuinly Case for Sky Device Elite P55 Case PC Ba,14.0,0.9529249,SOATUTO for Vankyo MatrixPad S20 Tablet Case with ,29.99,0.6017334,SIREG Webcam Cover Slide 0.027in Ultra Thin Web Ca,6.99,0.60109264
B076XRT88H,Crucial 8GB Single DDR3/DDR3L 1600 MT/s (PC3-12800) DR x8 ECC UDIMM 240-Pin Memory - CT102472BD160B,Crucial,Computers,39.91,54.05486502689288,14.14486502689288,14.14486502689288,35.44190685766194,15,0.7616224,Crucial 32GB Kit (8GBx4) DDR4 2133 MT/s (PC4-17000,159.0,0.84471023,Crucial 8GB Kit (4GBx2) DDR4 2133 MT/s (PC4-17000),68.99,0.83905566,A-Tech 4GB DDR3 1333MHz PC3-10600 CL9 ECC UDIMM 2R,44.99,0.7901549
B097ZW28FK,SEYMAC stock Case for Samsung Galaxy Tab S8 Plus/ S7 FE Case 12.4'' with Screen Protector Pencil Hol,SEYMAC stock,Computers,30.99,24.00493854963317,-6.985061450366828,6.985061450366828,22.539727171238553,15,0.81530815,SEYMAC stock Case for Samsung Galaxy Tab A7 10.4 2,26.99,0.86406493,SEYMAC stock Case for Samsung Galaxy Tab A8 10.5'',27.99,0.8489604,SOATUTO for Samsung S8 Plus / S7 Plus / S7 FE 12.4,11.99,0.84805846
B098CXN2JV,iPad Pro 12.9 inch Case with Keyboard Compatible for iPad 12.9-inch 2022/2021/2020 (6th/5th/4th Gen),BLUTLOTUS,Computers,39.99,58.69794604602169,18.70794604602169,18.70794604602169,46.781560505180515,15,0.8453289,Keyboard Case for New iPad Pro 12.9 2021 5th Gener,42.99,0.90393126,ABEIFAN 2022 iPad Pro 11 Case with Keyboard - Case,39.98,0.869221,"iPad Keyboard Case Pro 2022 11-inch(4th Gen),Air 5",38.99,0.85166323
B07S5PT7GP,SCREENARAMA New Screen Replacement for Dell Inspiron 5559 HD 40pin Touch 1366x768 OnCell Digitizer L,Unknown,Computers,62.43,64.41640221196694,1.98640221196694,1.98640221196694,3.1818071631698546,15,0.80245715,SCREENARAMA New Screen Replacement for Dell Latitu,58.03,0.8896918,SCREENARAMA New Screen Replacement for Dell Inspir,53.28,0.88432914,SCREENARAMA New Screen Replacement for Dell Latitu,59.73,0.8634343
B088TX7333,"Maintenance Substitute Ear Pads Compatible with Yamaha CM500 Parent Title, RH50A Headphones,Replacem",V-MOTA,Computers,6.99,22.67748362491548,15.687483624915481,15.687483624915481,224.4275196697494,15,0.5282291,Gcioii 3 Pairs AirPods Pro Ear Hooks Covers [Added,9.99,0.57114995,Sennheiser SC 165 USB (508317) - Double-Sided (Bin,92.5,0.5682961,MightySkins Skin Compatible with Lenovo Yoga 730 1,17.07,0.5639255
B06WV9FVX9,G.SKILL F4-3600C16Q-32GTZR 32 GB (8 GB x 4) Trident Z RGB Series DDR4 3600 MHz Dual Channel Memory K,G.Skill,Computers,282.89,143.05690800924748,-139.8330919907525,139.8330919907525,49.43019972100552,15,0.743989,CORSAIR VENGEANCE RGB RS 32GB (2x16GB) DDR4 3600 (,89.99,0.77677196,G.Skill Trident Z RGB Series 16GB (2 x 8GB) 288-Pi,59.99,0.77383804,Corsair Vengeance RGB Pro 32GB (2x16GB) DDR4 3200 ,318.68,0.7670951
B005B7EQ5M,"Rosewill RCAB-11022 6-Feet USB 2.0 A Male to Micro B Male Gold Plated Cable with Ferrite Core, Black",Rosewill,Computers,11.02,8.108304108837187,-2.911695891162813,2.911695891162813,26.42192278732135,15,0.6698476,Rosewill 10-Feet USB 2.0 A Male to A Female Extens,7.98,0.86477935,CablesOnline 5-Pack 6 inch USB 2.0 A-Type Male to ,9.89,0.6862959,15 Feet 15ft 4.6m White Type a to a USB 2.0 Cable ,6.76,0.6845634
B0777PWZ22,"ADATA SU900 128GB Ultimate 3D NAND MLC 2.5"" Internal Solid State Drive - Black (ASU900SS-128GM-C)",ADATA,Computers,79.99,67.0564058193111,-12.9335941806889,12.9335941806889,16.169013852592702,15,0.69061786,ADATA SU635 240GB 3D-NAND SATA 2.5 Inch Internal S,19.99,0.7651535,ADATA SU650 256GB M.2 2280 SATA 3D NAND Internal S,34.19,0.7232941,Acclamator SSD 960GB 2.5 Inch Internal Solid State,33.99,0.71665066
B00EDLVQGO,Transcend 64GB Class 10 SDXC High Speed Secure Digital Extreme Capacity Memory Card,Transcend,Computers,14.45,27.933463563383732,13.483463563383733,13.483463563383733,93.31116652860715,15,0.7365772,Canon PowerShot SX540 HS Digital Camera Memory Car,26.99,0.8059317,64GB Class 10 SDXC High Speed Memory Card 50MB/Sec,55.54,0.75803,Extreme Performance High Speed UHS-I SDXC 128GB SD,19.99,0.7558301
B08DTJC9N7,"Acer - Chromebook Spin 713 2-in-1 13.5"" 2K VertiView 3:2 Touch - Intel i5-10210U - 8GB Memory - 128G",Acer,Computers,679.0,416.1474978973309,-262.8525021026691,262.8525021026691,38.71170870436953,15,0.80626816,"HP Chromebook 14 Laptop, 14"" FHD Touchscreen, Inte",575.0,0.8741963,"Acer Aspire 3 Laptop, 17.3'' HD+ 1600 x 900, 3.60G",539.99,0.8442918,"Acer Aspire E5-575-72N3, 15.6"" Full HD, 7th Gen In",698.98,0.8354096
B004Z6HJOU,HQRP AC Adapter Power Cord Charger Compatible with Philips Norelco AT895 PT724 AT790 AT810 AT815 119,HQRP,Computers,5.95,12.071288647017003,6.1212886470170025,6.1212886470170025,102.87880079020172,15,0.5806,HQRP AC Adapter Power Cord fits Philips Norelco HQ,5.95,0.95146024,HQRP AC Power Adapter Compatible with Sony HandyCa,8.91,0.67281705,HQRP AC Adapter Compatible with Eton GRUNDIG FR360,12.95,0.64365715
B00BCD8JSY,"Sena Cases Ultraslim Case for Apple iPad mini, White (837514)",Sena Cases,Computers,31.95,16.061289939194122,-15.888710060805877,15.888710060805877,49.72992194305439,15,0.64471745,"iPad Mini Case, iPad Mini 5 Case, iPad Mini 4 Case",12.99,0.69521046,"iPad Mini 3 Case,iPad Mini 2 Case,iPad Mini Case,U",11.49,0.6840649,ProCase iPad Mini 6 Case 8.3 Inch 2021 iPad Mini 6,11.99,0.6585259
B09LTS6HC2,"Samsung LS32AM501NNXZA 32"" White M5 FHD Smart Monitor",SAMSUNG,Computers,289.49,297.20761045072715,7.717610450727136,7.717610450727136,2.6659333485533647,15,0.69151133,"SAMSUNG 23.5” CF396 Curved Computer Monitor, AMD F",158.0,0.7265755,2020 Samsung LC27F391FHNXZA 27 Inch FHD (1920 x 10,313.3,0.72241116,Samsung Galaxy Tab S5e 128 GB WiFi Tablet Gold (20,241.99,0.7064438
B07C6TD1ZB,RUBAN Case Compatible with MacBook Pro 13 inch 2019 2018 2017 2016 Release A2159 A1989 A1706 A1708 w,RUBAN,Computers,16.99,18.318439580065697,1.328439580065698,1.328439580065698,7.818949853241309,15,0.8500539,RUBAN Case Compatible with MacBook Pro 15 inch 201,16.99,0.95999044,RUBAN Case Compatible with MacBook Pro 13 inch 201,14.99,0.93341094,RUBAN Case Compatible with MacBook Pro 15 inch 201,16.99,0.91643006
B09F3KLSBT,Canvaslife Marble Pattern 360 Degree Protective 14 inch Waterproof Laptop Sleeve case Bag with Pocke,Canvaslife,Computers,9.99,18.325385063273323,8.335385063273323,8.335385063273323,83.43728792065389,15,0.7986933,Canvaslife Peony Pattern 360 Degree Protective 13 ,13.99,0.92435163,Canvaslife 15 inch Camouflage 360° Cushion Protect,14.99,0.9098195,Canvaslife Pink Rose Laptop Sleeve 15 Inch 15 Case,13.99,0.90650636
B01N0M0PV6,"15 15.6 inch Laptop Notebook Skin Vinyl Sticker Cover Decal Fits 13.3"" 14"" 15.6"" 16"" HP Lenovo Apple",Itsaskin,Computers,11.88,11.847499081238961,-0.03250091876103944,0.03250091876103944,0.2735767572478068,15,0.8833492,15 15.6 inch Laptop Notebook Skin vinyl Sticker Co,11.88,0.9945706,15 15.6 inch Laptop Notebook Skin vinyl Sticker Co,11.88,0.9911538,15 15.6 inch Laptop Notebook Skin vinyl Sticker Co,11.88,0.9901355
B00AR0ASGE,"MFJ-4115 Switching Power Supply, 15A, 13.8V",MFJ,Computers,114.99,74.6928953304596,-40.29710466954039,40.29710466954039,35.04400788724271,15,0.53782153,TOPOSH Portable Monitor 15.6” USB Type-C Full HD 1,179.99,0.56500876,Slimline Power Supply Upgrade for SFF Desktop Comp,69.99,0.5602732,"Power Supply Module 24 Pin DC 12V 300W, PC PSU Com",32.71,0.5483756
B07YYKBGXY,"Toshiba MG04ACA Series 6 TB 7,200 RPM SATA 6Gb/s 128MB Cache 3.5-Inch Internal Hard Drive - MG04ACA6",Toshiba,Computers,58.99,114.06067694292724,55.07067694292724,55.07067694292724,93.35595345469952,15,0.7274673,Toshiba MG Series Enterprise 10TB 3.5’’ SATA 6Gbit,235.0,0.8276528,Toshiba 6TB 3.5 Inch Internal Hard Drive MD04ACA60,460.56,0.7913495,MDD - MQ04ABB400 4TB 5400RPM 16MB Cache SATA 6.0Gb,69.99,0.74963456
B0787LMTZD,JacobsParts ESP8266 ESP-12F WiFi Microcontroller USB Development Board NodeMCU MicroPython,JacobsParts,Computers,6.99,17.89967601125076,10.909676011250761,10.909676011250761,156.0754794170352,15,0.5602506,MELIFE 5pcs ESP8266 NodeMCU CP2102 ESP-12E Interne,19.99,0.6535856,Adafruit WiFi / 802.11 Development Tools Huzzah ES,11.99,0.6252261,5Pcs ESP8266 ESP-12 ESP-12F NodeMcu D1 Module WeMo,13.99,0.6176352
B00NTRYKNE,"USB 2.0 Printer/Device Cable, Type A Male to Type B Male, 6 Feet CNE16505 (3 Pack)",C&E,Computers,12.95,9.36242755893533,-3.587572441064669,3.587572441064669,27.703262093163467,15,0.7646574,"Printer Cable 10Ft,Tan QY USB 2.0 High Speed Gold-",6.39,0.79946923,SNANSHI Printer Cable 20 Feet USB Printer Cable US,11.99,0.7800011,USB Cable 25 ft Gold-Plated USB 2.0 Cable - A-Male,11.99,0.7791313
B08H8LGMH9,MOSISO Laptop Sleeve Compatible with MacBook Air 13 inch M2 A2681 M1 A2337 A2179 A1932/Pro 13 M2 M1 ,MOSISO,Computers,22.49,22.423844448975828,-0.06615555102417048,0.06615555102417048,0.2941554069549599,15,0.829503,HYZUO 13 Inch Laptop Sleeve Compatible with MacBoo,20.99,0.8679308,MOSISO Compatible with MacBook Air 13 inch Case 20,35.99,0.84691024,MOSISO Compatible with MacBook Air 13 inch Case 20,36.99,0.8467193
B09SH678T4,"Lenovo 2022 Flagship IdeaPad 14"" FHD IPS Laptop, Intel Quad Core i5-10210U (Upto 4.2 GHz, Beat i7-86",Lenovo,Computers,589.0,560.9997418271093,-28.000258172890653,28.000258172890653,4.753863866365136,15,0.82980746,"HP 2021 Newest 14” FHD IPS Laptop Computer,11th Ge",549.0,0.8547368,"2022 Newest Lenovo IdeaPad 3i 15.6"" FHD Laptop, 11",469.99,0.8514449,"2022 Lenovo Ideapad 3 Laptop, 15.6"" HD Touchscreen",489.95,0.8410367
B077XDWKLJ,"Dell Latitude E6540 15.6in FHD Business Laptop Computer, Intel Core i7-4800MQ up to 3.7GHz, 8GB RAM,",Dell,Computers,249.98,272.5238865465306,22.543886546530615,22.543886546530615,9.018276080698701,15,0.8486901,Dell Latitude E7450 Ultrabook 14 Inch FHD Touchscr,333.83,0.90932965,Dell Optiplex 9020 All In One FHD (1920 x 1080) Bu,250.0,0.89596945,Dell Latitude E7270 UltraBook Business Laptop 12.5,191.9,0.8659112
B07GLX8PWH,"Ruaeoda Cat 7 Ethernet Cable 60 ft, RJ45 Connectors Slim Long Braided Network Internet Cable for PS3",Ruaeoda,Computers,13.99,15.057260488426103,1.0672604884261023,1.0672604884261023,7.62873830183061,15,0.7940582,"CAT 7 Ethernet Cable 30Ft,CAT7 Ethernet Ultra Flat",11.99,0.817762,Cat 7 Ethernet Cable 20 ft - SNANSHI Nylon Braided,10.99,0.8135308,"DanYee Cat 7 Ethernet Cable, Nylon Braided 6.5ft C",6.79,0.81095386
B0BKTBJ7JL,"Acer Aspire Vero AV15-51-5155 Green PC | 15.6"" FHD IPS 100% sRGB Display | 11th Gen Intel Core i5-11",Acer,Computers,490.78,626.4980893806058,135.71808938060587,135.71808938060587,27.653549325686843,15,0.8450796,"Acer Aspire 5 A515-56-50RS, 15.6"" Full HD IPS Disp",509.95,0.95278865,"Acer Nitro 5 AN517-41-R7EY Gaming Laptop, AMD Ryze",723.0,0.8654061,"Acer 2023 Aspire 5 Slim Laptop 15.6"" IPS FHD, AMD ",569.0,0.85030794
B07HB7LBZK,[Intel Certified] Cable Matters Aluminum Thunderbolt 3 Dock USB C Docking Station with Dual DisplayP,Cable Matters,Computers,197.0,93.88319286887067,-103.11680713112933,103.11680713112933,52.343556919354995,15,0.77978724,Cable Matters [Intel Certified] Certified Aluminum,78.99,0.8685695,5-Port USB-C/Type C Hub Adapter - Thunderbolt 3/ U,18.99,0.83676827,StarTech.com USB-C & USB-A Dock - Hybrid Universal,307.22,0.8310447
B07796ZFBW,APEVIA 312L-CWH 120mm Silent Dual Rings White LED Fan with 32 x LEDs & 8 x Anti-Vibration Rubber Pad,Apevia,Computers,17.95,27.229054730472008,9.279054730472009,9.279054730472009,51.69389821989977,15,0.7976448,Apevia CO512L-BL Cosmos 120mm Blue LED Ultra Silen,25.99,0.9041757,APEVIA CO1012L-WH Cosmos 120mm White LED Ultra Sil,39.99,0.9019411,Apevia CF312SL-UGN 120mm 4pin Molex + 3pin Motherb,14.95,0.8959853
B07HKBPRD7,"Protective Laptop Case: 13-14 Inch Computer Carrying Sleeve for 2023 New MacBook Air, Pro, Microsoft",NACUWA,Computers,23.99,19.619282434582168,-4.370717565417831,4.370717565417831,18.218914403575788,15,0.8480436,FINPAC Hard Laptop Sleeve for MacBook Pro 14-inch ,25.99,0.9030926,Voova 13 13.3 14 Inch Laptop Sleeve Case Compatibl,16.99,0.88166845,FINPAC Hard Laptop and Tablet Sleeve for MacBook P,27.99,0.870126
B07R5VZMS9,FEMAI Compatible Battery Pack Replacement for Sony SP65M Playstation PS Vita PCH-1001 PCH-1101 1003 ,FEMAI,Computers,15.77,47.57249791962144,31.80249791962144,31.80249791962144,201.66453975663563,15,0.5480719,KingSener 10.8V 47WH FPCBP250 Laptop Battery for F,36.98,0.6241791,New FPCBP345Z FMVNBP219 FPB0280 Battery Compatible,54.99,0.59213966,11.1V 49Wh VGP-BPSC27 VGPBPSC27 Extended Battery C,129.99,0.57142353
B01HQ8M01A,"Alphacool 12542 Eisbaer GPX Extension Set 90° (Tubes and Fittings) Water Cooling Kits, Systems and A",Alphacool,Computers,21.99,70.64081282688532,48.65081282688533,48.65081282688533,221.2406222232166,15,0.5607279,"Alphacool HF Quick Release Connector Kit 11/8mm, B",14.99,0.64464164,Alphacool 11286 Eisbaer 360 CPU - Black Water Cool,139.95,0.6268116,Alphacool 17356 Eisfluegel Flow Indicator Blue 6-1,17.99,0.6216032
B016YKWK0W,EAGLEGGO 5 PACK - USB CABLE CORD FOR CANON MX492 MX490 MX479 MX472 MP150 MP230 MP499 PRINTER,EAGLEGGO,Computers,9.89,68.61633377634469,58.72633377634469,58.72633377634469,593.7950836839705,15,0.5597909,White 6 ft Hi-Speed USB 2.0 Printer Scanner Cable ,7.67,0.61910415,SNANSHI Printer Cable 20 Feet USB Printer Cable US,11.99,0.615987,TS5120 Power Cord 2 Prong Printer Power Cable Comp,6.99,0.612326
B003709OUW,"Maxtor DiamondMax 16 4R160L0 160GB 5400RPM 2MB cache EIDE ATA/133 3.5"" Desktop Hard Drive - w/ 1 yea",Maxtor,Computers,69.35,50.4261321691306,-18.923867830869398,18.923867830869398,27.28748065013612,15,0.7205304,Maxtor 6E040L0 DiamondMax Plus 8 40GB 7200 RPM 2MB,79.68,0.88648826,Seagate 450gb 15000rpm 16mb Cache Sas,51.0,0.734823,1TB Hard Drive for Gateway Desktop GM5480E GM5483E,38.99,0.7335629
B097CMW9T9,"HIDEit Mounts Uni-M Wall Mount - Patented in 2015, American Company - Steel Adjustable Medium Device",HIDEit Mounts,Computers,32.95,102.01295493459921,69.0629549345992,69.0629549345992,209.5992562506804,15,0.55506814,Raising Electronics1U Horizontal Rack Mount Metal ,15.49,0.587861,3U 19-Inch Vertical Wall Mount Bracket - Vertical ,40.6,0.5708484,Raising Electronics 6U Wall Mount Open Frame 19 In,62.99,0.5684357
B0BTY43KFL,"13.3 inch Laptop Screen Protector Tempered Glass, Compatible with HP/Dell/Acer/ASUS/Samsung/Lenovo/T",YongMai,Computers,11.99,17.716179594911953,5.726179594911953,5.726179594911953,47.757961592259825,15,0.733593,Laptop Privacy Screen 13.3 Inch Compatible with Hp,21.99,0.7972164,14 inch Computer Privacy Screen (16:9) - Blue Ligh,29.99,0.77511615,【2 Pack】12.5 Inch Laptop Screen Protector for HP/D,14.59,0.7627846
B08JFZSRX5,Blueangle Aurora Borealis Wolf Print Travel Backpack for School Water Resistant Bookbag,Blueangle,Computers,33.99,32.045546356499834,-1.944453643500168,1.944453643500168,5.7206638526042015,15,0.6456503,Canvas Leather Backpack Vintage Backpack Rucksack ,29.99,0.6852423,"KAUKKO Travel Laptop Backpack, Outdoor Rucksack, S",42.99,0.67145276,Backpack for Teen Girls Womens School Backpack Lap,24.99,0.65690506
B09XFW1VGL,"Picture Keeper Photo & Video Flash Drive for PC & MAC Computers, 8GB Flash Drive (Pack of 2)",Picture Keeper,Computers,52.99,38.052682105407044,-14.937317894592958,14.937317894592958,28.18893733646529,15,0.6465281,"PhotoFast PhotoCube Pro (Type-A Port & Male), Auto",119.99,0.73336935,"Photo Stick 512GB for Phone , USB Memory Stick Ext",49.97,0.680958,Flash Drive 256GB for Phone Photo Stick WOFICLO US,32.87,0.6520444
B00CBL3X4Q,PWR+ USB-C Charger for Wacom Cintiq Pro DTH-1320 DTH-1620 Graphic Tablet USB Type C Power Adapter - ,PWR+,Computers,27.99,23.649790250613098,-4.340209749386901,4.340209749386901,15.506287064619153,15,0.6936635,USB-C CAR Charger for Steam Deck & Nintendo Switch,49.99,0.81216776,AC-Adapter-Charger for Lenovo IdeaPad 1 3 310 320 ,17.99,0.76069933,USB-C Charger and Power Adapter for All New HD 10 ,17.9,0.71439713
B01HPSRZRK,Gikfun 2.54mm Circuit Board Jumper Cap Shunts Short Circuit Cap for Arduino (Pack of 60pcs) AE1180,Unknown,Computers,7.98,16.25476594825042,8.274765948250419,8.274765948250419,103.69380887531854,15,0.5016074,Gikfun 0.1Uf 50V 104 Ceramic Capacitor DIP for Ard,7.68,0.67690486,2.54mm Standard Computer Jumper Caps 100pack by Co,6.39,0.6463469,HUO JI Double Shot Keycap Set -104 Translucent Bac,19.99,0.5097417
B08V31ZJ3R,"URBAN ARMOR GEAR UAG Designed for Microsoft Surface Pro 7 Plus, Pro 7, Pro 6, Pro 5th Gen (2017) (LT",URBAN ARMOR GEAR,Computers,51.99,33.54976136036953,-18.440238639630472,18.440238639630472,35.468818310502925,15,0.7059881,URBAN ARMOR GEAR UAG Designed for Microsoft Surfac,74.75,0.7981562,"URBAN ARMOR GEAR UAG iPad Pro 11-inch (2nd Gen, 20",20.0,0.7740634,URBAN ARMOR GEAR UAG Designed for iPad Air 10.9 in,79.91,0.74549675
B0BPMMYGTX,"2023 Newest HP 14 inch FHD Laptop, AMD Ryzen 3 3250U, 16GB DDR4 RAM, 1TB SSD, AMD Radeon Graphics, W",HP,Computers,385.0,612.5855444194433,227.5855444194433,227.5855444194433,59.11312842063462,15,0.83626926,"HP Newest 14"" FHD Screen Laptop, AMD Ryzen 3 3250U",462.0,0.8762746,"HP 2023 15.6 HD Laptop for Business and Student, A",509.99,0.8518237,"2021 Newest HP 17.3 in FHD Laptop, AMD Ryzen 5 550",639.0,0.85035336
B006DJ5E08,StarTech.com USB 3.0 to VGA External Video Card Multi Monitor Adapter – 2048x1152 Graphics Cards USB,StarTech,Computers,83.0,178.526687688247,95.526687688247,95.526687688247,115.09239480511685,15,0.6937745,StarTech.com USB 3.0 to HDMI and VGA Adapter - 4K/,69.91,0.80789363,SIIG USB 3.0 to DisplayPort Adapter and USB 3.0 Ca,79.99,0.7536304,Liztek USB 3.0 to HDMI Video Graphics Adapter Card,34.95,0.730777
B08PH7WZVY,WD 1TB My Passport SSD Portable Storage - USB 3.1 - Black-Gray - WDBK3E0010PSL-WESN,Western Digital,Computers,199.0,140.38742765895122,-58.612572341048775,58.612572341048775,29.453553940225515,15,0.78507954,WD My Passport 1TB Portable External Hard Drive St,119.53,0.88256335,WD My Passport for Mac Portable external Hard Driv,134.0,0.84903705,WD 5TB My Passport Portable External Hard Drive wi,107.99,0.8482553
B07D65WFVV,"Laptop Ac Adapter Charger for Toshiba Satellite A75-S1253, A75-S1254, A75-S1255; A75-S206, A75-S2061",Galaxy Bang USA,Computers,19.99,17.721897114775512,-2.2681028852244864,2.2681028852244864,11.346187519882374,15,0.8337149,Laptop Ac Adapter Charger for Toshiba Satellite L8,16.99,0.94195837,Laptop Ac Adapter Charger for Toshiba Satellite L3,19.99,0.93323135,Laptop Ac Adapter Charger for Samsung NP550P5C-A01,19.99,0.8792976
B00XIS7L9Y,intelliARMOR Nexus 6 intelliGLASS PRO Edge-to-Edge - The Smarter Glass Screen Protector to Guard Aga,intelliARMOR,Computers,12.95,17.953879580646387,5.003879580646387,5.003879580646387,38.63999676174817,15,0.6838814,ZAGG InvisibleShield Glass Screen Protector for iP,12.49,0.7334813,"for iPad 10.9 inch (10th Gen, 2022) Tempered Glass",16.99,0.7184783,for iPad Pro 11 (2018) Screen Protector Tempered G,10.99,0.7127022
B09J7WRXTJ,"ALLIED GAMING Stinger Desktop PC: AMD Ryzen 7 5700G, AMD Radeon RX Vega 8 Graphics, 16GB DDR4 3200MH",ALLIED GAMING,Computers,799.0,659.381950971208,-139.61804902879203,139.61804902879203,17.47409875203905,15,0.79191995,Empowered PC Mantis V2 Gaming Desktop - AMD Radeon,649.99,0.8621192,Skytech Blaze 3.0 Black Gaming PC Desktop – AMD Ry,930.99,0.8419001,"ASUS TUF Gaming A15 Gaming Laptop, 15.6” 144Hz Ful",853.0,0.8113105
B07NVW5QJH,ipad 4th Generation 3rd Cover 2 Folio case for Ipad Model md510ll/A mc769ll /A mc769ll /A mc979ll /A,Trendmart,Computers,14.99,16.974385487483328,1.984385487483328,1.984385487483328,13.238061957860761,15,0.81061244,"ipad 9.7 pro A1673 case, iPad Pro A1674 Cover, ipa",17.89,0.87771857,Ipad Case 360 Degrees Rotating Stand Leather Magne,14.89,0.87265474,Fintie Folio Case for iPad 4th Generation (2012 Mo,11.99,0.82102203
B09HXZFFKN,"Case for All-New Amazon Fire HD 8 Tablet 2020 & Fire HD 8 Plus (10th Generation, 2020 Release), Mult",Yuxcfhjfe,Computers,22.99,20.2838505953662,-2.7061494046337984,2.7061494046337984,11.770984796145274,15,0.8421598,Retear Folio Case for Amazon Fire HD 8 & Fire HD 8,11.99,0.86924344,Slim Case for All-New Amazon Fire HD 8 and Fire HD,17.99,0.85410494,"Fire HD 8 Case 2020,Fire HD 8 Plus Tablet Case (10",23.99,0.8512262
B0BST74NNZ,"OUKITEL 10 in Android Tablet 20000mAh, RT2 Rugged Tablet 8GB+128GB 1TB Tablet Waterproof Tablet 4G L",OUKITEL,Computers,319.99,148.3250598479161,-171.66494015208391,171.66494015208391,53.646970265347015,15,0.60661983,"OUKITEL RT3 Rugged Android 12 Tablet, 8 Inch Water",209.99,0.828148,"AOYODKG 10 inch Tablet Dual SIM Card Sot,HD Androi",71.98,0.6404443,OUZRS Tablet 10.1 Inch Android 11.0 Go - 64GB ROM ,79.66,0.6122103
B00H8JVLCW,Ballistix Sport 4GB Single DDR3 1866 MT/s (PC3-12800) SODIMM 204-Pin Memory - BLS4G3N18AES4,Crucial,Computers,39.99,77.59931631139239,37.609316311392384,37.609316311392384,94.04680247910073,15,0.7422778,Crucial Ballistix Sport LT 2400 MHz DDR4 DRAM Desk,144.46,0.8419912,Ballistix Elite 16GB Kit (4GBx4) DDR4 3200 MT/s (P,233.55,0.80365396,Crucial 8GB Kit (4GBx2) DDR4 2133 MT/s (PC4-17000),68.99,0.7712474
B09HGD2548,"SCREENARAMA New Screen Replacement for Lenovo IdeaPad 3 15ITL6, FHD 1920x1080, IPS, Matte, LCD LED D",Unknown,Computers,74.28,56.5380554815841,-17.7419445184159,17.7419445184159,23.885224176650375,15,0.8450533,SCREENARAMA New Screen Replacement for Lenovo Idea,68.9,0.93632555,SCREENARAMA New Screen Replacement for Lenovo Legi,55.86,0.9346827,SCREENARAMA New Screen Replacement for Lenovo FRU ,52.05,0.9004386
B083HSSC11,"Valkit iPad 6th/5th Generation Case, iPad 9.7 Inch Case 2018/2017, iPad Air Case, iPad Air 2 Case - ",valkit,Computers,17.99,16.618753834052203,-1.3712461659477952,1.3712461659477952,7.6222688490705695,15,0.8640198,"Valkit iPad Pro 9.7 Case 2016 (Old Model), Smart S",17.99,0.8966036,"iPad 9.7 inch Case/iPad Air Case/iPad Air 2 Case, ",14.59,0.8880306,"iPad 6th/5th Generation (iPad 9.7"" 2018 2017) /iPa",19.99,0.88406026
B00GY32Y74,"Griffin Technology Hunter Camo Heavy-Duty Survivor Case + Stand for iPad 2, 3, and 4th Gen",Unknown,Computers,24.95,25.907863120230616,0.9578631202306163,0.9578631202306163,3.8391307424072796,15,0.6872561,URBAN ARMOR GEAR UAG Compatible with iPad Pro 11-i,59.95,0.71039695,CLARKCAS iPad Pro 12.9 Case 2020 iPad Pro 4th Gene,26.99,0.70861304,iPad 9th Generation Case 2021: Military Grade Drop,27.99,0.69536936
B0829SYLTQ,"HP 15.6-inch HD WLED-Backlit Touchscreen Business Laptop, 10th Gen Intel Core i5-1035G1 up to 3.6GHz",HP,Computers,591.99,603.8612525840367,11.87125258403671,11.87125258403671,2.0053130262397527,15,0.8384936,"2020 HP 15.6"" HD Touchscreen Premium Home & Busine",515.0,0.9321598,"HP 2019 15.6"" HD Touchscreen Laptop Computer, 7th ",600.0,0.8697781,"HP 15-dw0046nr 15.6"" Notebook, Intel Core i5-8265U",299.0,0.86079407
B07ZZ95MF1,HUASIRU Painting Case for iPad 9.7 Case iPad 6th Generation 2018/ iPad 5th Generation 2017/iPad Air ,HUASIRU,Computers,16.99,15.643961595495,-1.3460384045049985,1.3460384045049985,7.922533281371387,15,0.78310406,"Huasiru Painting Case for iPad Pro 11"" (2nd Gen) 2",12.99,0.8198572,Lalumix iPad Air 5th Generation Case 2022 iPad Air,14.99,0.79311496,MoKo Case for iPad Air 5th Generation 2022/ iPad A,13.99,0.7923402
B016D24HXO,URBAN ARMOR GEAR [UAG] Microsoft Surface 3 Feather-Light Composite [Black] Aluminum Stand Military D,URBAN ARMOR GEAR,Computers,79.0,34.597583008310686,-44.402416991689314,44.402416991689314,56.205591128720656,15,0.6916082,URBAN ARMOR GEAR UAG Designed for Microsoft Surfac,74.75,0.79872066,UAG Folio iPad Mini 4 Retina Feather Light Composi,22.99,0.7880956,URBAN ARMOR GEAR UAG Designed for iPad Air 10.9 in,79.91,0.7520391
B003TQ3YHI,"Gateway Nv7310u Replacement LAPTOP LCD Screen 17.3"" WXGA++ LED DIODE (Substitute Only. Not a )",Unknown,Computers,70.19,56.552650388130104,-13.637349611869894,13.637349611869894,19.42919163964937,15,0.8115523,Gateway Nv75s23u Replacement LAPTOP LCD Screen 17.,52.6,0.9343054,"Gateway NV57H50U Laptop LCD Screen 15.6"" WXGA HD L",52.27,0.91250384,"Gateway NV53A52U Laptop LCD Screen 15.6"" WXGA HD L",50.01,0.900813
B09TTW2FQC,"OWC 240GB Aura Pro X2 NVMe Flash SSD Add-On Solution Compatible with Mac Mini (Late 2014), Including",OWC,Computers,98.99,106.16024474924373,7.170244749243736,7.170244749243736,7.243403120763448,15,0.7098091,OWC 2.0TB Aura Pro X2 SSD Upgrade Compatible with ,199.99,0.8499608,OWC 2.0TB Aura Pro X2 SSD Compatible with MacBook ,199.99,0.81073415,OWC 1TB Aura N2 NVMe SSD Upgrade Kit w/Envoy Pro E,149.99,0.7402157
B01E3FY3J6,New Replacement LCD Panel for HP-Compaq Elitebook 745 G2 Series LCD Screen 14.0 1366X768 Slim HD,LEPUS-TECH,Computers,51.8,57.51900452018903,5.719004520189031,5.719004520189031,11.040549266774192,15,0.7952852,New Replacement LCD Panel For HP-Compaq HP 15-1039,66.1,0.91786593,New LCD Panel for HP-Compaq Zbook 15 G3 Series LCD,58.01,0.8497695,New Replacement LCD Panel For ASUS X550Z LCD Scree,66.1,0.8461476
B093KBG1QG,RLECS 2pcs Plastic Adjustable 775/1155/1156/1366 CPU Backplane Desktop Backplate Cooler Bracket for ,RLECS,Computers,7.99,66.99468584134291,59.00468584134291,59.00468584134291,738.4816751106747,15,0.61255556,"ZRM&E 2pcs CPU Fan Bracket Base for AM3 Socket, Ye",5.98,0.6901826,Dynatron K555 2u CPU Cooler for Intel Socket 1156 ,49.95,0.63497627,"E30325-001 Intel Socket-771 Cooler, P/N: E30325",35.5,0.6331794
B00SEFRI9E,sb components Clear Case for Banana Pi Access to All Ports Assemble in 30 secs.,Sb components,Computers,6.0,31.064859279949662,25.064859279949662,25.064859279949662,417.7476546658277,15,0.518664,Seeed Studio re_Computer case Stackable Structure ,38.99,0.54051006,USA GEAR Mini PC Case Compatible with Raspberry Pi,15.99,0.5335436,Clear Acrylic Protective Case with Port Access for,5.99,0.5326985
B09TK5ZFL5,Vansuny 128GB Type C Flash Drive Upgraded 130MB/s USB 3.1 Flash Drive 2 in 1 OTG USB A + USB C Memor,Vansuny,Computers,11.99,18.514947178100652,6.524947178100652,6.524947178100652,54.41990974229067,15,0.81448483,"RAOYI 32GB USB C Flash Drive, 2 in 1 USB 3.0 Type ",8.99,0.8643655,"USB C Flash Drive Type C, VICFUN USB Memory Stick ",14.99,0.85657984,"128GB USB C Thumb Drive, KOOTION USB 3.0 Flash Dri",18.99,0.838624
B07YYLQJGN,Songhe ESP8266 ESP-12F Wireless Transceiver Board Module WiFi Serial Remote Port Network Development,Songhe,Computers,9.88,17.11415062063172,7.234150620631718,7.234150620631718,73.2201479821024,15,0.5205626,Adafruit WiFi / 802.11 Development Tools Huzzah ES,11.99,0.58474517,"TRENDnet AC1200 Dual Band WiFi Router, TEW-831DR, ",24.99,0.5423503,Netis WF2190 Wireless AC1200 Long-Range USB Adapte,24.99,0.5402297
B0892SH888,CMS 64GB (4X16GB) DDR4 21300 2666MHZ Non ECC DIMM Memory Ram Upgrade Compatible with HP/Compaq® Elit,Computer Memory Solutions,Computers,155.0,53.86020199815278,-101.13979800184723,101.13979800184723,65.25148258183691,15,0.82750493,CMS 64GB (4x16GB) DDR4 19200 2400MHZ ECC Registere,143.0,0.90888715,CMS 4GB (1X4GB) DDR3 12800 1600MHz Non ECC DIMM Me,15.25,0.87615424,CMS 64GB (4X16GB) DDR4 19200 2400MHZ Non ECC DIMM ,155.0,0.85789526
B08NBCCZKL,Guffercty kred 141 Cherry MX keycaps PBT Key Cap Cover Set 60 Percent Dye-Sub for Mx Switch Mechanic,Guffercty kred,Computers,32.99,22.77668142331949,-10.21331857668051,10.21331857668051,30.95883169651564,15,0.8283909,GTSP 9009 XDA Retro PBT Keycaps Set for Gaming Key,25.99,0.89784825,140 Keys PBT Keycaps Dye-Sub XDA Profile Milk and ,19.99,0.885838,129 Keys PBT Keycaps Dye Sub Cherry Profile Mizu K,32.99,0.85238916
B07S7FP66D,"SCREENARAMA New Screen Replacement for Dell Latitude E7470, FHD 1920x1080, Matte, LCD LED Display wi",Unknown,Computers,58.11,56.74274028559223,-1.3672597144077727,1.3672597144077727,2.3528819728235635,15,0.81173617,SCREENARAMA New Screen Replacement for Dell Latitu,58.03,0.93652576,SCREENARAMA New Screen Replacement for Dell Latitu,59.73,0.90948176,SCREENARAMA New Screen Replacement for Dell Alienw,76.5,0.8564502
B07GDHVDZ2,"Universal 7.5-8.5 inch Tablet Case, Artyond Multi-Angle Stand Case with Cards Slots Magnetic Buckle ",Artyond,Computers,14.99,15.110899300819698,0.12089930081969769,0.12089930081969769,0.8065330274829733,15,0.8089734,"Universal Case for 9.0""-10.5"" Tablet, Artyond PU L",17.99,0.8446547,"Universal Case for 7.9-8.5 Inch Tablet, Newshine P",12.99,0.8355694,"Artyond Universal Case for All 7.0 Inch Tablet, Fl",13.99,0.8291266
B08LLGWZT2,"HP Slim Desktop, AMD Athlon Gold 3150U, 8GB RAM, 256 GB SSD, Windows 10 (S01-aF0020, Black) (Renewed",HP,Computers,249.99,573.1762535766227,323.1862535766227,323.1862535766227,129.27967261755379,15,0.760881,"HP Pavillon 590-A0019 Tower Computer Desktop PC, A",249.99,0.77380997,"HP 17 Business Laptop Computer, 11th Gen Intel Cor",689.99,0.77300376,"HP 17 Business Laptop Computer, 11th Gen Intel Cor",949.0,0.77216136
B01J3X62WE,ProElife Korean Keyboard Cover Ultra Thin Silicone Keyboard Skin Protector for MacBook Air 13'' (A13,ProElife,Computers,5.49,9.271604634363346,3.7816046343633456,3.7816046343633456,68.8816873290227,15,0.795569,KZIK Silicone Keyboard Cover Compatible with MacBo,7.99,0.8262568,Kuzy Older Version Keyboard Cover Compatible with ,9.99,0.8090998,HRH Korean Silicone Keyboard Cover Skin for MacBoo,8.99,0.80728334
B08TVGCR4L,"HP 14-inch HD AMD Ryzen 3 3.5GHz 4GB 1TB HDD Radeon Vega 3 Webcam Windows 10 Laptop Sliver (1TB HDD,",HP,Computers,213.78,357.0370232613295,143.25702326132952,143.25702326132952,67.0114244837354,15,0.7318035,"HP Newest 14"" Flagship Laptop, Windows 11 OS, AMD ",182.99,0.8215845,Dell Latitude E7450 Ultrabook 14 Inch FHD Touchscr,333.83,0.76517946,"HP Elite 8300 Desktop, Intel Core i5 (3rd Gen) Up ",138.59,0.76456183
B00VO4UFMY,A-Tech 8GB KIT 2X 4GB for Dell Inspiron 13z 5323 14 3421 14R 3437 5421 5437 7420 N4050 14R N4110 15 ,A-Tech Components,Computers,68.49,79.67503733613957,11.185037336139573,11.185037336139573,16.33090573242747,15,0.8298195,4GB KIT (4 x 1GB) for Dell Inspiron Desktop Series,47.92,0.8873309,2GB Stick for Dell Inspiron 1564 1570 15R 15R (N50,33.26,0.882095,A-Tech 8GB Memory RAM for Dell Inspiron 13 5379 2-,50.81,0.85574377
B07MPWLFHT,HP J9727A 2920-24g-poe+ Switch - J9727-61001,HP,Computers,357.69,293.401590044563,-64.28840995543698,64.28840995543698,17.973219814766132,15,0.58035696,HP 2920-24G J9726A Switch,139.95,0.8099257,HP Aruba 2920-24G-PoE+ - switch - 24 ports - manag,371.25,0.7474594,"PoE Switch, 8 Port PoE Switch for IP Cameras with ",59.99,0.5831044
B07G2D2YLR,10 Port USB 3.1 Gen I Hub (5Gbps) - 19 Inch 1U Rack Mount,Sedna,Computers,149.9,57.01199869578287,-92.88800130421714,92.88800130421714,61.96664529967788,15,0.6819147,SEDNA - 1U Rack Mount USB 3.1 Gen II (10Gbp) Dual ,193.0,0.78803957,Tripp Lite 4-Port Industrial USB-A 3.0 SuperSpeed ,102.74,0.7165866,Sedna 10 Port USB 2.0 Internal Hub (Floppy Bay),28.8,0.7160289
B07MNR1T95,"Tan QY USB 3.0 Extension Cable 12Ft, USB 3.0 High Speed Extender Cord Type A Male to A Female for Pl",Tan QY,Computers,8.99,9.091498312735043,0.10149831273504262,0.10149831273504262,1.1290134898224984,15,0.7853307,"USB 3.0 Extension Cable 25Ft,USB 3.0 High Speed Ex",18.59,0.84188724,"Short USB Extension Cable 2 ft, VCZHS USB 3.0 Exte",6.99,0.8326405,"USB 3.0 Extension Cable 20Ft, TanGuYu USB 3.0 Exte",11.98,0.8303002
B07DJ654GN,ZRM&E 2PCS SATA 15-Pin Power Adapter Line IDE 4P Female to SATA 15 Pin Female Power Extension Cable ,ZRM&E,Computers,7.99,16.663552844759764,8.673552844759763,8.673552844759763,108.5551044400471,15,0.69689715,ZRM&E 3-Pack Blue SATA 3.0 Cable with Locking Latc,7.49,0.75941324,"chenyang CY SATA Power Cable,SATA II Hard Disk 15P",6.99,0.73524874,SATA to Molex AYECEHI SATA Power Cable [5-Pack] 4 ,7.99,0.7229744
B09C16ZCLY,Capsmiths Cat Paw Artisan Keycap Set - MX Mechanical Gaming Keyboards (Purple),Capsmiths,Computers,18.99,28.14536766417798,9.15536766417798,9.15536766417798,48.211520085192106,15,0.65330625,"CN GAMING Fruit Drink Style Cute Keycap, Artisan R",18.88,0.74669695,Blue Hat All Gaming Keycaps DIY Metal Keycap Stere,35.99,0.6996345,YMDK Metal Keycap Cat Claw Cat Palm Novelty Keycap,14.9,0.6889312
B012BN2VHS,for Tomtom VIA Series 1530 1535 1605 GPS USB Data Sync Cable,Life-Tech,Computers,5.99,8.066010455833885,2.0760104558338845,2.0760104558338845,34.65793749305316,15,0.56259865,T POWER 2 x pcs for USB Cable Tomtom GPS GO ONE Re,6.99,0.78294665,2-Pack 6FT USB Charger Power Cord for Garmin GPS N,7.99,0.6243043,TacPower USB 2.0 Power Charger +Data Cable/Cord/Le,6.99,0.6096451
B019QNCPQ8,"PcProfessional Screen Protector (Set of 2) for Asus Zen AiO Pro Z240IC 23.8"" All-in-One Touchscreen ",PcProfessional,Computers,28.99,15.662938754465216,-13.327061245534782,13.327061245534782,45.97123575555289,15,0.7143585,PcProfessional Screen Protector (Set of 2) for HP ,27.99,0.7562119,PcProfessional Screen Protector (Set of 2) for Len,14.99,0.73853827,PcProfessional Screen Protector (Set of 2) for HP ,28.99,0.73218864
B09NC1WPXF,HP EliteBook Folio 1040 G3 Intel Core i5-6300U 16GB DDR4 Memory 256GB SSD - 14 QHD Non-Touch - 802.1,HP,Computers,297.96,256.6010101891441,-41.35898981085586,41.35898981085586,13.880718824961694,15,0.8452329,"HP Elite 8300 Desktop, Intel Core i5 (3rd Gen) Up ",138.59,0.8861105,"HP Compaq Elite 8300-SFF, Intel Core i5-3470 3.2GH",206.07,0.87541234,"HP EliteBook 840 G2 14-inch Laptop, Core i7-5600U ",204.98,0.87534225
B08V4X5L5B,ACEIRMC 6pcs INA219 I2C Bi-Directional DC Current Power Supply Sensor Breakout Module Compatible wit,Unknown,Computers,16.59,24.890581661880958,8.300581661880958,8.300581661880958,50.0336447370763,15,0.42363203,"Power Supply Module 24 Pin DC 12V 300W, PC PSU Com",32.71,0.45687187,aceyoon Laptop DC Power Adapter Kits 38 PCS Univer,19.58,0.44252402,Easy&Fine 19.5V 6.7A Charger Replacment for Dell D,20.99,0.43649733
B00M4OFFO6,"1TB 2.5"" Laptop Hard Drive for Lenovo IdeaPad U310, U330-2267,U350, U400, U410",HardDriveGeeks,Computers,49.99,114.31329833436364,64.32329833436364,64.32329833436364,128.67233113495428,15,0.69757956,"320GB 2.5"" Hard Drive for HP/Compaq G Notebook PC ",27.99,0.7372686,"2TB 2.5"" Laptop Hard Drive for Toshiba Satellite P",71.99,0.73331505,Hitachi IBM Travelstar IC25N030ATMR04-0 30GB IDE 8,41.0,0.71825814
B00K8NWHLE,Healingshield AFP Olephobic Premium LCD Screen Protector for Dell New XPS 15 (9530),Healing Shield,Computers,39.3,18.03697414325258,-21.26302585674742,21.26302585674742,54.10439149299599,15,0.65980756,Liudashun Screen Protector for Dell Inspiron 5582 ,9.99,0.75011295,PcProfessional Screen Protector (Set of 2) for Del,16.99,0.6743368,"Screen Protector for LOWRANCE Hook 2 7, AFP Oleoph",11.0,0.67086065
B00BP0HV1U,ASUS EB1030-B001L Desktop (Discontinued by Manufacturer),ASUS,Computers,99.99,327.7359110192621,227.7459110192621,227.7459110192621,227.76868788805095,15,0.61311835,"ASUS Premium High Performance 14"" Full HD 1920x108",389.88,0.6830545,ASUS 11 in 11.6 Inch HD Thin Light Student Laptop ,179.98,0.64540756,ASUS Vivobook E203NA-YS02 11.6” Featherweight Desi,269.0,0.6371854
B08MBB1BN9,Anti-Glare and Anti Finger Print Screen Protector (3 Pack) for 27 Inches Widescreen Desktop Monitor,EZ-Pro Screen Protector,Computers,35.99,31.949472519513442,-4.04052748048656,4.04052748048656,11.22680600301906,15,0.6796831,Anti Blue Light Screen Protector (3 Pack) for 14 I,17.99,0.7728739,Anti Blue Light Screen Filter for 27 Inches Widesc,49.99,0.7413589,Anti Blue Light Screen Filter for 19 Inches Widesc,38.99,0.733194
B08FRRZVS2,"Smart Eagle Decal Laptop Tablet Skateboard car Windows Sticker - White Decal - 5"" Wide",SmartDistributors,Computers,6.92,6.756800605993283,-0.16319939400671668,0.16319939400671668,2.358372745761802,15,0.7449076,I Love You More Motivational Life Love Quote Clear,8.89,0.7845868,Spider Vinyl Sticker Decals (Pack of 2) for Car Bu,5.56,0.7763808,When Life Gives You Lemons Grab Tequila & Salt Mot,5.0,0.767357
B087BTSMNL,abcGoodefg 9 Pin RS-232 DB9 Male to Male Female to Female Serial Cable Gender Changer Coupler Adapte,abcGoodefg,Computers,9.99,58.18958665438894,48.19958665438894,48.19958665438894,482.4783448887781,15,0.59305924,PL2303TA USB RS232 to DB9 Cross Wired Rollover Nul,14.9,0.6882899,DTech Serial Cable to USB Adapter DB9 Male RS232 P,11.88,0.6553634,"Moxa UPort 1650-8: 8 Port USB-to-Serial Hub, RS-23",484.5,0.6194426
B0BHXSR2C5,"ASUS Prime Z790M-Plus D4 LGA 1700(Intel® 12th&13th Gen) microATX Motherboard (PCIe® 5.0, 3xM.2 Slots",ASUS,Computers,178.99,244.34539024138948,65.35539024138947,65.35539024138947,36.51343105279036,15,0.8124984,ASUS Prime B560-PLUS LGA1200 (Intel 11th/10th Gen),74.99,0.8625846,GIGABYTE Z690 Gaming X (LGA 1700/ Intel Z690/ ATX/,158.87,0.8455683,ASUS TUF Gaming B660M-PLUS WiFi D4 LGA 1700(Intel ,195.99,0.8419114
B0C24KPYR4,"YESTEL Tablet 10.1 inch Tablets with 5G+2.4G WiFi, 2.0Ghz Octa-Core Processor, 4GB RAM 64GB ROM(Expa",YESTEL,Computers,129.99,84.87422317223503,-45.115776827764975,45.115776827764975,34.70711349162626,15,0.7321313,"TECLAST Tablet 10 inch Android 12 Tablets, P25T 4G",89.99,0.7683056,"SGIN 10 inch Tablet, Android 12 Tablet Quad-Core A",99.99,0.7634201,"Tablet 10.4 inch,Android 11 GO Tablet,Quad-core 1.",59.99,0.7592203
B09FNZ3TK7,PARTSMBP 2 Pack USB Charging Dock Charger Cable Cord 1M for Garmin Fenix 5/5S/5X Plus 6/6S/6X Pro Sa,PARTSMBP,Computers,8.99,12.363363722294972,3.3733637222949717,3.3733637222949717,37.52351192764151,15,0.63117486,Ancable 2-Pack Charger Cable Compatible with Garmi,8.99,0.8154342,Power Supply 5 feet Mini USB Cable Charger Cord Le,12.99,0.71631527,"Drive 51 Charger,Drive 50 USB Cable,Drive 60 Power",6.59,0.6977628
B09JSBXG58,BTBcoin 6 Pack PCI-E Riser 010S GPU Riser Adapter Card PCI-Express 1X to 16X Riser Card with 8 Solid,BTBcoin,Computers,23.99,46.712429985288225,22.722429985288226,22.722429985288226,94.71625671233109,15,0.69799924,"BEYIMEI PCI-E 1X to 16X Riser Card,GPU Riser Adapt",28.98,0.85378355,PCIE Riser 1X to 16X Graphics Extension for GPU Mi,39.99,0.8027221,CFIKTE VER 008S PCI-E Express Cable 1X TO 16X Grap,12.99,0.7979083
B00WMLXPE8,"Logitech High-Performance USB Headset H540 for Windows and Mac, Skype Certified & C270 Desktop or La",Logitech,Computers,59.98,166.01881878135663,106.03881878135664,106.03881878135664,176.79029473383903,15,0.68784827,"Logitech HD Pro Webcam C920, Widescreen Video Call",64.49,0.83835983,Logitech ConferenceCam Connect All-in-One Video Co,432.0,0.7534162,"Webcam with Microphone & Privacy Cover, 1080P Driv",15.99,0.73007435
B08T1MZSNT,"DETUOSI Case for YELLYOUTH 10.1 Tablet, Soft Silicone Lightweight Cover Compatible with Dragon Touch",DETUOSI,Computers,15.99,21.76887894472839,5.778878944728389,5.778878944728389,36.14058126784483,15,0.7109392,"Cherrry for Dragon Touch K10 Case,Hybrid Heavy Dut",19.99,0.7772722,AIJAKO 10.1 Inch Silicone Case for Dragon Touch No,11.99,0.7685572,"DETUOSI Universal 10.1 inch Tablet Case, 10 inch T",19.99,0.74994755
B01MS79M6Y,"Samsung Chromebook 3 2GB RAM, 16GB eMMC, 11.6"" Chromebook",SAMSUNG,Computers,172.89,273.3002866016909,100.41028660169093,100.41028660169093,58.07755601925556,15,0.76733625,"Acer Chromebook Spin 13 Convertible, 8th Gen Intel",746.07,0.8190206,"Acer Chromebook 311 CB311-9H-C12A, Intel Celeron N",165.0,0.81620353,"Acer Chromebook 514 Laptop | 14"" FHD Touch | Media",459.99,0.8134756
B06XPXNL8B,"XSKN Arabic Silicone Keyboard Skin Cover for New MacBook Pro 13 (2016 Release, Model A1708, Flat Key",XSKN,Computers,12.59,10.211758216843117,-2.3782417831568825,2.3782417831568825,18.88992679235014,15,0.810861,XSKN 2016 Arabic Silicone Keyboard Skin Cover for ,12.59,0.981383,XSKN Shortcut MAC OS X Keyboard Skin Cover for App,16.99,0.915321,XSKN Russian/English Bilingual Black Silicone Keyb,12.59,0.8781787
B0C6T45Y8S,"Wireless Charging Case + Earbuds Replacement Compatible for Pro,Charger Case Support Bluetooth Pairi",Youtec,Computers,36.99,15.654731042272829,-21.335268957727173,21.335268957727173,57.67847785273634,15,0.60441905,BOVKE Carrying Case Hard Protective Case Impact Re,10.99,0.6725105,LiZHi for Airpods Pro 2nd Generation Case Cover 20,6.29,0.63205993,NIUTRENDZ Cute Cow Print Case for AirPods Case Cov,10.99,0.6303483
B004GBRTB2,"Belkin FastCAT 5e Snagless Networking Patch Cables - Blue, 7 ft",Belkin,Computers,8.4,26.37801050755463,17.97801050755463,17.97801050755463,214.02393461374558,15,0.63704795,1 Foot Cat6 Ethernet Network Patch Cables Black RJ,42.99,0.6728136,iMBAPrice - 10 Ft (10ft) Cat6 Ethernet Network Pat,6.59,0.65028334,RuiLing 100PCS Deep Gray CAT5E CAT6 RJ45 Ethernet ,8.59,0.65027905
B077XZ2W6F,Ogrinal 512MB Type I 80X Compact Flash Memory Card Camera Card CNC Machine cf 512mb Card,BR,Computers,13.99,48.03171177166446,34.04171177166446,34.04171177166446,243.32889043362732,15,0.6903764,Cloudisk Compact Flash 32GB CF Card Memory Cards H,22.99,0.7495034,Komputerbay 64GB High Speed Compact Flash CF 266X ,25.0,0.73567116,"Exascend 512GB Essential CFexpress Card Type B, up",299.0,0.7003101
B0C6NZ6SCR,"Mini PC Windows 11 Pro, Intel i7 10710U (up to 4.70 GHz) Mini Computers 16GB RAM 512GB NVMe SSD, 6 C",ACEMAGICIAN,Computers,379.99,469.61053061511154,89.62053061511153,89.62053061511153,23.584970818998272,15,0.78225017,"ACEMAGICIAN Mini PC Intel i7 10810U, 16GB RAM 512G",448.98,0.91312706,"ACEMAGICIAN Mini PC, 8GB DDR4 RAM 256GB M.2 SSD, I",199.0,0.8427037,"Mini PC, AMD Ryzen 5 5625U(6C/12T, up to 4.3 GHz),",349.0,0.8207086
B07YTQ1FK9,"Water Cooling Tank with Pump, G1/4 19W SC600 Acrylic Computer DIY Water Cooling Tank Cylinder Reserv",PUSOKEI,Computers,32.61,176.35543274520387,143.74543274520386,143.74543274520386,440.8016950174911,15,0.5947065,800L/H 8W 7V Water Cooling Pump Tank with 4 Meters,60.02,0.70007706,Bewinner Water Cooling Kit for PC 240mm Heat Sink ,122.21,0.67462915,Cooling Heat Exchanger Water Pump Tank 500L/H 10W ,41.03,0.6627086
B01NA9R7R8,wangpeng New CPU Cooling Fan for Samsung NP350E7C NP355E5C NP355V5C NP350V5C NP355E7C NP365E5C P/N:B,Unknown,Computers,12.97,30.176108292810657,17.206108292810654,17.206108292810654,132.66081952822398,15,0.68804437,QUETTERLEE Replacement New Laptop Cooling Fan for ,12.99,0.7271359,SWCCF New Laptop CPU Cooling Fan for Toshiba Satel,18.99,0.72369874,wangpeng&reg New CPU Cooling Fan Compatible with f,12.53,0.7096199
B007B6Q6A4,"Zacuto Z-BRE-FM1 1"" Black Male/Female Rod Extension",Zacuto,Computers,19.0,25.116750944612658,6.116750944612658,6.116750944612658,32.19342602427715,15,0.47173968,Meza Extension Rod-10 cm Aluminum Alloy Extension ,39.99,0.63098973,"EKWB EK-Quantum Torque Extender Static, MF 14, Bla",13.99,0.5066693,"Enzotech G1/4"" to 3/8"" ID, 1/2"" OD Compression Fit",8.99,0.49034232
B089Y6LY9C,TAI-HAO ABS Keycap Set - Blue and Pink,TAI-HAO,Computers,34.99,43.831507742203186,8.841507742203184,8.841507742203184,25.26867031209827,15,0.6986255,taihao Rubber Gaming Keycap Set Rubberized Doubles,39.99,0.76937747,KOKOYAKA Dye Sublimation Keycaps | Cherry Profile ,19.99,0.75263774,E-Element Keycaps Doubleshot Keycaps with Keycap R,8.99,0.72435117
B0BNJVCV5N,Rome Tech CMOS Battery for HP Compaq Presario CQ60 G60 G70 CQ50 CQ70 G62 G50 V2000 - Laptop Backup B,Rome Tech,Computers,10.99,29.333810575091828,18.34381057509183,18.34381057509183,166.91365400447523,15,0.607098,Rome Tech CMOS Battery for IBM Lenovo Thinkpad Yog,10.99,0.7593461,Rome Tech CMOS Battery for IBM Lenovo Thinkpad E43,10.99,0.7518483,GHU New Laptop Battery 41++ Replacement for 40Y679,41.58,0.6387905
B00NJ5JHSO,8GB (2 X 4GB) Memory Upgrade for HP Workstation Z210 DDR3 PC3-10600 1333MHz Desktop DIMM RAM (PARTS-,parts-quick,Computers,49.99,55.049752188097436,5.059752188097434,5.059752188097434,10.121528681931254,15,0.7932781,4GB Memory Upgrade for HP Pavilion HPE h8-1360t DD,19.99,0.83956957,HP Low Power Kit 4 GB DDR3 1333 (PC3 10600) RAM 64,51.93,0.83956516,A-Tech 4GB RAM for HP All in ONE 19-2113W | DDR3 1,19.79,0.81952435
B0C3LQWZM9,"HP Newest Flagship 15.6 HD Pavilion Laptop for Business and Student, Intel Pentium Quad-Core Process",HP,Computers,449.0,476.18256440309926,27.182564403099263,27.182564403099263,6.054023252360638,15,0.85445964,"HP Newest Pavilion 15.6” Laptop, Intel Pentium Qua",499.99,0.90088654,"HP 15.6 Laptop (Latest Model), Intel Core i3-1115G",529.99,0.8912963,"2021 HP 15.6 Inch Full HD 1080P Business Laptop, 1",549.99,0.8873079
B00Q8UKZWE,OTTERBOX ALPHA GLASS SERIES Screen Protector for iPad Air 2 - Retail Packaging - CLEAR,OtterBox,Computers,15.7,24.448048347630618,8.748048347630618,8.748048347630618,55.72005316962178,15,0.6465833,ZAGG InvisibleShield Glass Screen Protector for iP,12.49,0.6902729,SuperGuardZ [2-Pack] iPad 9.7 (2018) / iPad 9.7 (2,13.99,0.68065655,OtterBox Defender Series Case for iPad Air - Retai,37.99,0.67984873
B09SHFRZ7H,"Jingchengmei 2 Pack of 1U Vented Cantilever Server Rack Mount Shelf 6"" (154mm) Deep for 19"" Network ",JINGCHENGMEI,Computers,27.99,70.30217181678097,42.312171816780975,42.312171816780975,151.16888823430145,15,0.68527526,Rack Shelf 2U Vented Server Rack Mount Cantilever ,34.99,0.8200639,Raising Electronics Server Shelf Cantilever Tray V,17.99,0.8032781,DynaCable 12U Heavy Duty Open Frame Swing Out Wall,135.45,0.7016852
B08MPYJ6KJ,"BMOUO Samsung Galaxy Tab A7 Case, Galaxy Tab A7 10.4 Case, Samsung Tab A7 Case 10.4 2020, Shockproof",BMOUO,Computers,15.99,18.42159650212429,2.4315965021242913,2.4315965021242913,15.206982502340786,15,0.84392905,AVAWO Samsung Galaxy Tab A7 10.4 Kids Case 2022/20,16.99,0.920155,LEDNICEKER Kids Case for Samsung Galaxy Tab A7 10.,9.98,0.9006359,"BRAECN Galaxy Tab A7 10.4 Inch Case for Kids, Shoc",29.99,0.855255
B000JJP3K4,Fuji Film H1GBXD 1GB xD Picture Card,Fujifilm,Computers,74.98,19.824396136345445,-55.15560386365456,55.15560386365456,73.56042126387644,15,0.61869556,Fujifilm FinePix XP60 Digital Camera Memory Card 8,11.49,0.7115737,Fujifilm AX200 Digital Camera Memory Card 4GB Secu,10.95,0.68745804,Fujifilm Finepix Z33 WP Digital Camera Memory Card,13.95,0.66143966
B01M0S5OBU,"Dell Inspiron High Performance 15.6"" FHD Laptop AMD A12 Processor, 8GB RAM,1 TB HDD Radeon R7 Graphi",Dell,Computers,819.0,690.8452250615646,-128.15477493843537,128.15477493843537,15.647713667696625,15,0.84744924,"Newest Dell Inspiron 3511 Premium Laptop, 15.6"" FH",487.21,0.8683647,"Dell 2022 Newest Inspiron 15 3000 3511 15.6"" FHD T",689.0,0.8659159,"Dell Inspiron 15.6"" HD Laptop, Intel 4205U Process",429.99,0.86454725
B0951TQ233,"Phanteks (PH-F120MP_BK02) 120mm MP PWM Fan, high Static Pressure, Optimized for Silence, Sleeved Dai",Phanteks,Computers,12.71,70.87123165541071,58.16123165541071,58.16123165541071,457.6021373360402,15,0.65213144,Phanteks (PH-GO360MPH_DBK01) Glacier One 360MPH D-,199.99,0.70969206,Phanteks (P-GO240MPH_DWT01) Glacier One 240MPH D-R,183.08,0.69965,"be quiet! Shadow Wings 2 140mm PWM White, BL091, C",19.99,0.6841786
B07485T43G,"Vetroo 120mm Red 15-LEDs Cooling Fan for Computer PC Cases, CPU Coolers and Radiators, 2-Pack",Vetroo,Computers,16.99,47.843551714242835,30.853551714242837,30.853551714242837,181.59830320331275,15,0.66768384,Vetroo Sakura Pink Frame 120mm ARGB LED Case Cooli,8.99,0.72090805,Sunon SF11592A 1092HBL.GN 92mm x 92mm x 25mm 110-1,17.49,0.713381,"SXDOOL EC Motor Cooling Fan, 120mm Fan, 120mm 38mm",16.99,0.70574033
B093BQF5DD,Panasonic Laptop Internal UJ-272 UJ272 9.5mm SATA 6X 3D Blu-ray Burner BD-RE BDXL DL Dual Layer Blur,Best Music Posters,Computers,79.99,95.15427591053448,15.164275910534485,15.164275910534485,18.957714602493418,15,0.6352512,"USB 3.0 External Blu-Ray DVD/BD/CD Drive, Portable",99.99,0.71245134,CD DVD Burner Writer Player Drive Replacement for ,39.0,0.67285585,"Maerd External Blu Ray DVD Drive, USB3.0 Type-C Po",73.99,0.66904926
B07DHM984J,"RCA Cambio 10 W101SA23T1S 2017 Case,LiuShan PU Leather Slim Folding Stand Cover for 10.1"" RCA Cambio",LiuShan,Computers,11.98,14.521331351298393,2.5413313512983926,2.5413313512983926,21.213116454911457,15,0.7276771,"Mama Mouth for RCA Cambio Case,PU Leather Folio 2-",12.99,0.877116,"RCA 7 Voyager III Case,LiuShan PU Leather Slim Fol",10.98,0.82770336,"Insignia Flex 11.6 NS-P11W6100 Case,Mama Mouth PU ",15.99,0.72796893
B08H22BV1N,ELUTENG M.2 SSD Enclosure Dual Protocol USB 3.2 Gen 2 NVME to USB Adapter 10Gbps NGFF SATA M.2 PCIe ,ELUTENG,Computers,17.98,45.07375322349755,27.093753223497547,27.093753223497547,150.6882826668384,15,0.777556,USB C Aluminum M.2 NVMe M-Key SSD Enclosure Adapte,41.12,0.84822726,ORICO Upgraded Aluminum M.2 NVMe SSD Enclosure to ,26.99,0.8275281,BYEASY M.2 NVMe SSD Enclosure Adapter with USB C/T,39.99,0.8272576
B06W9NYJKX,"HP 24-g020 23.8"" All-In-One Desktop (AMD A8-7410, 8GB RAM, 1 TB HDD, Windows 10 Home)",HP,Computers,499.99,533.9345842507742,33.94458425077414,33.94458425077414,6.789052631207452,15,0.7539292,"HP 22-Inch Full HD WLED All-in-One PC, Intel Celer",599.0,0.7901718,"HP Pavilion 23.8"" Touch-Screen All-in-One Desktop ",549.0,0.7835447,"HP 2019 15.6"" HD Touchscreen Laptop Computer, 7th ",600.0,0.76583123
B0964VZS9Q,"KuRoKo Case Compatible with All-New Kindle Fire HD 8 Tablet and Fire HD 8 Plus Tablet, Slim Light Co",KuRoKo,Computers,11.99,19.768820800395943,7.778820800395943,7.778820800395943,64.8775713127268,15,0.77271503,KEROM Fire HD 8 Tablet Case 2018 2017 2016 (8th/7t,18.99,0.8215833,"Fire HD 8 Tablet Case (8th /7th /6th Generation, 2",22.99,0.78660625,Slim Case for All-New Amazon Fire HD 8 and Fire HD,17.99,0.7794439
B0B5CTKVRG,Nordic BLE 4.0 nRF51822 Controller Chip Bluetooth Module Small Size 18.5 x 9.1x 2.0mm 5 Pack,Luabby Smart,Computers,19.99,110.61856798058126,90.62856798058127,90.62856798058127,453.369524665239,15,0.5329646,TRENDnet Micro N150 Wireless & Bluetooth 4.0 USB A,10.99,0.57654333,AzureWave AW-NB087H Ralink RT3290 Chipset IEEE 802,29.86,0.5702059,Raspberry Pi 4 Model B 2019 Quad Core 64 Bit WiFi ,98.0,0.568446
B07V3951LV,USTY Samsung Galaxy Tab A 8.0 Case SM-T290/SM-T295 - Slim Shell Lightweight Folio Stand Premium PU L,USTY,Computers,12.99,15.499424203470877,2.5094242034708767,2.5094242034708767,19.31812319839012,15,0.87031764,Case for Samsung Galaxy Tab A 8.0 inch 2019 (SM-T2,11.99,0.9154594,Folio Case for Samsung Galaxy Tab A 8.0 2019 SM-T2,15.99,0.89544964,Rotating Case for Samsung Galaxy Tab A 8.0 2019 Wi,7.99,0.88100713
B08PFFLVS8,"LENSGO Camera Battery Memory Card Case, Memory Card Hard Protector Case Water-Resistant Anti-Shock C",LENSGO,Computers,13.71,14.953789806730898,1.2437898067308968,1.2437898067308968,9.072135716490859,15,0.57263434,"Acuvar 24 Slots, SD/SDHC Memory Card Hard Plastic ",7.99,0.6374363,30 Pack SD MMC/SDHC PRO Duo Memory Card Plastic St,6.97,0.6130644,Fujifilm FinePix XP60 Digital Camera Memory Card 8,11.49,0.5865977
B00CWLSE9Y,3-Year Home Security Plan Under $75,Unknown,Computers,7.68,29.145004097040264,21.465004097040264,21.465004097040264,279.4922408468785,15,0.80434686,4-Year Home Security Plan Under $750,68.6,0.9860257,4-Year Home Security Plan Under $25,5.25,0.9859431,2-Year Home Security Plan Under $200,20.43,0.97714096
B0923BDR8B,Dell Inspiron 3502 - 15.6 inch Laptop - Intel Pentium Silver N5030 - 128GB SSD - 4GB DDR4 -Intel UHD,Dell,Computers,359.0,356.8007645853002,-2.1992354146997855,2.1992354146997855,0.6126003940667926,15,0.7972283,Dell Latitude E5450 Business Laptop Notebook (Inte,269.84,0.8622615,"Dell Newest Inspiron 3510 15.6"" HD Laptop, Intel P",529.0,0.82567465,"Dell Latitude E7470 14 FHD, Core i5 6300U 2.4GHz, ",240.08,0.8219546
B0B1DB5DR5,SUNMALL Replacement Keyboard Compatible with Lenovo IBM ThinkPad E580 E585 E590 E595 L580 L590 T590 ,SUNMALL,Computers,42.99,30.31485225306024,-12.67514774693976,12.67514774693976,29.483944514863364,15,0.72170776,AUTENS Laptop Replacement Keyboard for Lenovo Thin,29.99,0.7602715,Replacement Keyboard for IBM Lenovo Ideapad Y450 Y,18.0,0.75849926,Keyboard Cover for Lenovo Thinkpad E15 Gen 4 3 2 1,5.9,0.7579105
B09797VLPW,"UDATON USB C to USB C Cable, USB C Cable, 60W Fast Charging Cable 2 Pack 6FT, Durable Long Nylon Bra",UDATON,Computers,6.98,11.286662226149229,4.3066622261492284,4.3066622261492284,61.700031893255414,15,0.7905137,"SKEJER USB C to C Charger Cable, Fast Charging and",13.99,0.8430872,USB C to USB C Cable 3.1 Gen1 Type C Nylon Braided,8.99,0.8291115,"USB Type C Cable 3A Fast Charging 6ft, 4Pack USB A",10.99,0.81113863
B08LG872JH,"Lenovo Flex 5 2 in 1 Laptop Computer 14"" FHD IPS Touchscreen AMD Quad-Core Ryzen 3 4300U (Beats i5-1",Lenovo,Computers,379.0,708.6806462175609,329.68064621756093,329.68064621756093,86.98697789381555,15,0.8605486,"Lenovo Flex 5 14 2-in-1 14"" FHD Touchscreen Laptop",629.99,0.90400225,"Lenovo Legion 5 15 Gaming Laptop 15.6"" FHD IPS 120",999.0,0.87736464,"Lenovo Ideapad 3 Gaming Laptop 15.6"" FHD IPS 120Hz",599.0,0.87413347
B07KD24YDL,Comidox 2Pcs TTL to RS485 Module 485 to Serial UART Level Mutual Conversion Hardware Automatic Flow ,Comidox,Computers,6.99,73.20179123085772,66.21179123085773,66.21179123085773,947.2359260494667,15,0.5192155,ANMBEST 10PCS MAX485 RS485 Transceiver Module TTL ,11.99,0.6337216,Adafruit FTDI Serial TTL-232 USB Cable [ADA70],24.63,0.5719058,Black Box Async RS232 to RS485 Interface Converter,186.18,0.5255768
B00PY6IE8U,M471b5173bh0-Yk0 Samsung Electronics Co Ltd 4Gb Ddr3l Pc3-12800 Cl11,SAMSUNG,Computers,14.99,43.56046867464015,28.570468674640146,28.570468674640146,190.5968557347575,15,0.76614285,Samsung M393A2K40BB2-CTD 16GB DDR4-2666 LP ECC REG,29.0,0.8631346,Samsung M393B2G70BH0-YH9 Samsung 16GB 2RX4 PC3L-10,24.94,0.84881616,MICRON 2GB PC3-10600U DDR3 MEMORY MODULE MT8JTF256,8.86,0.79079247
B09SGSTS44,"HP ProBook 450 G8 Home & Business Laptop (Intel i5-1135G7 4-Core, 16GB RAM, 512GB PCIe SSD, Intel Ir",HP,Computers,829.0,709.4103907898655,-119.58960921013454,119.58960921013454,14.425767094105494,15,0.84409976,HP Pavilion 15 Home & Business Laptop (Intel i7-11,998.99,0.91832334,"2020 HP 15.6"" HD Touchscreen Premium Home & Busine",515.0,0.8575113,"HP 2022 Pavilion X360 14"" FHD IPS Touch 2-in-1 Lap",899.99,0.8512125
B07HJB2KSR,"Samsung 4GB DDR4 PC4-21300, 2666MHZ, 260 PIN SODIMM, 1.2V, CL 19 Laptop ram Memory Module",SAMSUNG,Computers,10.61,64.04886419979877,53.43886419979877,53.43886419979877,503.66507257114773,15,0.78360975,Crucial 8GB Kit (4GBx2) DDR4 2133 MT/s (PC4-17000),68.99,0.8099797,A-Tech 32GB (2x16GB) DDR4 3200 MHz SODIMM PC4-2560,90.78,0.8060903,A-Tech 32GB (2x16GB) DDR4 2400 MHz SODIMM PC4-1920,87.75,0.8017113
B087Q915LF,20 Pieces Charging Module Battery Charging Board with Battery Protection BMS 5V Micro USB 1A 186 50 ,Mudder,Computers,9.59,13.777291662536774,4.187291662536774,4.187291662536774,43.66310388463789,15,0.539214,"Angled USB Cable, Spring Coiled USB to Micro-USB E",8.99,0.56784344,65W Surface Pro Charger Compatible with Surface Pr,24.99,0.5524117,"PWR+ Charger for Lenovo Tab M10 Plus, Samsung Gala",12.99,0.55188584
B07ZP9T22V,AEONS 9U Professional Wall Mount Network Server Cabinet Enclosure 19-Inch Server Network Rack 16-Inc,AEONS,Computers,187.99,181.70048078698738,-6.289519213012625,6.289519213012625,3.345666904097359,15,0.71869063,Aeons 12U Signature Double Section Wall Mount 19-i,354.95,0.81365097,Sysracks - Server Rack - Locking Cabinet - Network,869.0,0.77245736,RackPath 1U Blank Rack Mount Panel Spacer (10 Pack,38.98,0.767059
B07KCWGRTC,iPad 6th Generation Cases with Screen Protector and Stylus - iPad 9.7 inch Air1 2018 2017 Case Cover,NEWQIANG,Computers,13.99,12.306381210210738,-1.6836187897892625,1.6836187897892625,12.03444453030209,15,0.8892158,NEWQIANG iPad Air 1st Generation Case with Screen ,10.99,0.94053566,"Rotating Case for iPad 9th/8th/7th Generation, iPa",19.99,0.9162783,New iPad 9.7 inch Case 2018 2017/ iPad Air 2 Case ,8.99,0.9033751
B0716J7N4Q,Dell Optiplex 790 SFF Desktop Computer with SSD - Intel Core i5-2400 3.10GHz 8GB DDR3 RAM 128GB SSD ,Dell,Computers,210.02,228.25265173753516,18.23265173753515,18.23265173753515,8.681388314224908,15,0.8207938,Dell Optiplex 9020 Desktop Computer - Intel Core i,338.1,0.85607195,Dell Optiplex 7010 Business Desktop Computer (Inte,104.99,0.84759873,DELL Optiplex 790 High Performance Desktop Compute,92.89,0.8442865
B00ZQ5EKF0,Nikon Coolpix P900 Digital Camera Memory Card 64GB Secure Digital Class 10 Extreme Capacity (SDXC) M,Transcend,Computers,14.45,28.191397800033176,13.741397800033177,13.741397800033177,95.0961785469424,15,0.70435154,Nikon Coolpix 3200 Digital Camera Memory Card 2GB ,11.49,0.81470716,Nikon Coolpix S9700 Digital Camera Memory Card 8GB,13.95,0.7984488,Nikon Coolpix L840 Digital Camera Memory Card 32GB,13.95,0.7799566
B09K6N6V7C,"Wooden Laptop Stand,Vertical Laptop Stand Holder for MacBook Surface Chromebook,Wooden Laptop Stand ",LYG,Computers,16.99,22.966401113610445,5.9764011136104465,5.9764011136104465,35.17599242854884,15,0.77488303,"brocoon Laptop Stand, Adjustable Laptop MacBook St",37.99,0.81134105,Urmust Laptop Stand for Desk Aluminum Computer Sta,36.99,0.7935459,"CLUBYO Laptop Stand for Desk, Ergonomic Adjustable",20.99,0.791553
B09MD1K8GT,"2 Packs LCD Writing Tablets for Kids, Drawing Doodle Board 8.5 Inch Electronic Graphics for Children",Enotepad,Computers,10.48,26.28369045512974,15.80369045512974,15.80369045512974,150.7985730451311,15,0.5838831,Viotek LCD Writing Tablet - 8.5” Writing Surface w,6.29,0.628898,Tuosake iPad Pro 12.9 Case 2021/2022 5th/6th Gener,20.99,0.60574424,TNP Case for iPad 9th Gen 2021/iPad 8th 2020/iPad ,13.99,0.6014672
B08KHJFKZL,"HYZUO 13 Inch Laptop Sleeve Compatible with MacBook Air M2 A2681 13.6"" Display, MacBook Air 13 M1 20",HYZUO,Computers,18.0,20.960847743247605,2.960847743247605,2.960847743247605,16.449154129153364,15,0.81979394,HYZUO 13 Inch Laptop Sleeve Compatible with MacBoo,20.99,0.9181239,HYZUO 13.3-14 Inch Laptop Sleeve Case with Stand F,25.0,0.8760942,13 Inch Laptop Sleeve Case Compatible with 2019 20,19.9,0.8443373
B00ED3I7K0,"Compucessory CCS26467 Password Protected USB Flash Drives, Black",Compucessory,Computers,16.84,31.371858797886755,14.531858797886755,14.531858797886755,86.2936983247432,15,0.71914864,Compucessory CCS26467 Password Protected USB Flash,16.43,1.0,"16GB USB Flash Drive 5 Pack, Cardfuss USB 2.0 Swiv",19.99,0.7413695,10 1 GB Flash Drive - Bulk Pack - USB 2.0 1GB Swiv,48.5,0.71299964
B074SC2BR3,"Firepower Braided USB Power Cable for Fire TV Stick, Power up Your Fire TV Stick Using Your TV’s USB",Ienza,Computers,8.9,10.46871948516938,1.56871948516938,1.56871948516938,17.62606163111663,15,0.60811085,Duo for Powering FireStick from TV and HDMI Extend,14.99,0.77759063,2-Pack 10FT Micro USB Power Cable Compatible with ,9.94,0.7209222,[3Pack] iEugen Charger Cord Compatible with Amazon,6.99,0.6374712
B01D8B22ZS,Hermitshell Travel Case Fits HP Wireless x4000 Bluetooth Mouse,Hermitshell,Computers,11.99,40.4340806521696,28.444080652169596,28.444080652169596,237.23169851684398,15,0.6087734,Hermitshell Travel Case Fits Logitech Ultrathin To,12.99,0.75706637,Hermitshell for Razer Mamba Chroma Ergonomic Gamin,16.99,0.74876684,Hermitshell Travel Case for Rii i4 Mini Bluetooth ,12.99,0.6844573
B07LCV2JC4,"Dell Latitude E6440 14? Flagship Business Laptop, Intel Core i5 Processor, 8GB DDR3 RAM, DVD+/-RW, 3",Dell,Computers,196.47,327.5176638536564,131.04766385365642,131.04766385365642,66.7011064557726,15,0.80947655,Dell Latitude E5430 14.1 Inch Business High Perfor,170.97,0.8472504,"Dell Latitude E5450 14in Laptop, Intel Core i5-530",134.49,0.8251067,"Dell Latitude E6430s 14.1 inch Laptop,Intel Core i",377.0,0.82425547
B082PHMY72,Lknewtrend 200FT CAT6 High-Speed 10 Gbps Ethernet Network Cable - RJ45 Internet LAN Solid PoE Wire f,GLKNT,Computers,28.99,20.84578155272955,-8.144218447270447,8.144218447270447,28.093199197207475,15,0.7742585,Lknewtrend 25FT Feet Cat6 Ethernet Patch Cable - U,9.99,0.9348127,Lknewtrend 300FT Feet Cat6 Ethernet Patch Cable - ,49.0,0.9041965,"SHOOTING Cat 6 Ethernet Cable, Flat 17 Feet LAN, U",5.7,0.78773975
B07D65ZN7Y,"Laptop Ac Adapter Charger for Samsung NP-RC512-S02US, NP-RC512-W01US; Samsung NP-RC512-W02US, NP-RF5",Galaxy Bang USA,Computers,16.99,17.15452956047625,0.16452956047625023,0.16452956047625023,0.9683905854988243,15,0.8133759,Laptop Ac Adapter Charger for Samsung NP550P5C-A01,19.99,0.91280234,"AC Adapter Charger for Samsung 7 Spin 2-in-1, NP73",15.99,0.8512123,Laptop Ac Adapter Charger for Toshiba Satellite L8,16.99,0.8493516
B0BPDW4Y9Z,"HP 2022 All-in-One Desktop, 21.5"" Diagonal FHD (1920 x 1080) Display, Intel Duel Core Celeron J4025 ",HP,Computers,539.99,580.203037400963,40.213037400963,40.213037400963,7.446996685302136,15,0.84490025,"HP 2022 Newest All-in-One Desktop, 21.5"" FHD Displ",569.0,0.9137108,"HP All-in-One Desktop, 21.5"" FHD Display, Intel Ce",549.0,0.87900484,"HP 2022 Newest All-in-One Desktop, 21.5"" FHD Displ",729.99,0.8699705
B01MRUZJJW,"Decalrus - Protective Decal for 2016 Alienware 17 R4 Without G Sync (17.3"" Screen) Laptop White Carb",Decalrus,Computers,31.95,25.68299442581342,-6.26700557418658,6.26700557418658,19.61504092077177,15,0.8080161,decalrus - Protective Decal for Dell G3 3579 (15.6,27.95,0.893877,Decalrus - Protective Decal for DELL XPS 13 9343 9,27.95,0.8792298,Decalrus - Protective Decal for Dell Latitude 5490,24.95,0.86867523
B074TY7G3Z,Original Genuine New US Black Keyboard for ASUS C300 C300M C300MA NSK-UZ1SQ 01 NSK-UZ1SQ 1D,Unknown,Computers,19.91,32.39451442621533,12.48451442621533,12.48451442621533,62.7047434767219,15,0.67942125,Original New US Keyboard for Gateway PK130HJ1B00 K,19.89,0.7550421,Genuine New ASUS Q200 Q200E S200 S200E Series MP-1,21.98,0.71845245,Abakoo New Keyboard Replacement for Precision M380,39.99,0.71679944
B004ARP28O,90W USB-C Car Laptop Charger for HP Spectre X360 13-aw0013dx 13-aw0003dx 15-ch011dx Chromebook 14 G5,PWR+,Computers,49.99,28.367455310623658,-21.622544689376344,21.622544689376344,43.25374012677804,15,0.80301493,Pwr 180W 150W 120W Charger for HP Laptop Gaming Om,49.99,0.8649003,USB-C Laptop Charger for LG Gram 14 15 16 17 2-in-,27.99,0.8521515,PWR+ UL Listed 14Ft Long HP Smart Blue Tip AC Adap,22.99,0.8410531
B077JYTQ3D,"Acer B227Q bmiprzx 21.5"" Full HD (1920 x 1080) IPS Zero Frame Monitor (Display, HDMI, VGA & 4 x USB ",Acer,Computers,164.97,176.32302825380006,11.353028253800062,11.353028253800062,6.881874434018344,15,0.7562313,"Acer B276HUL Aymiidprz 27"" WQHD (2560 x 1440) HDMI",406.99,0.8038528,"AOPEN by Acer 27CH2 bix 27"" Full HD (1920 x 1080) ",241.72,0.7905872,"Acer EB321HQ Awi 32"" Full HD (1920 x 1080) IPS Mon",159.99,0.77964604
B07PMDQK77,New LCD Screen Hinge L+R Set (Gray) Replacement for Dell Inspiron 11 2-in-1 3168 3179 P25T,Unknown,Computers,19.99,60.864572435674646,40.87457243567465,40.87457243567465,204.4750997282374,15,0.65987045,GinTai Laptop LCD Hinges L&R Hinge Set Replacement,13.89,0.7464491,Suyitai Laptop LCD Hinge Cover Bezel Touch Replace,19.99,0.7307992,SCREENARAMA New Screen Replacement for Dell Inspir,53.28,0.715237
B093DSZ7FJ,University of Washington Sticker Huskies U of W Vinyl Decal Laptop Water Bottle Car Scrapbook (State,Desert Cactus,Computers,10.99,7.528603755321594,-3.461396244678406,3.461396244678406,31.49587119816566,15,0.7104362,Purdue University Boilermakers Vinyl Decal Laptop ,10.99,0.94702274,"Green Plant Stickers, 100 Pcs Cactus Stickers Viny",7.99,0.7451578,Upload Your Own Photo Custom Stickers - 15 Pieces ,14.99,0.7338075
B01MUG6CKD,"Dell Y50C0 Latitude 5470 14"" Laptop (Intel Core i5-6300U, 8GB DDR4 2133MHz RAM, 128GB SSD, Windows 1",Dell,Computers,575.0,471.68474741473744,-103.31525258526256,103.31525258526256,17.96787001482827,15,0.7815923,"Dell Latitude LAT5470-5559BLK 14"" HD Notebook (Int",459.95,0.8250215,Dell Latitude E7480 14.0-inch FHD Touchscreen Busi,549.0,0.805103,Dell Latitude 5300 Laptop 13.3 Intel Core i7 8th G,272.42,0.7982428
B07VH27LVN,"SCREENARAMA New Screen Replacement for Lenovo Ideapad 320-17IKB, HD+ 1600x900, Matte, LCD LED Displa",Unknown,Computers,65.0,52.59962450810771,-12.40037549189229,12.40037549189229,19.07750075675737,15,0.82053304,SCREENARAMA New Screen Replacement for Lenovo Idea,68.9,0.9296576,SCREENARAMA New Screen Replacement for Lenovo Thin,52.05,0.9091946,SCREENARAMA New Screen Replacement for Lenovo FRU ,52.05,0.90278065
B0B79WVWYP,Dell OptiPlex 3000 Desktop Computer - Intel Core i5 12th Gen i5-12500T Hexa-core (6 Core) 2 GHz - 8 ,Dell,Computers,615.97,462.0177393281833,-153.9522606718167,153.9522606718167,24.993467323378848,15,0.80173266,"Dell Optiplex 990 Desktop Computer, Intel Core i5 ",138.97,0.85011435,Dell OptiPlex 3000 3080 Desktop Computer - Intel C,709.0,0.83948946,Dell OptiPlex 7050 Small Form Factor Desktop Compu,239.99,0.8343956
B08CSMPLSR,"USB Type C Charging Cable for Samsung A50 A20, Galaxy S20 S20+ S10E S10 S9 S8 Plus Ultra Tab S4 S5E ",YACYA,Computers,7.99,10.474540781065635,2.4845407810656344,2.4845407810656344,31.095629299945358,15,0.78792846,"HEEMAX USB Type C Cable 3A Fast Charging, [2-Pack ",9.99,0.8419841,"Costyle USB Type C Cable 10FT Long, [3 Pack] USB A",11.99,0.83406067,USB Type-C Cable 5pack 6ft Fast Charging 3A Quick ,12.97,0.82912815
B078WG79L4,"HP 6300 Pro Small Form Factor Business Desktop Computer, Intel Core i5 Quad Core Processor up to 3.6",HP,Computers,116.42,249.88593820775122,133.4659382077512,133.4659382077512,114.64176104428037,15,0.82057655,HP Compaq Desktop Computer Pro 6300 SFF Intel Core,141.81,0.8679232,HP Elite Business Desktop (Intel Quad-Core i5 up t,303.55,0.86167276,HP Elite Business Desktop (Intel Quad-Core i5 up t,303.55,0.86167276
B0C5QCFLDP,"MAGICRAVEN Portable Monitor, 15.6 Inch FHD 1080P IPS Portable Monitor for Laptop, Dual USB C HDMI Co",MAGICRAVEN,Computers,99.99,206.56374661684958,106.57374661684959,106.57374661684959,106.58440505735534,15,0.7112614,CASKING 15.6'' FHD Portable Monitor 1080P IPS Touc,229.98,0.7611861,ZSCMALLS Portable Monitor 15.6 Inch 1080P FHD USB-,79.99,0.74569476,"Magedok Portable Monitor,14”Touchscreen Monitor,FH",219.0,0.73638916
B00KF3MB0E,K-Musculo ATI Radeon Hd 4850 512mb Rv770 PRO Dvi/dn/dvi Pcie Video Card,DASS,Computers,139.95,191.09356414271878,51.14356414271879,51.14356414271879,36.544168733632574,15,0.66754305,VisionTek Products Radeon 7350 SFF 1GB DDR3 Graphi,69.95,0.71526474,Dell Optiplex Tower Computer Gaming PC [ Intel Cor,229.97,0.6877487,Epic IT Service - AMD Radeon HD 7470 1GB 1024MB Lo,67.25,0.6843969
B0040IG1A6,"PTC® USB 2.0 Active Repeater/Extension Cable, 49'",PTC,Computers,29.99,13.205928881217257,-16.78407111878274,16.78407111878274,55.965558915581006,15,0.6645018,TNP USB Extension Cable (15 Feet) - Type A Male to,6.95,0.7415837,Tripp Lite Active USB 2.0 Extension Cable USB-A M/,32.29,0.7337297,"C2G USB Long Extension Cable, USB Cable, USB A to ",23.8,0.70948267
B00WL2X7UA,Dell Optiplex 780 SFF Desktop PC - Intel Core 2 Duo 3.0GHz 4GB 160GB Windows Pro (64bit) (Renewed),Dell,Computers,135.0,153.54084356723303,18.540843567233026,18.540843567233026,13.733958197950388,15,0.8344276,"Dell Optiplex, Intel 3.0GHz Core 2 Duo, New 4GB Me",127.27,0.89549184,Dell Optiplex (Intel Dual-Core Processor up to 3.0,126.0,0.88141143,Dell Optiplex 7010 SFF Desktop PC (Renewed) (I5-34,119.99,0.8645911
B07V6W9969,Comimark 2Pcs TEA5767 Programmable Low-Power FM Stereo Radio Module for Arduino,Unknown,Computers,6.99,70.4757294463098,63.4857294463098,63.4857294463098,908.2364727655194,15,0.44774738,Syba Sonic 24bit 96KHz USB DAC Stereo Headphone Am,36.71,0.4851604,"Rechargeable Wireless Mouse, 2.4G Dual Mode Slim M",96.71,0.46895432,Adafruit Feather M0 with RFM95 LoRa Radio - 900MHz,37.88,0.46215498
B08G8HRRJY,QIVYNSRY M.2 NVME SSD Adapter Card AHCI SSD Upgrade Converter Card Only for MacBook Air 11“ A1465 13,QIVYNSRY,Computers,6.99,91.40462785295897,84.41462785295897,84.41462785295897,1207.6484671381827,15,0.55352837,LEVEN 1TB Mac Upgrade NVMe SSD PCIe Gen3x4 Compati,69.99,0.60518074,OWC Accelsior 1M2 M.2 SSD to PCIe 4.0 Adapter Card,24.99,0.5841955,Timetec 1TB(1000GB) MAC SSD NVMe PCIe Gen3x4 3D NA,72.99,0.5774547
B09NS85RC4,"ADATA 1TB SSD Legend 960 Max with Heatsink PCIe Gen4x4 NVMe M.2 Internal Gaming SSD Up to 7,400 MB/s",ADATA,Computers,79.99,112.37094041709481,32.38094041709482,32.38094041709482,40.481235675828,15,0.71611583,"ADATA 500GB SSD Legend 850 LITE, NVMe PCIe Gen4 x ",32.99,0.8306798,INLAND Internal SSD 4TB Gaming Performance Plus NV,324.99,0.78306603,"Reletech 2TB M.2 SSD, for PS5 Expansion PCIe Gen 4",129.9,0.74600255
B01N0DO28E,"Shaxon BM303WP4-5B, 4 Port Single Gang White Keystone Wall Plates, 5 Pack",Shaxon,Computers,6.75,15.143497194626379,8.393497194626379,8.393497194626379,124.34810658705746,15,0.5731412,"GearIT 1-Port, 20-Pack Keystone Wall Plate, Single",14.99,0.6984209,"Shaxon BM703W810-10B,Category 6 Keystone Jack 10 P",10.3,0.63436717,"Tripp Lite Decora Wall Plate Insert, Decorative Ce",6.99,0.60601366
B07CQ2F9CT,"ASUS Zenpad Z10 ZT500KL Case,LiuShan 360 Degree Rotation Stand PU Leather with Cute Pattern Cover fo",LiuShan,Computers,13.98,14.432153897580394,0.45215389758039315,0.45215389758039315,3.2342911128783487,15,0.70565003,"ASUS ZenPad 10 Case,LiuShan PU Leather Slim Foldin",12.98,0.82899374,"ZenPad Z8s ZT582KL / Z8 ZT582KL-VZ1 Rotating Case,",12.99,0.8255966,"MediaPad M5 Lite Rotating Case,LiuShan 360 Degree ",11.99,0.75405455
B01MEECE4N,XSPC Photon 170 Tube Reservoir (SATA Attachment),Unknown,Computers,59.95,100.83304939985773,40.883049399857725,40.883049399857725,68.19524503729394,15,0.5641037,"XSPC G1/4"" to 3/8"" ID, 5/8"" OD Compression Fitting",59.99,0.6585301,"XSPC G1/4"" to 1/2"" ID, 3/4"" OD Compression Fitting",49.95,0.6574801,"XSPC G1/4"" to 1/2"" ID, 3/4"" OD Compression Fitting",35.99,0.6531463
B01M7U6UQ8,HP Compaq 6200 Pro Minitower Desktop PC - Intel Core i5-2400 3.1GHz 8GB 250GB DVDRW Windows 10 Profe,HP,Computers,199.28,239.30760760967047,40.02760760967047,40.02760760967047,20.08611381456768,15,0.7261629,"HP EliteDesk 800 G2 Business Desktop Mini Tower, I",296.74,0.7833153,"HP EliteDesk 800 G3 Business Desktop Mini Tower, I",233.5,0.7783704,HP EliteDesk 800 G3 Desktop Mini Business PC Windo,119.99,0.7720419
B00FK8Y2X8,"Retro Decal Lakitu 8 Bit Decal for MacBook, iPad Mini, iPhone 5S, Samsung Galaxy S3 S4, Nexus, HTC O",Le 8-Bit,Computers,6.99,8.271068953138093,1.2810689531380923,1.2810689531380923,18.32716671156069,15,0.68432796,I Love You More Motivational Life Love Quote Clear,8.89,0.72086835,When Life Gives You Lemons Grab Tequila & Salt Mot,5.0,0.708082,StickerSmith Dj Music Laptop Decal Mac Decal Mac P,8.95,0.69593084
B017J8WJ5E,PoE Texas IEEE 802.3af 12v Splitter - Power Over Ethernet Single PoE Splitter 12v 12w Gigabit Data -,PoE Texas,Computers,16.99,120.76751988610098,103.77751988610099,103.77751988610099,610.8153024490936,15,0.62535554,ANVISION Active Gigabit PoE Splitter Adapter with ,18.35,0.8335254,PoE Texas PoE Power Adapter for USB-A and Micro-US,20.69,0.7305612,"PoE Switch, 8 Port PoE Switch for IP Cameras with ",59.99,0.7132366
B06XGBCGMY,"STM Banks Backpack for Laptop & Tablet Up to 15"" - Desert Brown (stm-111-148P-10)",STM,Computers,123.54,37.905906552535875,-85.63409344746412,85.63409344746412,69.31689610447152,15,0.6866974,LOVEVOOK Laptop Backpack for Women 15.6 Inch Lapto,30.59,0.7044425,"LOVEVOOK Laptop Backpack Purse for Women, 17 Inch ",39.98,0.6990788,"BASMART Travel Laptop Backpack, 15.6 Inch Womens T",29.99,0.69650805
B07X57HYYH,128GB (8x16GB) DDR3-1600MHz PC3-12800 ECC RDIMM 2Rx4 1.5V Registered Server Memory by NEMIX RAM,NEMIX RAM,Computers,149.99,55.899576957771465,-94.09042304222854,94.09042304222854,62.731130770203706,15,0.7696741,32GB (1x32GB) DDR4-2133MHz PC4-17000 ECC RDIMM 2Rx,46.99,0.8301209,A-Tech 8GB (2x4GB) ECC RAM for Tyan TN Server Seri,38.62,0.8071066,NVTEK 8GB (2x4GB) DDR3-1600 PC3-12800 Non-ECC UDIM,24.99,0.80292463
B08LYZ7WF8,Happy Balls 60% Keycaps Backlit PBT Keycap Set Doubleshot Cherry MX Key Caps OEM Profile Translucent,Happy Balls,Computers,32.99,25.17483147789748,-7.815168522102521,7.815168522102521,23.689507493490513,15,0.7815723,Happy Balls 60% Keycaps Side Printed PBT Keycap Se,16.89,0.94088554,Happy Balls PBT Keycaps Backlit Cherry MX Keycap S,25.19,0.92295754,Happy Balls PBT Keycaps Side/Front Print Keycap Se,27.99,0.89591527
B07VC9MG95,High-End Virtualization Server 16-Core 128GB RAM 16TB DL380 with Rails (Renewed),HEWLETT PACKARD,Computers,590.0,176.47247659406185,-413.52752340593815,413.52752340593815,70.08941074676918,15,0.7855937,"HP Elite 8300 Desktop, Intel Core i5 (3rd Gen) Up ",138.59,0.83533865,"Elite 8300 Business Desktop, Intel Core i5 (3rd Ge",211.92,0.81307954,HP Desktop Computer Compaq Pro 6200 MT Intel Core ,89.0,0.81013703
B00AT4BMS6,HEWLETT PACKARD 146GB 6G SAS 15K 2.5IN Dp HDD/,HEWLETT PACKARD,Computers,27.76,119.44777580374378,91.68777580374378,91.68777580374378,330.28737681463895,15,0.7202937,"HP 718162-B21-1.2TB 2.5"" SAS 10K 6Gb/s SC Enterpri",63.0,0.77106476,HP/COMPAQ 432320-001 146GB Hard Drive,47.51,0.7683093,HP 581286-B21 581311-001 600GB 6Gb/s SAS Dual Port,29.0,0.74431086
B089ZLQBH8,"Dell OptiPlex 990 Ultra Small Space Saving PC Desktop Computer, Intel Quad Core i5, 8GB RAM, 500GB H",Dell,Computers,112.82,206.66081742823962,93.84081742823963,93.84081742823963,83.17746625442265,15,0.8147495,Dell Optiplex 9020 Ultra Small PC Desktop Computer,214.01,0.97107846,Dell OptiPlex 7010 Ultra Small Space Saving PC Des,146.28,0.89374197,"Dell Optiplex 790 Ultra Small Desktop PC, Intel Qu",118.54,0.8925274
B00348W9RC,375698-001 HP 375698-001 HP 375698-001,HP,Computers,94.72,68.36581805368037,-26.354181946319628,26.354181946319628,27.823249521030014,15,0.7512143,HP/Compaq 418397-001 36GB SAS (Serial Attached SCS,205.0,0.893615,HP 581286-B21 581311-001 600GB 6Gb/s SAS Dual Port,29.0,0.82645226,HP 507284-001 300GB SAS 10K Dual Port Hot Pluggabl,70.0,0.8232002
B08P2DFN2L,"mCover Case Compatible for 2020~2022 14"" Lenovo ThinkPad E14 Gen 2/3 / 4 (with AMD CPU) Series Windo",mCover,Computers,24.99,23.32003554417217,-1.6699644558278273,1.6699644558278273,6.682530835645567,15,0.8372659,"mCover Case Compatible for 2020~2022 15.6"" Lenovo ",21.99,0.9660887,"mCover Case Compatible for 2020~2022 14"" Lenovo Id",23.99,0.8916821,"mCover Case Compatible for 2020~2022 13.3"" Lenovo ",23.99,0.88366646
B06X6H57KF,Avolusion® HD250U3 500GB Ultra Slim SuperSpeed USB 3.0 Portable External Hard Drive (Mac OS Formatte,Avolusion,Computers,24.99,44.60659299324379,19.61659299324379,19.61659299324379,78.49777108140772,15,0.78415364,Avolusion 1TB USB 3.0 Portable External Gaming Har,39.99,0.8673471,Avolusion 640GB USB 3.0 Portable External Gaming H,28.99,0.86609215,Avolusion 750GB USB 3.0 Portable External PS4 Hard,38.99,0.8473855
B00K3T917G,Skinit Decal Gaming Skin for PS4 Controller - Officially Licensed NHL San Jose Sharks Solid Backgrou,Skinit,Computers,15.99,19.44957537897589,3.45957537897589,3.45957537897589,21.635868536434582,15,0.6171817,Skinit Decal Gaming Skin Compatible with PS4 Conso,29.99,0.73600584,Skinit Decal Audio Skin Compatible with PowerBeats,14.99,0.6693584,Skinomi Gold Carbon Fiber Full Body Skin Compatibl,14.95,0.6431345
B07F1BBMWS,CW-Mart Resealable Antistatic Ziplock ESD Shielding Bags 50 Pcs (15x20 cm/6x8 inch) Anti Static for ,CW-Mart,Computers,9.98,24.367994215891926,14.387994215891926,14.387994215891926,144.16827871635195,15,0.64988595,Open Top & Resealable Antistatic Bags ESD Shieldin,13.29,0.8470394,"10Pcs Resealable Antistatic Bags15.75x19.69in, Ext",40.99,0.84060544,"uxcell Anti Static Resealable Shielding Bag, 120x1",12.49,0.74145496
B07S79NR46,"Dericam Micro USB Cable for Home Security Camera and Android Mobile Phone/Tablets, 5V 1A, 5 Meters/1",Dericam,Computers,7.99,8.509126107007376,0.5191261070073754,0.5191261070073754,6.4971978348857995,15,0.64613175,"CableCreation USB to Micro USB Cable 4 FT, Braided",8.99,0.7105578,Cmple - Micro USB Cable 3ft Male to Male Micro USB,6.99,0.67932767,MXTECHNIC Micro USB Data Cable 5.9 inch 90 Degree ,5.99,0.670279
B087QP4G7B,"C-SLIDE Webcam Cover 6 Pack - Thin Sliding Laptop Cam Blocker, USA Flag, 1.5” x 0.5” and 1.5mm Thick",C-SLIDE,Computers,9.95,7.983490326341186,-1.9665096736588135,1.9665096736588135,19.76391631817903,15,0.7886766,C-SLIDE Webcam Laptop Privacy Cover 3 Pack – Thin ,9.95,0.9799856,Dcreate Laptop Webcam Cover Slide - Slim Web Camer,8.99,0.86751795,"HKDGYHON Webcam Cover, Privacy Covers, 0.027 Inch ",6.99,0.85275954
B00ELCHBJ6,USB2.0 Digital DVB-T HDTV TV Tuner Recorder Receiver Stick RTL-SDR+DAB+FM R820T,MISSJIRA,Computers,29.99,40.663086027980086,10.673086027980087,10.673086027980087,35.58881636538875,15,0.54472405,VAlinks USB 2.0 External Sound Card 6 Channel 5.1 ,21.99,0.62335,StarTech.com 2-port Mini DisplayPort KVM Switch - ,40.0,0.6018219,Hauppauge 1657 WinTV-dualHD Cordcutter Dual USB 2.,69.9,0.5928267
B0BP71FV1C,"Android Tablet 10 Inch,Android 12 Tablet PC,32GB ROM 512GB Expand,IPS HD Touch Screen and Dual Speak",NEWISION,Computers,57.99,80.76654973740179,22.776549737401787,22.776549737401787,39.276685182620774,15,0.81874555,"Tablet 64GB 10 Inch Tablet, Android 11 Tablets, 60",49.99,0.863188,2023 Newest Android 12 Tablet 10 inch with Keyboar,129.99,0.8593737,"SGIN 10 inch Tablet, Android 12 Tablet Quad-Core A",99.99,0.85043985
B07B7GFGZ9,DOMISO 11 - 11.6 Inch Waterproof Laptop Sleeve Canvas with Back Handle Tablet Protective Case Bag fo,DOMISO,Computers,11.99,15.185254151266852,3.1952541512668517,3.1952541512668517,26.6493256986393,15,0.84253424,DOMISO 10.1 inch Laptop Sleeve Case Water Resistan,8.99,0.88277555,DOMISO 17 inch Laptop Sleeve Case Briefcase Water-,22.99,0.8724414,Arvok 11 11.6 12 Inch Laptop Sleeve Multi-Color & ,10.99,0.87093246
B082F5GYLY,"180W 19V 9.5A AC-Adapter-Charger ADP-180HB D Fit for MSI PX60 GL62, GL62M, GP72VR GE72 GT60 GT70 GE7",sunshare,Computers,32.99,49.86635071787193,16.87635071787193,16.87635071787193,51.15595852643809,15,0.7523838,AC Adapter for MSI Gaming Laptop Charger 180W 150W,54.9,0.83471125,New 150W 19.5V 7.7A Charger for HP 15 17/Pavilion ,32.99,0.77936345,New 280W 20V 14A AC Charger Compatible with ASUS R,99.99,0.7763761
B09JRSPB2F,BRIGHTFOCAL LCD Screen Replacement for Acer Nitro 5 AN515-55-59KS 15.6 FHD Full-HD 144hz LED LCD Dis,Unknown,Computers,84.01,61.09149509478378,-22.918504905216224,22.918504905216224,27.280686710172862,15,0.8106023,BRIGHTFOCAL New Screen Replacement for Acer Nitro ,84.01,0.9790853,BRIGHTFOCAL New Screen Replacement for Acer Aspire,55.01,0.927035,BRIGHTFOCAL New Screen Replacement for Acer Predat,73.58,0.84234875
B009HQAFBW,HP 1810-8G v2 Switch (J9802A),HP,Computers,210.87,184.31542234333241,-26.55457765666759,26.55457765666759,12.592866532303121,15,0.59494114,HP 2920-24G J9726A Switch,139.95,0.70102274,HP J9974A HP R110 802.11n Wireless VPN Router with,149.0,0.653834,Juniper EX2200-24P-4G Ethernet Switch (EX2200-24P-,80.0,0.6100223
B01AAF8G46,"[Apple Mfi] Iconnect 64 GB Mobile Flash Drive w/ Lightning Connector for iPhones, iPads, iPod Mac & ",PQI,Computers,29.95,47.21380517932025,17.263805179320247,17.263805179320247,57.6420874100843,15,0.6671744,"256GB Photo-Stick-for-iPhone, Apple MFi Cetified U",29.97,0.72360116,Mfi Certified iDiskk 128GB Photo Stick for iPhone ,39.18,0.714661,MFi Certified Flash Drive 256GB for iPhone USB Mem,33.99,0.7141134
B08R5LH93D,HP Newest Premium Desktop | AMD Ryzen 7 4700G 8-Core Upto 4.4GHz | 32GB RAM | 512GB SSD | AMD Radeon,HP,Computers,839.99,646.6595602113264,-193.33043978867363,193.33043978867363,23.015802543920003,15,0.8330644,Newest HP AMD Ryzen 7 8GB Memory 256GB SSD Desktop,619.88,0.91495585,"2021 Newest HP 17.3 in FHD Laptop, AMD Ryzen 5 550",639.0,0.874642,"HP 2021 15 Laptop, AMD Ryzen 5 5500U(Beat i7-1065G",670.0,0.8624043
B07BRMJFFN,8GB KIT (4 x 2GB) for Dell PowerEdge Series 1900 1950 1950 III 2900 2900 III 2950 2950 III M600 R900,A-Tech,Computers,87.99,58.123798745161025,-29.86620125483897,29.86620125483897,33.942722189838584,15,0.82521594,4GB KIT (2 x 2GB) for Dell XPS Desktop Series 200 ,29.49,0.8610941,2GB KIT (2 x 1GB) for Dell Dell Dimension 1100 (DE,49.99,0.85653853,A-Tech Micron IC DDR4 128GB Kit 8X 16GB 2Rx4 PC4-1,319.99,0.8410835
B0771GZ2NG,StarTech.com 1m 3 ft Slim Micro USB 3.0 Cable M/M - Left-Angle Micro-USB - USB 3.0 A to Micro B - An,StarTech,Computers,13.47,14.112912715587768,0.6429127155877676,0.6429127155877676,4.772922907110376,15,0.72336334,Micro USB Cable USB 3.0 A Male to Micro B Male Ada,7.99,0.7567594,"Micro B Cable,USB 3.0 A Male to Micro USB 3.0 Sync",6.99,0.7509221,Xiwai 3m USB 3.0 A Type Cable Male to Micro USB 3.,12.0,0.7419517
B09HXC5B2Z,Rouceyxin Rotating Case for iPad 9th Generation (2021) / 8th Generation (2020) / 7th Gen (2019) 10.2,Rouceyxin,Computers,9.99,11.987573202849148,1.9975732028491482,1.9975732028491482,19.99572775624773,15,0.8129912,Fintie Case for iPad 9th / 8th / 7th Generation (2,15.99,0.8430464,"Rotating Case for iPad 9th/8th/7th Generation, iPa",19.99,0.83827347,New iPad 9.7 inch Case 2018 2017/ iPad Air 2 Case ,8.99,0.8335445
B09Z3721FT,"Laptop Bag Carrying Cases Computer Shoulder Messenger Cover for Women ,Fits Laptops/Notebook/ebooks/",HKAENE,Computers,18.98,18.759604125222047,-0.22039587477795308,0.22039587477795308,1.1612006047310488,15,0.8754155,11 11.6 12 12.5 13 inches Case Laptop/Chromebook/U,17.85,0.94028765,"11"" 11.6"" 12"" 12.5"" 13-13.3 inch Neoprene Messenge",16.87,0.9216867,11.6-Inch to 12.5-Inch Neoprene Laptop Shoulder Me,13.99,0.9141912
B01M0E6C92,Sudroid 3-Port USB 2.0 Rotatable Hub [90°/180° Degree Rotatable] (Black),Sudroid,Computers,6.99,24.19508314001238,17.205083140012377,17.205083140012377,246.13852846941882,15,0.6828201,2 Pack 4 Port USB 2.0 High Speed Hub Octopus Split,11.99,0.74151886,"BYEASY USB Hub, USB 3.1 C to USB 3.0 Hub with 4 Po",14.99,0.70231247,"Rankie USB 3.0 Cable, Type A to Type A, 1-Pack 15f",5.99,0.6882305
B0BLYZC4TM,"M.2 NVME SATA SSD Enclosure Adapter Tool-Free, RTL9210B Chips, USB C 3.1 Gen 2 10Gbps NVME, 6Gbps SA",Sokiwi,Computers,32.99,34.787160339118294,1.7971603391182924,1.7971603391182924,5.44759120678476,15,0.75421226,Xiwai USB 3.1 Gen2 10Gbps to NVME PCI-E M-Key Soli,29.88,0.80985934,BYEASY M.2 NVMe SSD Enclosure Adapter with USB C/T,39.99,0.80316895,USB C Aluminum M.2 NVMe M-Key SSD Enclosure Adapte,41.12,0.7923034
B09KTYBZBW,"ANYWAY.GO 8 inch Kids Tablet- Android 10.0 Tablet PC, HD Display, Kidoz Pre-Installed, Parental Cont",ANYWAY.GO,Computers,67.74,68.38888376440953,0.6488837644095327,0.6488837644095327,0.9579034018446011,15,0.7760294,"Kids Tablet, Android Tablets, 10.1"" Display Quad-C",59.99,0.82243466,"URAO 8 inch Kids Tablet, Android 10 Learning Table",68.66,0.8186002,Kids Tablet 7 inch Tablet for Kids Wifi Kids Table,49.98,0.80329406
B0BKKPDFWF,"HP New Envy x360 2-in-1 15.6"" Touchscreen Laptop, Intel Core i5-1135G7, Intel Iris Xe Graphics, 8GB ",HP,Computers,656.99,687.6988734066362,30.708873406636144,30.708873406636144,4.674176685586713,15,0.8346641,"HP Newest Envy X360 2-in-1 Flip Laptop, 15.6"" Full",755.99,0.9051819,HP Envy x360 Flagship High Performance 2-in-1 Conv,899.99,0.8734194,"HP 2023 Pavilion x360 14"" FHD Touchscreen 2-in-1 L",739.0,0.8533219
B09JG5QTGQ,"Lenovo Flex 5 14"" FHD (1920x1080) Touchscreen 2-in-1 Laptop, AMD Ryzen 7 4700U up to 2GHz, 8 Cores, ",Lenovo,Computers,719.0,662.2028417694253,-56.79715823057472,56.79715823057472,7.899465678800379,15,0.81417936,"Lenovo Flex 5 14"" 2-in-1 Touchscreen Laptop - AMD ",739.99,0.8503173,"2021 Newest Lenovo IdeaPad Flex 5 14.0"" 2-in-1 Lap",479.0,0.84539723,"Lenovo Flex 5 14 2-in-1 14"" FHD Touchscreen Laptop",629.99,0.83999956
B07KS6KDDB,"Galaxy Tab E 9.6 Case,Mama Mouth PU Leather Folio 2-Folding Stand Cover with Stylus Holder for Samsu",MAMA MOUTH,Computers,12.99,14.282825436704286,1.2928254367042857,1.2928254367042857,9.95246679526009,15,0.81382525,"Galaxy Tab E 9.6 Rotating Case,Mama Mouth 360 Degr",13.99,0.85852164,"Mama Mouth for Verizon Ellipsis 7 4g LTE Case,Slim",11.99,0.8579846,Mama Mouth for Ellipsis 8 /Ellipsis Kids 2015 Case,11.99,0.8475034
B0BYZ89X7Z,"ROOFULL External CD DVD +/-RW Drive, USB 3.0 Type-C Portable CD/DVD Optical Disk Drive Player Burner",ROOFULL,Computers,33.99,33.69493887629329,-0.29506112370670934,0.29506112370670934,0.8680821527117074,15,0.71966136,ROOFULL External CD DVD +/-RW Drive with SD Card R,29.99,0.9321298,"External CD/DVD Drive for Laptop, USB 3.0 CD Burne",15.99,0.81076753,"Guamar External CD/DVD Drive,USB 3.0 Type C CD DVD",39.99,0.75299656
B00MI8IDRE,ASUS Sound Card Xonar U5,ASUS,Computers,98.5,145.9982064239481,47.49820642394809,47.49820642394809,48.22152936441431,15,0.54863876,Creative Sound Blaster X4 Hi-Res 24bit/192kHz Exte,149.99,0.61050504,Creative CT4760 SoundBlaster Live X Gamer PCI Digi,75.0,0.58758664,VAlinks USB 2.0 External Sound Card 6 Channel 5.1 ,21.99,0.5690506
B0C3G5RGR9,USB Drives 10 Pack Fglooy 4GB Bulk Flash Drives Swivel Memory Stick PC Storage with LED Light Black,Fglooy,Computers,25.0,23.012232124291195,-1.9877678757088049,1.9877678757088049,7.9510715028352195,15,0.7724521,USB Flash Drive 32GB Exmapor Memory Stick Bulk Sto,16.99,0.7930985,10-Pack Enfain 16GB USB 2.0 Flash Memory Stick Swi,24.64,0.7922978,Flash Drive 8GB 10 Pack USB 2.0 Thumb Drives Uflat,23.98,0.7779884
B07PZ6X2TD,Se7enline Compatible with MacBook Air 13 inch Case Model A1369/A1466 2010-2017 Silky PU Leather Coat,Se7enline,Computers,26.98,19.91424600220395,-7.065753997796051,7.065753997796051,26.18885840547091,15,0.8468712,Se7enline Compatible with MacBook Air 11 inch Case,20.99,0.9189166,Se7enline Compatible with MacBook New Air 13 inch ,16.99,0.8949067,Se7enline Compatible with MacBook Pro 13 inch Mode,26.98,0.880796
B083C2JCWM,LEAGY Power Adapter Extension Wall Cord Cable for Apple Mac iBook MacBook Pro Us Plug 6 ft,LEAGY,Computers,7.99,16.797595736698696,8.807595736698696,8.807595736698696,110.23273763077216,15,0.6429662,"MacBook Pro Charging Cable, 100W Replacement USB-C",7.59,0.71501595,Easy Style 61W 67W USB C Power Adapter Replacement,19.99,0.7120962,Macbook Pro Charger 96W Usb-C Power Adapter For Ma,25.99,0.6721603
B00CM6OZ3I,Cyber Acoustics IC-1003BK Protective Black Leather iPad Case/Cover,Cyber Acoustics,Computers,55.95,15.110233729194347,-40.839766270805654,40.839766270805654,72.99332666810662,15,0.72680265,"iPad 2 Case, iPad 3 Case, iPad 4 Case, Slim Lightw",12.99,0.768979,"iPad Mini 3 Case,iPad Mini 2 Case,iPad Mini Case,U",11.49,0.75216687,"Soke iPad Air 3 Case 2019 with Pencil Holder, Prem",22.99,0.7395338
B08JPN8Q5Y,"ALMOCN 37 in 1 Sensors Assortment Kit,37 Sensor Modules Starter Kit Robot Projects Starter Kits for ",Unknown,Computers,16.99,49.71975175078021,32.72975175078021,32.72975175078021,192.64126986921843,15,0.49894658,UCTRONICS Ultimate Starter Kit for Arduino with In,68.99,0.61704046,Adeept BBC Micro:bit Sensor Starter Kit | Microbit,69.99,0.54766107,ELEGOO Upgraded UNO R3 Project Most Complete Start,65.99,0.52155375
B09PTK7H2Q,"Yottamaster Aluminum 2 Bay RAID Hard Drive Enclosure for 3.5"" SATA HDD, Support RAID 0/1/SPAN, Up to",Yottamaster,Computers,99.99,216.26464878473368,116.27464878473369,116.27464878473369,116.28627741247494,15,0.6767481,SEDNA - 1U Rack Mount USB 3.1 Gen II (10Gbp) Dual ,193.0,0.74758065,TERRAMASTER F2-423 2-Bay High Performance NAS for ,379.99,0.7363757,"Yoidesu Hard Drive Enclosure, 2.5in 6TB HDD/SDD Po",13.44,0.70398927
B08R4413XD,"mCover Case for 2020~2022 14"" Dell Latitude 5400 Chromebook Enterprise & Latitude 5410 Windows Noteb",mCover,Computers,23.95,22.10155859962575,-1.8484414003742486,1.8484414003742486,7.717918164401874,15,0.82646674,"mCover Case Compatible for 2019-2021 14"" Dell Insp",17.99,0.87788665,"mCover Case Compatible for 2017~2019 11.6"" Dell Ch",19.99,0.87229884,"mCover Case Compatible for 2021-2022 15.6"" Dell In",23.99,0.86183906
B07F813B3D,Premium Ultra Thin MacBook Keyboard Cover for Apple MacBook Pro 13 inch Model A1708 Without Touch Ba,CaseBuy,Computers,7.09,15.894671504649352,8.804671504649352,8.804671504649352,124.18436536882021,15,0.76262736,Funut MacBook Pro Keyboard Cover with Touch Bar 13,15.99,0.8136966,Keyboard Cover for 2020-2022 New MacBook Pro 13 in,6.99,0.7986847,CaseBuy Ultra Thin Keyboard Cover for New Apple M2,8.95,0.792415
B0C1N36PC1,WooTeck 64GB Metal Wrench USB Flash Drive Livid,WooTeck,Computers,11.99,18.359513542923775,6.369513542923775,6.369513542923775,53.123549148655336,15,0.647816,WooTeck 64GB Crystal Loving Heart Jewelry USB Flas,11.99,0.7099321,"64GB Flash Drive,Metal USB Thumb Drive 3.0 Ultra H",10.99,0.6638897,WooTeck 32GB Metal Revolver Gun USB 3.0 Flash Driv,11.99,0.66218287
B07QDPM4K5,"LA-Tronics Replacement Screen for MacBook Air 13"" A1932 Late 2018 Space Gray Full LCD Screen Assembl",Unknown,Computers,188.0,129.01325668621257,-58.98674331378743,58.98674331378743,31.37592729456778,15,0.69803935,LCD Screen Display Full Assembly for Apple MacBook,184.95,0.8387122,"FirstLCD Replacement for MacBook Air 13.3"" A2337 M",203.99,0.7385377,Odyson - Complete LCD Screen Display Assembly Repl,142.99,0.7345308
B08SBY6S6L,A-Tech 8GB Memory RAM for Dell Inspiron 15 5000 5566 - DDR4 2400MHz PC4-19200 Non ECC SO-DIMM 1Rx8 1,A-Tech,Computers,50.81,68.03456592027388,17.224565920273875,17.224565920273875,33.89995260829339,15,0.81745875,A-Tech 8GB Memory RAM for Dell Inspiron 13 5379 2-,50.81,0.9529433,A-Tech 16GB Kit (2x8GB) RAM for Dell Latitude 5580,81.99,0.85950613,CMS 8GB (1X8GB) DDR4 19200 2400MHZ Non ECC SODIMM ,27.0,0.8579881
B0B827FJM6,"60W Mac Book Pro Charger, Fast Charger T-Tip Magnetic Power Adapter for Mac Book Pro/Air 13-Inch Ret",NELEBUTO,Computers,16.99,17.213966147607735,0.2239661476077366,0.2239661476077366,1.3182233526058658,15,0.6796654,"Mac Book Pro Charger,Replacement AC 85w 2T-Tip Con",20.99,0.78492534,Easy Style 61W 67W USB C Power Adapter Replacement,19.99,0.77167743,Mac Book Pro Charger 96W USB C Power Adapter Repla,17.99,0.73709226
B08MZVJVVP,"MINIX 66W Turbo 3-Port GaN Wall Charger 2 x USB-C Fast Charging Adapter, 1 x USB-A Quick Charge 3.0 ",MINIX,Computers,36.9,35.029467633259486,-1.8705323667405125,1.8705323667405125,5.0691934058008465,15,0.56904334,[MFi Certified] Dual Port USB Wall Charger Power A,9.99,0.6273852,Power Supply 5 feet Mini USB Cable Charger Cord Le,12.99,0.6196493,SmartDelux 13-Port Powered USB Hub = 10 USB 3.0 Da,64.99,0.5901592
B004YZMLS6,"Visionboard2 Large Key Keyboard - Keyboard - USB - Black, White",Chester Creek,Computers,90.0,72.22499941008525,-17.775000589914754,17.775000589914754,19.750000655460838,15,0.56120664,"Elderly Keyboard, 104 Keys QWERTY Layout Keyboard ",20.77,0.6176013,XDL-POWER TANIX Large Print Computer Keyboard Wire,19.99,0.58024687,Nuklz N Magnus 325 | Wireless Large Print Full Siz,26.99,0.57976574
B00BKTI5J8,"Western Digital 3.5-Inch 7200 RPM SATA 6 Gb/s 64 MB Cache 1 TB Desktop Hard Drive, Blue (WD10EZEX)",Western Digital,Computers,44.59,87.41253852362526,42.822538523625255,42.822538523625255,96.03619314560497,15,0.7553842,Western Digital 160GB 10000 RPM WD1600ADFS SATA 3R,59.68,0.7915971,WD Re WD2000FYYZ 2TB 7200 RPM SATA 6Gbps 64MB Cach,57.99,0.7734377,Western Digital 500GB SATA 3.5 Hard Drive - WD5000,17.5,0.7717738
B0B8TL3WBZ,"Computer Desktop PC, Intel Core i7, TechMagnet Siwa 3, 16GB RAM, 2TB HDD, New MTG 24 Inch Monitor, M",TM TECHMAGNET WE ATTRACT QUALITY IN PRODUCTS AND SERVICE,Computers,569.99,494.4478002330298,-75.54219976697021,75.54219976697021,13.253250016135409,15,0.72765326,"Computer Desktop PC, Intel Core i5, TechMagnet Siw",467.99,0.96011436,"All in one Desktop Computer, TechMagnet Cheetah 4,",302.63,0.89046615,"Lenovo ThinkCentre Computer Desktop PC, Intel Core",270.41,0.766748
B003R1CJ7Q,Gigaware Foldable Mono Headset,Gigaware Foldable Mono Headset,Computers,40.0,68.4064208905097,28.406420890509693,28.406420890509693,71.01605222627423,15,0.5990659,3.5mm Cell Phone Headset with Microphone Noise-Can,29.99,0.69923633,Sennheiser SC 165 USB (508317) - Double-Sided (Bin,92.5,0.6965538,"Sennheiser MB Pro 2 UC ML (506046) - Dual-Sided, D",184.66,0.614321
B09JJM1HBQ,"Gotying Wireless Bluetooth Keyboard with Number Pad, 2 in 1 Wireless & Bluetooth Multi-Device Tablet",Gotying,Computers,49.98,35.26566327985565,-14.714336720144345,14.714336720144345,29.44044962013675,15,0.7142002,Macally Small Bluetooth Keyboard for iPhone iPad a,39.99,0.7880999,NSANJAO Bluetooth Keyboard for ipad pro 12.9 (Slid,29.99,0.7310185,"Bluetooth Keyboard, iClever DK03 Wireless Keyboard",32.99,0.7277304
B091D2SZV1,HP Essential Top Load Case,Unknown,Computers,71.49,128.31615337878097,56.82615337878097,56.82615337878097,79.48825483113858,15,0.62967736,Honeymoon Case Cover for HP EliteBook 830 G7 / 835,38.88,0.65870017,Mancini Deluxe Wheeled Leather Catalog Case - Blac,298.57,0.6532985,ProCase 14-15.6 Inch Laptop Bag Messenger Shoulder,25.99,0.6508418
B0B14V2GXD,USB C Docking Station 12 in 1 Hub Dual Monitor Multiport Adapter Triple Display 2 HDMI VGA Gigabit E,Euker,Computers,69.99,98.88476766861181,28.89476766861182,28.89476766861182,41.28413726048267,15,0.7781838,"USB C Hub Dual HDMI Adapter, OBERSTER 9-in-1 Tripl",35.99,0.8881364,"Docking Station, UtechSmart 12 in 1 Full Triple Mo",89.99,0.8174551,StarTech.com USB-C & USB-A Dock - Hybrid Universal,307.22,0.8165059
B006H32Q3S,Seagate Barracuda 3.5 Inch 2Tb 7200 Rpm 64Mb 6Gb/S Internal Sata Drive OEM,Seagate,Computers,85.0,108.76044189829425,23.760441898294246,23.760441898294246,27.95346105681676,15,0.7732346,Seagate Barracuda St2000dm001 2 Tb 3.5 Internal Ha,63.99,0.90318286,Seagate ST3146855SS 146Gb 15K Sas,42.95,0.820505,Seagate Barracuda ST32050620NS ES - Hard Drive - 2,31.99,0.8149146
B07ZQSLFWF,"Samsung - Galaxy Tab A - 8"" - 32GB - White - SM-T290NZSKXAR",SAMSUNG,Computers,109.0,272.5123218207703,163.5123218207703,163.5123218207703,150.01130442272503,15,0.7220485,"Samsung Galaxy Tab A 8.0"" (32GB, 2GB, Wi-Fi + Cell",119.99,0.8210694,SAMSUNG Galaxy T290 Tab A 8-Inch 32 GB WiFi Androi,179.99,0.7786511,Samsung Galaxy Tab 4 SM-T337A 16GB Wi-Fi + 4G (AT&,49.95,0.7716594
B0B4SWYG6H,HP ProDesk 600 G3 MT Intel Core i7-7700 3.60GHz 16GB DDR4 512GB NVMe SSD Intel HD Graphics 630 Deskt,HP,Computers,244.95,272.71781388357175,27.767813883571762,27.767813883571762,11.336115078004394,15,0.782123,HP ProDesk 600 G1 Tower PC Multitasking Windows 10,249.0,0.82818806,"HP 6300 SFF, Core i5-3570 3.4GHz, 8GB RAM, 1TB Har",139.97,0.8191403,"HP EliteDesk 800 G3 Business Desktop Mini Tower, I",233.5,0.81016475
B0BGHBL86V,Kids Tablet 7 inch Android Toddler Tablet for Kids Learning APP Preinstalled 1GB RAM+32GB ROM 256GB ,Moonka,Computers,49.99,66.0380776876688,16.0480776876688,16.0480776876688,32.10257589051571,15,0.7710823,Kids Tablet 7 inch Tablet for Kids 2-15 Android 11,49.99,0.83766055,"SGIN Kids Tablet, 10 Inch Tablet for Kids, 2GB+32G",79.99,0.8199949,Kids Tablet 7 inch Tablet for Kids Wifi Kids Table,49.98,0.7849388
B071X6RJQ4,"QUEENTI 3.5"" LFF SAS SATA HDD Tray Caddy Replacement for HP ProLiant MicroServer 651314-001 651320-0",QUEENTI,Computers,10.0,72.87813295263216,62.87813295263216,62.87813295263216,628.7813295263215,15,0.69135684,WALI LFF SAS SATA HDD Tray Caddy for HP 651314-001,8.25,0.83086467,"2pcs Pack 2.5"" inch G176J G281D KG7NR Hard Drive T",14.99,0.74815565,"3.5"" SATA Hard Drive Caddy Tray for Dell F9541 NF4",15.86,0.7138967
B071XT443J,"Lenovo Yoga 720-13.3"" FHD Touch - Core i5-7200U - 8GB Memory - 256GB SSD - Silver",Lenovo,Computers,849.95,574.6209791975248,-275.32902080247527,275.32902080247527,32.39355500940941,15,0.8481828,"Lenovo Yoga C740 2-in-1 14"" FHD Touchscreen Laptop",794.9,0.8853926,"Lenovo IdeaPad 3 Laptop, 15.6"" FHD Touchscreen, In",565.9,0.87335813,"Lenovo Yoga Book 10.1"" Full HD Touchscreen IPS (19",499.99,0.8699741
B08QRB2CKX,"VCELINK RJ45 Cat7 Connectors 2-Pack, Tool-Free Zinc Alloy Shielded Ethernet Termination Plugs for 23",VCELINK,Computers,14.99,21.077553048327722,6.087553048327722,6.087553048327722,40.61076082940442,15,0.7640789,LINKUP - RJ45 Connectors Cat6A (6 Pack) Shielded Z,61.96,0.8602934,Cable Matters 6-Pack Tool Free Shielded RJ45 Cat 8,48.99,0.7822058,Tera Grand - 14FT - Premium CAT7 Double Shielded 1,14.99,0.78162074
B09V7C4CKS,"SIMPLEWAY Kids Case for Onn 8 inch 2020/2019 (Model: 100011885 / ONA19TB002), Shockproof Durable Lig",SIMPLEWAY,Computers,14.99,16.87916997248207,1.8891699724820707,1.8891699724820707,12.602868395477456,15,0.7446549,Bolete Kids Case for Onn 8 inch Tablet 2020 Gen 2 ,11.99,0.83471394,CCambro Kids Case for Walmart Surf Onn. Pro 10.1-i,16.99,0.8160969,Kids Case for onn. Gen 2 8 inch(100011885)/onn. Su,14.99,0.80442154
B0BSDPWZF5,"Lenovo ThinkVision M15 15.6"" Full HD WLED LCD Monitor - 16:9 - Raven Black",Lenovo,Computers,199.95,331.105541244209,131.15554124420902,131.15554124420902,65.59416916439561,15,0.69810146,"Lenovo ThinkCentre Computer Desktop PC, Intel Core",270.41,0.7757496,"ARZOPA Portable Monitor, Ultra Slim Portable Lapto",89.99,0.72519547,"NEOFYTE by ARZOPA Portable Monitor for Laptop, 14.",159.99,0.71854377
B0BJV2TQH7,"RliyOliy Kids Tablet, 7 inch Tablet for Kids, Android 11 Tablet, 3GB RAM 32GB ROM Toddler Tablet wit",RliyOliy,Computers,45.98,60.882998159071086,14.902998159071089,14.902998159071089,32.41191422155522,15,0.7467737,"BYYBUO Kids Tablet, 10.1 inch Android 12 Tablet fo",59.95,0.7919371,Kids Tablet 7 inch Tablet for Kids 2-15 Android 11,49.99,0.7803023,NORTH BISON Kids Tablet 10.1 inch Tablet for Kids ,69.98,0.7791768
B07TTJPCJN,"STM32 Nucleo-32 Development Board with STM32L412KB MCU, Supports UNO, ST Zio and Morpho connectivity",STMicroelectronics,Computers,29.05,174.19677883818113,145.14677883818112,145.14677883818112,499.6446775841003,15,0.51515096,AITIAO 2Pcs ST-Link V2 Emulator Downloader Program,13.99,0.62993497,MSI B550M-A PRO ProSeries Motherboard (Support 3rd,157.5,0.52971673,Batronix BX40 Bagero II for Memory Chips,395.38,0.5265937
B08HZ289MT,"Cat7 Ethernet Cable 50 ft, 15m CAT7 High Speed Flat Internet Cord Professional for Gaming,Ethernet S",MYPIN,Computers,9.99,24.733476817825764,14.743476817825764,14.743476817825764,147.58235052878644,15,0.8127326,Cat7 Ethernet Cable - 20 ft - RJ45 Connector - Cat,12.89,0.8543463,"Outdoor Ethernet Cable 150 ft, Cat7 Outdoor Ethern",55.99,0.85193074,Cables Direct Online 30FT S/FTP CAT7 Gold Plated S,14.95,0.82587653
B0B44P96SR,"C2G HDMI Cable, 4K, High Speed HDMI Cable, Ethernet, 60Hz, 1.5 Feet (0.45 Meters), Black, Cables to ",C2G,Computers,8.62,21.916949034899893,13.296949034899894,13.296949034899894,154.25694936078764,15,0.7232231,"LEADSTAR HDMI Cable 4K 60HZ 25 Ft, 18Gbps High Spe",18.99,0.78758025,"Warrky 4K DisplayPort to HDMI Cable Adapter 15FT, ",22.99,0.7669002,CABLEDECONN 2M 6FT DisplayPort 1.4 8K Cable HBR3 8,10.9,0.7615856
B08LVB3N5H,Replace for ASUS TUF Gaming FX705 FX705G FX705D FX705DY FX705DT FX705DU FX705GM FX705GD FX705GE CPU ,Unknown,Computers,45.0,251.12436625222034,206.12436625222034,206.12436625222034,458.05414722715636,15,0.7281945,Landalanya CPU GPU Cooling Fan for ASUS TUF FX505D,17.99,0.8542827,FD8015U12S 75MM DC 12V 0.5A 4pin Cooling Fan for A,5.88,0.7535605,3 Pcs/lot T129215SU Cooling Fan for Video Card ASU,29.98,0.7442962
B00NC06J2S,"EnGenius 802.11ac 3x3 Dual Band, high-powered, long range, 28 dBm, Indoor Ceiling-Mount Wireless AP ",EnGenius,Computers,459.99,184.51226334007166,-275.4777366599284,275.4777366599284,59.887766399253984,15,0.6628082,EnGenius Technologies 802.11ac 3x3 Dual Band High-,180.0,0.77126825,EnGenius Technologies High-Powered Dual-Band Wirel,179.99,0.7708578,"Edimax Gemini Smart Wi-Fi 5 AC2600 Gaming Router, ",59.99,0.682581
B07BR2MWPC,"CASEMATIX Travel Case Compatible with Elgato Stream Deck and Adjustable Stand with Accessories, Trav",CASEMATIX,Computers,18.99,20.264623769865473,1.2746237698654745,1.2746237698654745,6.712078830255264,15,0.67005503,CASEMATIX Crypto Wallet Travel Case Compatible wit,12.99,0.73920137,"Electronics Accessories Case, Durable Small Electr",10.98,0.7283538,[USB Flash Drive Case] - GUANHE Universial Portabl,7.2,0.6994381
B07YWMTCHT,"CableWholesale 10 feet USB 2.0 Cable, Black, Type A Male/Type A Male Plug, A Male/Male High Speed US",CableWholesale,Computers,8.41,8.572766874927968,0.16276687492796782,0.16276687492796782,1.9353968481327921,15,0.7744167,InstallerParts 3 ft USB 2.0 High Speed Extension C,5.55,0.8295916,"Cable Matters 2-Pack USB 3.0 Cable 3ft, USB to USB",10.49,0.8277748,V7 High-Speed USB 2.0 Extension Cable - 3 feet - A,8.19,0.82725364
B07QXYQPYW,New CPU Cooling Fan for Msi GS63 GS63VR GS73 GS73VR GS62 MS-17B1 MS-17B2 MS-16K2 MS-16K3 Stealth Pro,Unknown,Computers,21.79,18.193600140162033,-3.596399859837966,3.596399859837966,16.50481808094523,15,0.7356008,Deal4GO GPU Cooling Fan w/CPU Fan Replacement for ,40.95,0.9019736,CAQL New CPU Fan for Sunon MF60120V1-C180-S9A MF60,10.99,0.782062,New Laptop CPU Cooling Fan for HP Envy 15-AE 15-AE,14.99,0.76119995
B078SG3PBR,"MightySkins Skin Compatible With HP 17t Laptop 17.3"" (2017) - Cold Steel | Protective, Durable, and ",MIGHTY SKINS,Computers,15.1,19.98647337176102,4.886473371761019,4.886473371761019,32.360750806364365,15,0.8057588,MightySkins Skin Compatible with HP 17t Laptop 17.,15.31,0.9649177,MightySkins Skin Compatible with HP 17t Laptop 17.,19.99,0.96043724,Mightyskins Skin Compatible with Hp 17t Laptop 17.,19.99,0.89414996
B07H2FPFW5,Seagate IronWolf Pro 4TB NAS Internal Hard Drive HDD – CMR 3.5 Inch SATA 6Gb/s 7200 RPM 128MB Cache ,Seagate,Computers,124.99,224.05210928212887,99.06210928212887,99.06210928212887,79.25602790793573,15,0.6939654,Seagate IronWolf Pro 4TB NAS Internal Hard Drive H,122.93,0.9544191,(Old Model) Seagate 2TB NAS HDD SATA 6Gb/s 64MB Ca,99.42,0.7522809,Seagate Barracuda Pro Performance Internal Hard Dr,53.99,0.71517736
B09K3SNZYN,"LTROP Kids Case for iPad Mini 6 2021, iPad Mini 6th Generation Case for Kids, iPad Mini 6 Case, Shoc",LTROP,Computers,8.99,17.550495113021505,8.560495113021505,8.560495113021505,95.22241505029481,15,0.83528507,"LTROP Kids Case for iPad Mini 6 2021, iPad Mini 6t",15.98,0.9374959,eTopxizu Kids Case for New iPad Mini 6th Generatio,10.99,0.90544564,Case for iPad Mini 6 2021: SUPFIVES iPad Mini 6th ,13.45,0.87415004
B09GLFNRL5,"SilverStone Technology Raven RVS03 10Gbps SuperSpeed USB-C 3.2 Gen2 to NVMe/SATA M.2 SSD Enclosure, ",SilverStone Technology,Computers,54.96,95.62469374105422,40.664693741054215,40.664693741054215,73.98961743277695,15,0.7309511,Xiwai USB 3.1 Gen2 10Gbps to NVME PCI-E M-Key Soli,29.88,0.7767439,SilverStone Technology M.2 PCIE Adapter for SATA o,39.31,0.7749663,A ADWITS USB 3.1 Gen2 10Gbps Type-C to NVMe M.2 Hi,17.99,0.7626338
B0055E0Y6G,Dell SNPX830DC/4G 4GB DDR3 SDRAM Memory Module,Dell,Computers,10.11,42.456750479537384,32.346750479537384,32.346750479537384,319.94807595981587,15,0.700881,CMS 16GB (2X8GB) DDR3 12800 1600MHz Non ECC SODIMM,32.99,0.7452461,Kingston 4GB 1600MHz PC3-12800 1.35V SODIMM DDR3L ,33.74,0.7309617,16GB SNPCRXJ6C/16G AA075845 260-Pin DDR4-2666 PC4-,45.95,0.7164964
B00QSJO21K,"Lenovo Thinkpad S1 Yoga Convertible Touchscreen Ultrabook - Core i5-4300U, 8GB RAM, 180GB Solid Stat",Lenovo,Computers,529.0,601.938021393958,72.93802139395802,72.93802139395802,13.787905745549722,15,0.74012876,"Lenovo ThinkPad Yoga Signature Edition - 12.5"" 2-i",699.0,0.7964927,"Lenovo Yoga C740 2-in-1 14"" FHD Touchscreen Laptop",794.9,0.7613017,"Lenovo Yoga Book 10.1"" Full HD Touchscreen IPS (19",499.99,0.75610685
B071RPCCFN,"Sailor Serena Praying - Vinyl 5"" Tall (Color: White) Decal Laptop Tablet Skateboard car Windows Stic",So Cool Stuff,Computers,5.49,7.383543653925306,1.893543653925306,1.893543653925306,34.49077693853017,15,0.65443635,"Ash Williams - Vinyl - 5"" tall (Color: WHITE) deca",5.99,0.85330194,"Incubus Word - Vinyl 6"" Wide (Color: White) Decal ",6.99,0.800076,25 Centimeters Zombie Fun Family Stick Figure Dad ,7.99,0.67931825
B07RQNVXYQ,ZRPiA-1AS case for Raspberry Pi 3 A+ and ZUMspot with Attached 1.3″ OLED,C4Labs,Computers,32.99,26.39726780096596,-6.592732199034042,6.592732199034042,19.98403212802074,15,0.53996927,C4Labs - Duplex Kit Case – fits: Zumspot Duplex w/,24.99,0.75296855,C4Labs Zebra PoE + Case Kit for Raspberry Pi 4B or,19.99,0.5725945,"Zebra Case - Raspberry Pi 3 B+, Pi 2, Pi B+ and 2B",19.99,0.5496074
B0091L357O,"8GB Upgrade for a Apple MacBook Pro (13-inch, Early 2011) System (DDR3 PC3-10600, Non-ECC, )",Crucial,Computers,64.99,43.53443241489542,-21.455567585104575,21.455567585104575,33.013644537782085,15,0.708382,8GB Kit (4GBx2) Upgrade for a Apple MacBook Pro 2.,63.5,0.95808196,Crucial 4GB kit (2GB x 2) DDR2 800MHz (PC2-6400) C,29.99,0.820395,4GB kit (2GBx2) Upgrade for a Dell OptiPlex 740 Se,52.99,0.7928305
B00CF6XK54,Dell C730C SoundBar Speakers AX510+AS510PA with Power Adapter for Dell UltraSharp - Black,Dell,Computers,19.99,217.2074737741983,197.21747377419828,197.21747377419828,986.5806592005918,15,0.57177573,Dell AS501 Sound Bar Speaker for Ultrasharp LCD Mo,39.0,0.7968537,Dell UltraSharp U2412M 24-Inch Screen LED-Lit Moni,99.0,0.65786004,DELL UltraSharp 2209WA 22 Inch Black Widescreen Fl,94.47,0.5909319
B07KX4XWKY,"hBARSCI Cape Cod Vinyl Decal - 5 Inches - for Cars, Trucks, Windows, Laptops, Tablets, Outdoor-Grade",hBARSCI,Computers,10.09,11.518797332084516,1.4287973320845158,1.4287973320845158,14.160528563771216,15,0.69129163,"hBARSCI Cross Vinyl Decal - 11 Inches - for Walls,",18.99,0.9053447,"hBARSCI Hooptie Vinyl Decal - 5 Inches - for Cars,",9.99,0.9024702,"hBARSCI Flames Vinyl Decal - 5 Inches - for Cars, ",9.99,0.839391
B00NA9UPRQ,UBatteries Compatible AC Adapter Replacement for Toshiba Mini Notebook NB200 NB205 NB250 NB255 NB300,UBatteries,Computers,12.95,19.269036944368622,6.319036944368623,6.319036944368623,48.79565208006659,15,0.76361114,Adapter for Toshiba Satellite C875 C50 C55D C75D L,14.59,0.81663656,NEW Laptop AC Adapter/Power Supply/Charger+US Powe,12.99,0.8122491,Delta Electronics Laptop Charger Compatible with T,32.0,0.78237593
B09Q666M7L,Cute Constellation Star Moon Sun case Compatible with iPad Mini Air Pro 7.9 8.3 9.7 10.2 10.9 11 12.,Generic,Computers,22.99,15.099513068890342,-7.890486931109656,7.890486931109656,34.32138726015509,15,0.6848603,ipad case 9.7 inch case ipad 5th/6th Generation ip,11.98,0.71583295,INSSISAIN Case for iPad 9th/8th/7th Generation 202,12.99,0.70839334,Hepix iPad Mini 4 Case Sunflower iPad Mini 5 Case ,13.99,0.7008194
B00L8ATMCS,"Yens® Fantasybag""Cross"" Travel Laptop Sleeve (Fits 15.6"" Laptop Screen), 9232 (Navy Blue)",Yens,Computers,12.99,49.303836811305516,36.313836811305514,36.313836811305514,279.5522464303735,15,0.7396645,"Laptop Bag for Women,15.6 Inch Tote Bag Crossbody ",47.99,0.7572331,Vintage Canvas Satchel Messenger Bag for Men Women,25.98,0.7520208,Shoulder Messenger Bag 15 inch Briefcase Laptop Ca,37.95,0.7488326
B0BMPMP8XZ,"LG 24GN600-B UltraGear Gaming Monitor 24"" Full HD (1920 x 1080) IPS Display, 1ms (GtG) Response Time",LG,Computers,149.92,321.2858227096669,171.3658227096669,171.3658227096669,114.30484439011934,15,0.8043448,LG 27GP700-B 27” Ultragear FHD (1920 x 1080) IPS G,170.0,0.91680896,"LG UltraGear FHD 27-Inch Gaming Monitor 27GN800-B,",286.99,0.90056473,LG 32GP850-B 32 UltraGear QHD (2560 x 1440) Nano I,396.99,0.8567622
B07B78PYSH,"Energizer USB 2.0 Compatible USB Memory, 32GB, Red and Black, Slider Type, Flash Memory FUSPLC032R",Energizer,Computers,24.77,22.556741933028498,-2.213258066971502,2.213258066971502,8.935236443163108,15,0.61590993,32GB USB Flash Drives ENUODA 3 Pack 32GB Jump Driv,11.99,0.6481079,[3 Pack] eTECH Collection USB 2.0 All-in-1 Memory ,9.99,0.64139307,10PCS 2.0/3.0 USB Flash Drive Pen Drive Memory Sti,23.99,0.6282908
B08V1F4NN2,"Cookk 10.1"" Kids Case for Lenovo Tab E10 TB-X104F /Lenovo Tab 4 10 /Tab4 10 Plus 10""/Moto Tab TB-X70",Cookk,Computers,19.99,15.579460333908886,-4.410539666091113,4.410539666091113,22.063730195553344,15,0.78175247,ProCase Kids Case for Lenovo Tab K10 10.3 Inch 202,15.99,0.8307971,for Lenovo Tab M10 HD TB-X505F TB-X505L Tablet Cas,19.99,0.82214785,"Cherrry for Lenovo Tab E10 (TB-X104F) Case,Heavy D",12.99,0.81396425
B0892G2BCP,AhaStyle 3 Pack Apple Pencil Grips Ergonomic Silicone Holder Sleeve Compatible with Apple Pencil 1st,AHASTYLE,Computers,8.99,9.556119120048235,0.566119120048235,0.566119120048235,6.29720934425178,15,0.734394,COLORCORAL Case for Apple Pencil Silicone Apple Pe,5.99,0.8256402,LOVE MEI Case for Apple Pencil Silicone 1ST Gen Du,9.99,0.7897805,Blaspins Apple Pencil Case 1st Generation Compatib,14.99,0.75862086
B00BWGHGCG,ADATA Premier 32GB SDHC UHS-I U1 Memory Card (ASDH32GUICL10-R),ADATA,Computers,10.23,23.155861941248006,12.925861941248005,12.925861941248005,126.35251164465302,15,0.74247897,ADATA Premier 32GB microSDHC/SDXC UHS-I Class 10 M,8.98,0.83957887,ADATA Premier ONE 64GB SDXC UHS-II U3 Class10 V90 ,34.94,0.81900656,Transcend 32 GB MicroSDHC Class 10 UHS-I/U3 Memory,34.65,0.7782171
B074M2WFMG,"Nakabayashi Co,Ltd. Digio2 Wired Trackball 5 Button (Black)",Nakabayashi,Computers,76.83,50.68397369166341,-26.146026308336587,26.146026308336587,34.03101172502485,15,0.6171568,"Optical Orbit Trackball Mouse, Two-Button, Black/S",35.01,0.67793155,"ELECOM EX-G Pro Trackball Mouse, Wired, Wireless, ",69.99,0.66787547,"ELECOM DEFT PRO Trackball Mouse, Wired, Wireless, ",69.99,0.6551137
B08Y548ZTN,"HP Pavilion x360 14 Touchscreen Laptop, 11th Gen Intel Core i5-1135G7, 12 GB RAM, 256 GB SSD Storage",HP,Computers,809.33,638.589151039677,-170.7408489603231,170.7408489603231,21.096567402706324,15,0.82183474,"HP 2023 Pavilion x360 14"" FHD Touchscreen 2-in-1 L",739.0,0.85870516,"HP 2023 Newest 15.6 Inch Touchscreen Laptop, 11th ",739.99,0.8497283,"HP 2022 15.6"" FHD Touchscreen Laptop, Intel Core i",799.0,0.83707756
B0B4S1VJLK,"Intellinet Network Solutions Cat5e RJ-45 Male/RJ-45 Male UTP Network Patch Cable, 7-Feet (319744)",Intellinet Network Solutions,Computers,5.99,24.188215143603077,18.19821514360308,18.19821514360308,303.809935619417,15,0.694189,Intellinet Network Solutions Cat5e RJ-45 Male/RJ-4,11.25,0.9953894,Intellinet Network Solutions Cat5e RJ-45 Male/RJ-4,6.95,0.89621854,Cat 7 Ethernet Cable 12 ft - High-Speed Internet &,58.99,0.69699407
B00PMCJ17Y,Edimax EW-7438RPn Mini N300 Universal Wireless Wi-Fi Range Extender/Wi-Fi Repeater/Access Point/Wire,Edimax,Computers,19.99,115.15798518179143,95.16798518179144,95.16798518179144,476.0779648914029,15,0.63379925,"WiFi Extenders Signal Booster for Home, WiFi Exten",25.49,0.6696379,D-Link WiFi Range Extender Mesh Gigabit AC1750 Dua,32.23,0.66306806,"Edimax Gemini Smart Wi-Fi 5 AC2600 Gaming Router, ",59.99,0.65369695
B06ZZ748PW,"Intel Core i3-7100  7th Gen Core Desktop Processor 3M Cache,3.90 GHz (BX80677I37100)",Intel,Computers,97.54,119.6818080120135,22.1418080120135,22.1418080120135,22.70023376257279,15,0.76255876,"Intel Core i7-4771 3.5 3 LGA 1150 Processor, 8M Ca",116.58,0.8496197,Intel Core i5-3570 Quad-Core Processor 3.4 GHz 6 M,49.85,0.80163634,CORE I5-4590 3.30GHZ,133.76,0.7987835
B015AKO6K4,SparkFun Photon Micro OLED Shield,Unknown,Computers,24.95,203.5979678731631,178.6479678731631,178.6479678731631,716.0239193313151,15,0.53490865,SparkFun MicroView - OLED Arduino Module,44.85,0.60839564,"UMLIFE 10PCS 0.96"" OLED Module 12864 128x64 OLED D",23.59,0.597427,Adeept 4pcs 0.96 Inch OLED Module 12864 128x64 SSD,21.99,0.5664648
B09NN3RXMH,Huddly IQ - Travel Kit (Includes IQ Camera and 0.6M USB Cable),Huddly,Computers,602.58,172.31827284851335,-430.2617271514867,430.2617271514867,71.40325386695321,15,0.55277765,HuddleCamHD USB Conference Cameras with PTZ Contro,299.0,0.6239978,Logitech ConferenceCam CC3000e All-in-One HD Video,989.0,0.5769942,Webcam with Microphone - QY 1080p Full HD USB Came,24.99,0.5704062
B00D84MII2,New Logitech Unifying USB Receiver for keyboard K230 K250 K270 K320 K340 K350 K750 K800,Logitech,Computers,14.97,37.493145645334494,22.523145645334495,22.523145645334495,150.45521473169333,15,0.657155,Logitech K350 Wave Ergonomic Keyboard with Unifyin,34.99,0.75346756,Logitech Wireless Touch Keyboard K400 with Built-I,21.95,0.7478498,Logitech Wireless Keyboard K350,59.65,0.72052234
B09DPLL2P3,"SOUNDANCE Adjustable Laptop Stand for Desk, Computer Stand, Ergonomic Laptop Riser Holder Compatible",SOUNDANCE,Computers,29.99,20.263984468099707,-9.726015531900291,9.726015531900291,32.43086206035443,15,0.7883187,"Laptop Stand Adjustable Laptop Holder Riser, Folda",9.99,0.8282722,Urmust Laptop Stand for Desk Aluminum Computer Sta,36.99,0.81921124,Pandago Adjustable Laptop Stand for Desk Portable ,16.12,0.81764853
B0BVM31M9N,"AGVEE 2 Pack 15ft Extra Long Charger for iPhone, Braided Lightning Cable, Heavy Duty Fast Charging C",AGVEE,Computers,17.99,14.515659694080501,-3.4743403059194975,3.4743403059194975,19.31261982167592,15,0.70026463,AGVEE 3 Pack 6ft for iPhone Charger Lightning Cabl,5.99,0.98508304,Monoprice Apple MFi Certified Lightning to USB Cha,6.88,0.74349886,360 Electrical Habitat 8ft Premium Braided Chargin,24.99,0.73814815
B00R5VW8UM,Insignia - 6' Mini DisplayPort-to-HDMI Cable - Black,INSIGNIA,Computers,12.97,19.243175713435335,6.273175713435334,6.273175713435334,48.36681351916217,15,0.64693314,"Moread Mini DisplayPort to DisplayPort Cable, 6 Fe",14.99,0.6947952,Amazon Basics 5-Pack DisplayPort to HDMI Display C,48.13,0.6777607,"C2G 8K UHD Display Port Cable Male to Male, 6 Feet",8.99,0.6690556
B08TLS4XTC,ORICO External Hard Drive Case Cover 2.5 for Western Digital WD Portable Hard Drive Carrying Case fo,ORICO,Computers,8.99,24.833741197026267,15.843741197026267,15.843741197026267,176.23738817604303,15,0.6798277,Portable Hard Drive Case with 2 USB 3.0 Charger Ca,9.99,0.7635746,Amazon Basics External Hard Drive Portable Carryin,6.97,0.7488309,"Portable External Hard Drive Case, Electronics Org",11.99,0.7101244
B00IOTIN1M,Cmple 5-RCA Male to 5RCA Male RGB Component Audio Video Cable for HDTV - Gold Plated RCA to RCA - 3 ,Cmple,Computers,8.99,38.74619421954638,29.75619421954638,29.75619421954638,330.9921492719286,15,0.58860815,"RCA Audio/Video Cable, 3 RCA Male Connector, Gold-",20.06,0.66476476,"CableWholesale RCA Female to RCA Female, Yellow Re",8.01,0.65825045,Amazon Basics 5-Pack DisplayPort to HDMI Display C,48.13,0.6452517
B07PQ9B251,"hBARSCI Dragon Vinyl Decal - 5 Inches - for Cars, Trucks, Windows, Laptops, Tablets, Outdoor-Grade 2",HBARSCI,Computers,9.99,10.879668219645161,0.8896682196451611,0.8896682196451611,8.905587784235847,15,0.71275634,"hBARSCI Cross Vinyl Decal - 11 Inches - for Walls,",18.99,0.9161322,"hBARSCI Hooptie Vinyl Decal - 5 Inches - for Cars,",9.99,0.9147674,"hBARSCI Flames Vinyl Decal - 5 Inches - for Cars, ",9.99,0.8711666
B07HHB2YLG,"Intel BOXNUC8i3CYSM1 NUC 8 Home, a Mini PC with Windows 10",Intel,Computers,359.0,480.9638612622415,121.9638612622415,121.9638612622415,33.973220407309604,15,0.7582993,Intel NUC11PAHi5 Home & Business Mini Desktop i5-1,446.99,0.7909645,"Intel NUC 11 NUC11PAHi5 0GB DDR4 RAM,0GB SSD,Core ",379.0,0.78035283,"Intel NUC 10 with Core i5-10210U Processor, Ultra-",409.0,0.7791253
B09HJKCNWV,"novonest Dual M.2 PCIE Adapter,M.2 NVME(M-key) or SATA (B-key) SSD to PCI Express Adapter with PCI S",Novonest,Computers,7.99,33.45531164828671,25.465311648286708,25.465311648286708,318.71478908994624,15,0.7278381,M.2 NGFF NVMe SSD to PCIE 3.0 X16/X8/X4 Adapter wi,17.99,0.78813803,Chenyang M.2 NGFF NVME AHCI M-Key SSD to PCIe 3.0 ,6.88,0.76518774,M.2 NVME to PCIe 3.0 x4 Adapter with Aluminum Heat,11.99,0.7542465
B00GJ3HQCM,G.Skill Aegis 4GB 240-Pin DDR3 SDRAM DDR3 1600 (PC3 12800) Desktop Memory Model F3-1600C11S-4GIS,G.Skill,Computers,36.0,351.1656271577243,315.1656271577243,315.1656271577243,875.4600754381231,15,0.6134347,"STGAubron Gaming PC Diamond Black,Intel Core i7 up",499.99,0.6478961,ASUS Maximus V FORMULA/THUNDERFX LGA 1155 Intel Z7,398.86,0.64311737,Yunir PC2-6400 DDR2 4GB 800MHz 1.8V 240 PIN Deskto,13.84,0.63320607
B000UF3KA2,Hp - DL360 G5 E5335 X/2.00 1P 2GB P4I/256 COMBO SBY,HP,Computers,225.1,198.14564557164448,-26.954354428355515,26.954354428355515,11.974391127656826,15,0.7158037,"HP 6305-SFF, A4-5300B 3.4GHz, 4GB RAM, 250GB Hard ",110.98,0.73967266,HP/COMPAQ 432320-001 146GB Hard Drive,47.51,0.73563135,MBD- Truckee UL8E w/VT6315N-CE,198.02,0.73409665
B00PE3MPU6,Verizon Wireless QMV7B Ellipsis 7 inch HD 4G LTE Android WiFi Tablet,Verizon,Computers,48.0,57.66843948543017,9.66843948543017,9.66843948543017,20.142582261312857,15,0.5637023,"Verizon Ellipsis 8 4G LTE Tablet, Black 8-Inch 16G",48.0,0.6876674,"Verizon Ellipsis 10 16GB, Wi-Fi + 4G (Verizon) - B",74.0,0.6234019,Verizon Ellipsis 10 Tablet Memory Card 16GB microS,11.95,0.5729321
B07C2P61WR,A-Tech Apple 2G Kit 2X 1G PowerBook G4 Early/Late 2003 2004 M8793LL/A A1013 M8980LL/A A1046 M8981LL/,Unknown,Computers,49.98,60.19290458209463,10.21290458209463,10.21290458209463,20.433982757292178,15,0.77799785,A-Tech for Apple 2GB Module PC2-5300 MacBook Pro M,14.49,0.8460464,A-Tech for Apple 8GB Kit 2X 4GB PC3-10600 MacBook ,50.49,0.84274197,A-Tech for Apple 4GB Kit 2X 2GB PC2-5300 667MHz Ma,28.49,0.7981515
B08KZVRMFP,"Fintie Case for Samsung Galaxy Tab A7 10.4 Inch 2022/2020 Model (SM-T500/T503/T505/T507/T509), Multi",Fintie,Computers,6.99,17.777320254662257,10.787320254662257,10.787320254662257,154.32503940861596,15,0.84802777,Fintie Slim Case for Samsung Galaxy Tab A7 10.4 In,7.99,0.9332276,ProCase for Galaxy Tab A7 10.4” 2022 2020 (SM-T500,10.99,0.8771429,Thankscase Case for Samsung Galaxy Tab A7 10.4 202,7.99,0.8698318
B00KHRFVS2,Logitech Big Bang Impact Protective Case for iPad Air Super Flo,Logitech,Computers,25.0,21.71489644268712,-3.2851035573128797,3.2851035573128797,13.140414229251519,15,0.7222413,"Logitech Hinge Case for Ipad Air, Black",21.0,0.75967884,"iPad 9.7 inch Case/iPad Air Case/iPad Air 2 Case, ",14.59,0.7362833,"iPad Air 2 Case, ROARTZ Gray Slim Fit Smart Rubber",17.99,0.734364
B00HRR8Q0A,Italian Language Keyboard Cover Silicone Skin for MacBook Pro 13 15 17 Inch,XSKN,Computers,12.59,10.621578019898942,-1.9684219801010574,1.9684219801010574,15.63480524305844,15,0.7931989,XSKN Shortcut MAC OS X Keyboard Skin Cover for App,16.99,0.9167785,XSKN 2016 Arabic Silicone Keyboard Skin Cover for ,12.59,0.9119065,XSKN Russian/English Bilingual Black Silicone Keyb,12.59,0.8337306
B09HYX41DV,"Lenovo IdeaPad Thin and Light Laptop, 15.6"" FHD Display, AMD Ryzen 5 5500U Processor (Beats i7-1185G",Lenovo,Computers,819.0,569.8661355882094,-249.13386441179057,249.13386441179057,30.419275263954894,15,0.85428345,"Lenovo 2022 Newest IdeaPad 3 Laptop, 15.6"" HD Anti",579.0,0.89625967,"2022 Newest Lenovo Ideapad 3i Laptop, 15.6” FHD 10",438.0,0.8825927,"2022 Newest Lenovo Ideapad 3i Laptop, 15.6” FHD 10",649.0,0.8825151
B07TC9WL89,"ReadyWired USB Data Cable Cord for Nikon Coolpix S230, S620, S630, P90, P6000, P5100, P80, P60",ReadyWired,Computers,8.99,13.423131844280434,4.4331318442804335,4.4331318442804335,49.31181139355321,15,0.60287136,USB Data+Battery Power Charging Cable/Cord/Lead fo,8.99,0.71433234,ReadyWired USB Data Cable Cord for Panasonic Lumix,8.99,0.6740557,"ReadyWired USB Data Cable Cord for Olympus FE-120,",8.99,0.6738203
B07RCH4Y33,Nexhi Cat7 Shielded 10 Gigabit 600Mhz Patch Cables 100 Feet White,Nexhi,Computers,28.86,20.825334805123124,-8.034665194876876,8.034665194876876,27.840142740391116,15,0.7165278,Cat7 Ethernet Cable - 20 ft - RJ45 Connector - Cat,12.89,0.7570601,Tera Grand - 14FT - Premium CAT7 Double Shielded 1,14.99,0.7529792,Cat 7 Ethernet Cable 3 ft 6 Pack (Highest Speed Ca,15.99,0.7302793
B072PPB722,AC Charger Fit for Asus F553M F553MA F553 F200CA F200C F200MA F200M F200LA F200L F200 Laptop Power S,Superer,Computers,13.99,19.408817960916597,5.418817960916597,5.418817960916597,38.7335093703831,15,0.7619074,AC Charger Fit for Asus F555 F555L F555LA F555UA F,16.99,0.8548686,UL Listed AC Charger Fit for Asus X552 X552E X552E,16.99,0.8321883,UL Listed AC Charger Fit for Acer Aspire 5250 5251,19.99,0.8064916
B01EDG5XEY,Victor® DC230B High Rise Height Adjustable Stand (Black),Victor,Computers,82.39,28.16318348783217,-54.22681651216783,54.22681651216783,65.81723086802747,15,0.67720985,"WALI Monitor Stand Riser, Laptop 3 Height Adjustab",10.98,0.7229519,Pandago Adjustable Laptop Stand for Desk Portable ,16.12,0.6884233,Kantek Extra Wide Single Level Height-Adjustable M,33.3,0.687292
B0BDVRZ6P8,Lenovo Urban Sleeve for 15.6-inch Laptop/Notebook/Tablet - Water Resistant - Padded Compartments - Z,Lenovo,Computers,19.81,17.93272904966484,-1.8772709503351592,1.8772709503351592,9.47638036514467,15,0.7878933,NIDOO 14 Inch Laptop Sleeve Case Water-Resistant P,13.99,0.8343431,DOMISO 17 Inch Laptop Sleeve Shoulder Bag Water-Re,26.99,0.80021614,DOMISO 14 inch Laptop Sleeve Case Water-Resistant ,9.99,0.7947819
B07TNJ518Z,"ESR Screen Protector Compatible with iPad Pro 12.9 Inch (2022/2021/2020/2018), Tempered-Glass Film w",ESR,Computers,14.44,25.325317916473246,10.885317916473246,10.885317916473246,75.38308806421917,15,0.76060194,TANTEK [3-Pack Screen Protector for iPad Pro 12.9-,20.95,0.8039407,TANTEK [3-Pack Screen Protector for iPad Pro 11 in,14.95,0.8034928,ProCase 2 Pack iPad 10.9 10th Generation 2022 Scre,9.99,0.78645605
B096Z424B7,Ecarke 3D Printing Mini USB-Micro Interface 2-Key One-Handed Mechanical Gaming Keypad OSU HID Progra,Ecarke,Computers,11.16,58.7778050314308,47.617805031430805,47.617805031430805,426.68284078343015,15,0.65704167,"Heayzoki 6 Key OSU Keypad, Macro Keyboard Mini Pro",17.74,0.7692808,"SHYEKYO 12 Keys Programmable Keyboard,Multifunctio",26.59,0.7584442,Logitech MX Mechanical Mini for Mac Wireless Illum,149.99,0.69776976
B007FTH7E6,Original DVD Drive LITE-ON DG-16D4S DG-16D5S HW 9504 Replacement for Xbox 360 Slim,Honglei,Computers,29.41,58.2198379467249,28.8098379467249,28.8098379467249,97.95932657845937,15,0.5112941,Blu-Ray Disk Drive Replacement Lite-On DG-6M1S-01B,25.41,0.5444759,BestDuplicator Pro Hd Series - 3 Target External D,259.99,0.5365332,MaxDigitalData 1TB PS4 Hard Drive Upgrade Kit Bund,39.99,0.5286948
B084PZ92NT,Laptop CPU Cooler Fan for HP 15-AB 15-ab010tx 15-ab030tx 15-ab032tx 15-ab219tx 15-ab522tx 15-ab065tx,Unknown,Computers,8.99,27.842733092524863,18.852733092524865,18.852733092524865,209.70782082897514,15,0.7237452,Givwizd Replacement CPU Cooling Fan Compatible wit,29.99,0.80964404,New Laptop CPU Cooling Fan for HP Envy 15-AE 15-AE,14.99,0.80080956,New CPU Cooling Fan for Inspiron 15R 5520 5525 752,12.92,0.7645783
B00DARO37Q,Ac Adapter Charger replacement for Toshiba Satellite C855D-S5230 C855D-S5232 C855D-S5235 C855D-S5237,Usmart,Computers,10.99,16.127157027010966,5.137157027010966,5.137157027010966,46.74392199282044,15,0.80152,Ac Adapter Charger replacement for Toshiba Satelli,10.99,0.85839427,NEW Laptop AC Adapter/Power Supply/Charger+US Powe,12.99,0.8430444,Laptop Ac Adapter Charger for Toshiba Satellite L8,16.99,0.8262289
B07BFPL6S9,YJ00130 Assembled HiFi SA9023 + ES9018K2M Audio DAC Sound Card 24-bit 96K,Jolooyo,Computers,42.0,161.8910499595934,119.8910499595934,119.8910499595934,285.4548808561748,15,0.46530727,ASUS TUF Z390-Plus Gaming (Wi-Fi) LGA1151 (Intel 8,424.0,0.484636,Delkin Devices 32GB Power microSDHC UHS-II (V90) M,54.99,0.4834541,10/100Mbps 5 Port Micro USB Power Supply Fast Ethe,13.99,0.48146343
B07DRRFZTQ,SanDisk Cruzer Blade USB 2.0 Flash Drive SDCZ50 Jump Drive Bundle with Everything But Stromboli Lany,SanDisk,Computers,19.27,23.6978173278894,4.4278173278894,4.4278173278894,22.977775443120915,15,0.7648662,SanDisk 64GB (Two Pack Bundle) Cruzer Force Flash ,17.17,0.8985688,SanDisk 16GB Ultra Fit USB 3.1 Low-Profile Flash D,15.06,0.83323383,SanDisk 128GB Extreme PRO USB 3.2 Solid State Flas,49.61,0.802366
B0C6KQ82V2,UUcovers for Samsung Galaxy Tab A7 Lite 8.7 Case 2021 Model (SM-T220/T225/T227) with Stand/Pencil Ho,UUCOVERS,Computers,14.99,16.704087573251638,1.7140875732516374,1.7140875732516374,11.434873737502585,15,0.84844327,Samsung Galaxy Tab A7 Lite Case 8.7 inch 2021(SM-T,24.99,0.8724481,Fintie Slim Case for Samsung Galaxy Tab A7 10.4 In,7.99,0.8697379,Case for Samsung Galaxy Tab A7 Lite 8.7 inch 2021 ,20.99,0.86826414
B082Y3MJYJ,Desktop Mainboard Computer Motherboard for ECC ECC REG RAM Server New X58 Motherboard LGA 1366 LGA13,WEIXIE,Computers,76.22,151.84476855698364,75.62476855698364,75.62476855698364,99.21906134476993,15,0.575046,PowerColor AMD Radeon HD6450 1GB DDR3 DVI/HDMI/VGA,138.68,0.59452116,"Intel Motherboard BLKD2550MUD2, Atom Dual Core 250",198.86,0.5918743,"GeeekPi NT68676 Case Kit, HDMI+VGA+DVI+Audio Input",28.99,0.58309865
B06Y5V56GD,Duttek (2-Pack 50CM 5 Pin Motherboard Female Header to USB 2.0 Male Adapter Dupont Extender Cable (5,Duttek,Computers,9.79,9.292280012011629,-0.49771998798837025,0.49771998798837025,5.083963105090605,15,0.63409555,"Duttek USB Header Splitter Cable,10 pin Motherboar",8.87,0.7904136,BAIRONG 10cm Motherboard USB 2.0 Adapter Cable A F,6.99,0.72731304,zdyCGTime 50CM Micro USB 5pin Male to 1x 5Pin Fema,6.99,0.72147554
B06XY1GHP2,"TP-LINK N300 Long Range 11n 2.4G Wireless Outdoor Access Point, IP65 Waterproof, Ideal for Garden Wi",TP-Link,Computers,47.1,123.47044338195114,76.37044338195113,76.37044338195113,162.14531503598965,15,0.68729305,TP-Link EAP610-Outdoor | Omada True WiFi6 AX1800 G,129.99,0.75170565,EnGenius Technologies High-Powered Dual-Band Wirel,179.99,0.7437215,ZyXEL WiFi 6 AX1800 Wireless Gigabit Outdoor Acces,109.99,0.72441316
B093L3NXJJ,"Beelink 11th Gen 4 Cores Celeron N5105 (Up to 2.9GHz) U59 Pro Mini PC, 8GB DDR4 500GB SSD Mini Deskt",Beelink,Computers,219.0,373.13106929054595,154.13106929054595,154.13106929054595,70.37948369431322,15,0.758774,"Beelink S12 Pro Mini PC, Newest 12th Gen Intel N10",189.0,0.8498706,"Beelink Mini PC, Mini S Mini Computer 11th Gen Qua",189.0,0.8397885,"Beelink Desktop Mini PC T4 Pro, W10 PRO Intel Cele",149.99,0.8119575
B0B5DLTJ9Z,"NVMe PCIe Adapter, M Key M.2 NVME SSD to PCI-e 3.0 x4 Host Controller Expansion Card with Low Profil",JESOT,Computers,7.99,36.03265393615382,28.04265393615382,28.04265393615382,350.9718890632518,15,0.77873737,M.2 NGFF NVMe SSD to PCIE 3.0 X16/X8/X4 Adapter wi,17.99,0.84084177,Xiwai USB 3.1 Gen2 10Gbps to NVME PCI-E M-Key Soli,29.88,0.81001806,Chenyang M.2 NGFF NVME AHCI M-Key SSD to PCIe 3.0 ,6.88,0.80910105
B004GNLIKS,parts-quick Memory Module 4GB 800MHz DDR2 (PC2-6400) - 2x2GB SO-DIMMs for Apple iMac Intel Core 2 Du,parts-quick,Computers,19.99,52.847183997896785,32.85718399789678,32.85718399789678,164.3681040415047,15,0.82479453,"8GB 2X 4GB Memory for Apple iMac 21.5"" 3.06GHz Int",49.99,0.87143046,parts-quick 8GB (2 x 4GB) Memory for Apple MacBook,49.99,0.8630451,A-Tech for Apple 4GB Kit (2X 2GB) DDR3 1067MHz / 1,19.25,0.84782946
B01FGNHRLU,Hp Elite 8000 Ultra Small Desktop Computer - 250GB HD - Core 2 Duo 3.0GHz- 4GB RAM- Windows 10 Pro -,HP,Computers,118.13,301.2819514431,183.15195144310002,183.15195144310002,155.04270840861764,15,0.814833,HP ELITEDESK 800 G1 USFF Ultra-Slim High Performan,337.5,0.85526586,HP EliteDesk 800 G1 SFF i7-4770 3.40Ghz 16GB RAM 2,219.98,0.8348537,HP Elitebook 820 G4 - 12.5in FHD Touchscreen Lapto,249.89,0.8290101
B081PZN2LM,"Laptop Cooling Pad, Coolertek USB Powered Laptop Cooler, 2 Blue Silent Big Fans, Height Adjustable N",Coolertek,Computers,24.98,27.703788118958705,2.723788118958705,2.723788118958705,10.903875576295857,15,0.66389847,"Kootek Laptop Cooling Pad 12""-17"" Cooler Pad Chill",22.99,0.7943553,16inch Single Fan Lap Chill Mat - Aluminum Panel L,11.99,0.7065138,IETS GT300 Double Blower Laptop Cooling Pad for 14,64.99,0.69530797
B01CK7LIRE,Kingston ValueRAM 8GB 2133MHz DDR4 Non-ECC CL15 SODIMM 1Rx8 Laptop Memory (KVR21S15S8/8),Kingston,Computers,59.99,39.019898107109285,-20.970101892890717,20.970101892890717,34.955995820788,15,0.82000893,Kingston ValueRAM 4GB 1600MHz DDR3 Non - ECC CL11 ,29.93,0.94521284,CMS 8GB (1X8GB) DDR4 17000 2133MHz Non ECC SODIMM ,27.0,0.8491456,CMS 4GB (1X4GB) DDR3 12800 1600MHz Non ECC SODIMM ,16.0,0.8332579
B082P7D62K,"Decalrus - Protective Decal Floral Skin Sticker for Lenovo Chromebook C340 (15.6"" Screen) case Cover",Decalrus,Computers,28.95,25.841318924451294,-3.1086810755487058,3.1086810755487058,10.73810388790572,15,0.80143774,Decalrus - Protective Decal for Dell Chromebook 31,16.95,0.8697293,decalrus - Custom Protective Skin for The Acer Chr,19.95,0.8493279,decalrus - Protective Decal Space Skin Sticker for,30.95,0.8440285
B08TT6H61W,"SanDisk Ultra 256GB Micro SD Card for Motorola Phone Works with Moto G Stylus (2021), Moto G9 Power ",Everything But Stromboli,Computers,25.37,27.79029499061822,2.4202949906182205,2.4202949906182205,9.539988138030036,15,0.8318204,SanDisk Ultra 128GB Micro SD Card for Motorola Pho,17.01,0.99771947,SanDisk Ultra 128GB Micro SD Card for Motorola Pho,16.91,0.95101786,SanDisk 16GB Micro Ultra Memory Card (5 Pack Bundl,32.38,0.8646123
B07J1T9ZQS,"Apple 13in MacBook Air, 2.2GHz Intel Core i7 Dual Core Processor, 8GB RAM, 512GB SSD, Mac OS, Silver",Apple,Computers,470.83,545.7535122783074,74.92351227830744,74.92351227830744,15.91307101890437,15,0.7417235,Apple Laptop MacBook Air MD628LL/A Intel Core i5 1,224.0,0.8078071,Mid 2019 Apple MacBook Pro with 2.4GHz Intel Core ,564.0,0.8022227,"Apple MacBook Pro with Retina, Touch Bar, Intel Co",644.23,0.77350193
B002EECNPA,MSI Radeon HD 4350 512 MB DDR2 PCI-Express 2.0 Graphics Card MD512H,MSI,Computers,199.99,140.9182529815567,-59.07174701844332,59.07174701844332,29.537350376740495,15,0.7125973,PowerColor AMD Radeon HD6450 1GB DDR3 DVI/HDMI/VGA,138.68,0.7385758,XFX HD545XCLH2 Radeon HD 5450 2GB DDR3 650 MHz PCI,138.68,0.73347354,"VisionTek Radeon 5450 1GB DDR3 (DVI-I, HDMI, VGA) ",54.99,0.724845
B00K2QZEY4,Ac Adapter Charger for Fujitsu ESPRIMO Mobile V6535 V6545 V6555 X9510 X9515 X9525 Fujitsu LifeBook A,Usmart,Computers,10.99,18.846306441665963,7.8563064416659625,7.8563064416659625,71.48595488322077,15,0.73371685,Ac Adapter Laptop Charger for HP Pavilion X360 2-i,10.99,0.79888314,"Ac Adapter Laptop Charger for HP Envy 4-1030, 4-10",10.99,0.7744397,"Ac Adapter Charger for DELL Latitude E6230, E6320,",12.99,0.7734314
B07S9RHNN8,"7 inch Tablet Case, Newshine Stand Folio Universal Protective Cover for Galaxy Tab, Kindle Fire 7, R",NewShine,Computers,12.59,14.49907131145376,1.9090713114537596,1.9090713114537596,15.163394054438124,15,0.8339756,"Universal Case for 7.9-8.5 Inch Tablet, Newshine P",12.99,0.89802516,"Universal Case for 7 Inch Tablet, UGOcase Folio PU",13.99,0.8913325,"Artyond Universal Case for All 7.0 Inch Tablet, Fl",13.99,0.8644148
B0B51CMR6W,"Yottamaster 5 Bay RAID External Hard Drive Enclosure 2.5"" 3.5"" USB3.0 to SATA HDD SSD Enclosure,Supp",Yottamaster,Computers,269.99,307.22347253053795,37.23347253053794,37.23347253053794,13.790685777450252,15,0.68908334,SEDNA - 1U Rack Mount USB 3.1 Gen II (10Gbp) Dual ,193.0,0.72435296,QNAP 4 Bay DAS (USB Type-C) with 12TB Storage Capa,599.0,0.71290946,"Yoidesu Hard Drive Enclosure, 2.5in 6TB HDD/SDD Po",13.44,0.70653564
B0BNNZ4KYT,"Rotating Case for Fire HD 10 2021/HD 10 Plus Tablet Case (11th Generation,2021 Version) 360 Degree S",FUYOCWE,Computers,24.66,23.520106451987925,-1.1398935480120755,1.1398935480120755,4.622439367445562,15,0.82134277,for Fire HD 10 Case 2019/2017 10.1 Inch Tablet Cas,24.99,0.9160483,"Fire HD 8 Case 2020,Fire HD 8 Plus Tablet Case (10",23.99,0.8648661,Case for Amazon Fire HD 10 Tablet (9th/7th Generat,21.99,0.858514
B0C1MQL155,"FLYTOCCA 12'' Laptop Monitor Extender, Portable Monitor for Laptop, [2023] 1080P Full HD IPS Laptop ",FLYTOCCA,Computers,63.99,219.8869904858957,155.89699048589569,155.89699048589569,243.62711437083243,15,0.73716915,"ARZOPA Portable Monitor, Ultra Slim Portable Lapto",89.99,0.78519225,"Teamgee Laptop Screen Extender, 12” Portable Monit",259.99,0.7702685,BQAA 12'' Portable Monitor for Laptop Screen Exten,189.74,0.76112044
B015QEBC4W,Tupavco DB541 WiFi Antenna Dual Band - (2.4GHz) and (5GHz/5.8GHz) 9DBI - Medium Range Directional (n,Tupavco,Computers,26.99,54.220821266700334,27.230821266700335,27.230821266700335,100.89226108447697,15,0.5544806,8dBi 2.4G/5G Dual Band 5.8MHz Wireless WiFi Router,7.99,0.6094521,TRENDnet 5/7 dBi Outdoor Dual Band Omni Antenna Ki,29.92,0.5837429,Mikrotik LHG 5 (3-Pack) Light Head Grid 5GHz CPE i,449.0,0.56195843
B017NOUA78,"UPPERCASE Palm Rest Protector for MacBook 12"" (UPP-PG-MB12-SLV)",UPPERCASE,Computers,9.99,15.019206241606572,5.0292062416065715,5.0292062416065715,50.3424048208866,15,0.6921122,UPPERCASE Premium Palm Rest Protector Skin Cover S,9.98,0.8303013,Palm Rest Cover Compatible with 2022 2023 MacBook ,9.99,0.73882574,"MacBook 12 Trackpad Skin, CASEBUY Clear Matte Anti",6.99,0.7336941
B0C6PRR41P,USB Bluetooth Adapter for PC Receiver - Techkey Mini Bluetooth 5.0 EDR Dongle transmitter for Comput,Techkey,Computers,11.99,42.39843253241615,30.40843253241615,30.40843253241615,253.61495022865847,15,0.58296174,TRENDnet Micro N150 Wireless & Bluetooth 4.0 USB A,10.99,0.62437165,Microsoft Wireless Mobile Mouse 1850 - Cyan Blue .,11.95,0.6210016,Verbatim USB-C™ Wireless Blue LED Mouse - Teal,23.57,0.6002071
B094HV93KM,"8-inch Tablet 2020/2022 case (8"" Display,10/12th Generation, 2020/2022 Release ONLY),DiHines Kid-Pro",DiHines,Computers,8.41,17.903833345175556,9.493833345175556,9.493833345175556,112.88743573335975,15,0.7476026,Bolete Kids Case for Onn 8 inch Tablet 2020 Gen 2 ,11.99,0.79828274,"10 inch Tablet Case for Kids,Dinines Lightweight S",19.99,0.7957047,Kids Case for onn. Gen 2 8 inch(100011885)/onn. Su,14.99,0.76260626
B09JT2GWY8,G Skill F4-4400C19D-32GTZR TridentZ RGB Series 2 x 16GB 288-Pin DDR4 SDRAM DDR4 4400 PC4 35200 Intel,G.Skill,Computers,140.99,107.30994100611724,-33.68005899388277,33.68005899388277,23.888260865226446,15,0.7432203,G.SKILL TridentZ RGB Series 16GB (2 x 8GB) 288-Pin,144.11,0.81154567,G.Skill Trident Z RGB Series 16GB (2 x 8GB) 288-Pi,59.99,0.79875004,Silicon Power DDR4 16GB (2 x 8GB) RAM 2666MHz (PC4,31.99,0.7712254
B08BJFJCRW,"Fusion5 104Bv2 PRO 64GB Android Tablet PC - (Android 9.0 Pie, Bluetooth, Dual-Band Wi-Fi, HDMI, IPS ",Fusion5,Computers,119.95,102.62119535861645,-17.328804641383556,17.328804641383556,14.446689988648235,15,0.7105752,Fusion5 10 inch 104Ev2 PRO Android Tablet PC - (An,129.99,0.9244655,"10.1"" Inch Android Tablet PC,3G Unlocked Phablet 4",108.88,0.7492665,"SGIN 10 inch Tablet, Android 12 Tablet Quad-Core A",99.99,0.72165084
B08L7P71VN,"UBOTIE Portable Bluetooth Colorful Computer Keyboards, Wireless Mini Compact Retro Typewriter Flexib",UBOTIE,Computers,32.99,80.40069458157413,47.41069458157413,47.41069458157413,143.7123206473905,15,0.701785,PINKCAT Colorful Computer Portable Bluetooth Keybo,27.99,0.76989543,NACODEX 84-Key Pink Wireless Bluetooth Keyboard wi,35.99,0.7562897,"Atelus Computer Keyboards Wired, Full Size Typewri",26.99,0.7334695
B07573QSXB,Antminer D3 19.3 GH/s X11 ASIC Dash Miner,AntMiner,Computers,229.99,151.0019501324897,-78.98804986751031,78.98804986751031,34.34412359994361,15,0.5438154,Power Supply Apw7 Equivalent 110V-230V - 1800W 6-P,39.99,0.66912687,"Antminer L3+ ~504MH/s, 800W Asic Miner Litecoin LT",499.0,0.6343733,Antminer Power Supply APW3++ for S9 or L3+ or D3 w,99.0,0.60255194
B09LS56LYX,"JYLH JOYSEEKER Laptop Desk Mount, Fully Adjustable Single Laptop Mount with Tray, Height Adjustable ",JYLH JOYSEEKER,Computers,36.99,23.93032670667963,-13.059673293320373,13.059673293320373,35.305956456664966,15,0.75002635,"VIVO Single Laptop Notebook Desk Mount Stand, Full",39.99,0.79715216,"Laptop Stand Adjustable Laptop Holder Riser, Folda",9.99,0.78399515,FlexVerk Portable Laptop Riser Stand- Lightweight ,14.99,0.77860177
B0932FFLYF,"WNSC Type‑c Adapter, Audio Cable Charger USB C to Aux Audio 2Pcs 2 in 1 Headset Distributor USB Char",WNSC,Computers,5.09,10.671634812297283,5.581634812297283,5.581634812297283,109.6588371767639,15,0.66449296,Cablecc 5pcs/Set Type-C to 90 Degree Angled 3.5mm ,7.99,0.7208171,AAOTOKK Right Angle USB C to USB C 3.1 Gen 2 Cable,9.79,0.7205894,StarTech.com USB C to USB C Cable - 3m / 10 ft - U,16.14,0.7031328
B07SD81XN8,"mCover Case Compatible for 2019~2022 15.6"" ASUS Chromebook C523NA Series Traditional Laptop Computer",MCover,Computers,21.99,22.514456144714796,0.5244561447147973,0.5244561447147973,2.384975646724863,15,0.8487769,"mCover Case Compatible ONLY for 2018~2023 14"" ASUS",19.99,0.93957835,"mCover Case Compatible for 2019~2021 14"" ASUS Chro",21.99,0.9336743,"mCover Case Compatible for 2021~2022 13.3"" Samsung",23.99,0.88086283
B09QQRBWMF,"SAMSUNG Galaxy Tab S8 Book Cover, Protective Tablet Case w/ 2 Viewing Angles, Magnetic Design, S Pen",SAMSUNG,Computers,52.99,21.29002371097522,-31.699976289024782,31.699976289024782,59.822563293120936,15,0.7802751,Samsung Electronics Book Cover for Galaxy Tab A 8.,29.99,0.84385586,Folio Case for Samsung Galaxy Tab A 8.0 2019 SM-T2,15.99,0.83759516,Samsung Book Cover for Galaxy Tab S 8.4 (EF-BT700W,49.0,0.8190864
B00D7RT5OA,USA GEAR 10 inch Tablet Case Sleeve with Open Front Design and Adjustable Shoulder Carrying Strap Co,USA Gear,Computers,19.99,18.74440826979,-1.2455917302099984,1.2455917302099984,6.231074188144064,15,0.75807625,USA GEAR 12 Inch Tablet Case - Tablet Holder with ,19.99,0.90907097,USA GEAR 12 Inch Tablet Case - Tablet Holder with ,19.99,0.9032287,Tablet Case for Samsung Galaxy Tab A 10.1 2019 - T,16.99,0.7515919
B0BT6VTS1C,"HP Envy X360 2-in-1 Touch Screen Laptop, 15.6"" FHD IPS, AMD 6-Core Ryzen 5 5625U (Beat i7-1265U), 16",HP,Computers,764.99,686.5368939780709,-78.4531060219291,78.4531060219291,10.255442034788572,15,0.7811743,"HP Newest Envy x360 2-in-1 Laptop, 15.6"" Full HD T",719.52,0.8029148,2022 Newest HP 17.3'' HD+ Touchscreen Laptop Busin,514.52,0.7948003,"HP 2022 Newest 15.6"" FHD Micro-Edge Laptop, AMD Ry",627.88,0.79466194
B00EGSGKKG,Western Digital WD6000BLHX VelociRaptor 600GB 10000RPM 32MB SATA 6.0Gb/S 2.5 Internal Hard Drive,Western Digital,Computers,180.0,99.09938379872945,-80.90061620127055,80.90061620127055,44.94478677848364,15,0.78410876,WD VelociRaptor WD1000DHTZ - hard drive - 1 TB - S,224.96,0.91006863,WD VelociRaptor WD1000DHTZ - hard drive - 1 TB - S,224.96,0.91006863,WD Black 500GB - 7200 RPM SATA 6 Gb/s 32MB Cache 7,21.99,0.8331481
B09DSS4RVD,JSAUX USB Data Blocker(4 Pack)+Type C Data Blocker(2 Pack),JSAUX,Computers,13.99,9.34191705634293,-4.648082943657069,4.648082943657069,33.224324114775335,15,0.59255874,"JSAUX USB 3.0 Extension Cable, [2 Pack 6.6ft] USB ",11.99,0.7006181,"JAVEX USB C 10Gpbs [1FT, 3-Pack] Type-C to A Cable",12.88,0.6183733,Cmple - Micro USB Cable 3ft Male to Male Micro USB,6.99,0.60437435
B0113OR48W,"AU Optronics B156Xtn02 V.1 Laptop LCD Screen Replacement 15.6"" Wxga Hd LED Matte",AU Optronics,Computers,57.67,58.48127755885997,0.8112775588599703,0.8112775588599703,1.4067583819316287,15,0.81230605,AU Optronics B156XW02 V.2 & V.6 with Bottom Left C,57.77,0.9026025,Au Optronics B156xw01 V.0 Replacement Laptop LCD S,67.68,0.90173244,Au Optronics B156htn03.7 Replacement LAPTOP LCD Sc,55.3,0.86953396
B09V55J18D,"TERIOS Wireless Pro Controller Compatible with Switch,Switch Lite, Premium Joypad for Video Games, 3",TERIOS,Computers,35.99,57.065986105184315,21.075986105184313,21.075986105184313,58.56067270126233,15,0.51136136,8Bitdo Pro 2 Bluetooth Controller (Gray Edition) -,51.99,0.5947808,"Wireless Controller for Xbox 360,kosiwun Dual Shoc",28.99,0.5391112,Nextion 3.5″ Enhanced HMI Display Module NX4832K03,53.99,0.53569096
B01CN00R6G,"Odyson - LCD eDP Cable Replacement for Apple iMac 27"" 5K (2014-2019)",Odyson,Computers,23.9,97.7422653410787,73.8422653410787,73.8422653410787,308.96345330995274,15,0.5868959,Timetec 64GB KIT(4x16GB) Compatible for Apple DDR4,128.99,0.6222396,"XIMIELEC Screen Replacement for MacBook Air 13.3"" ",155.9,0.6210462,GinTai EDP LCD LED LVDS Display Cable Replacement ,9.63,0.5984258
B09CZFKVGT,"WiFi Extender，WiFi Repeater, WiFi Booster， Covers Up to 3500 Sq.ft and 30 Devices, Up to 1200Mbps Wi",Unknown,Computers,49.98,79.29917577433822,29.319175774338227,29.319175774338227,58.66181627518653,15,0.7202852,"WiFi Extenders Signal Booster for Home, WiFi Exten",25.49,0.85708475,"1200Mbps WiFi Range Extender Repeater, Coverage Up",29.99,0.8357187,"Soft Foot WiFi Range Extender,1200Mbps Wireless Si",19.73,0.74155205
B0BRC7YQ9Y,BYGLO AC1200 Outdoor Weatherproof WiFi Range Extender High Power Long Range Wireless Internet Signal,ALEYHA,Computers,75.98,58.25443617406918,-17.725563825930827,17.725563825930827,23.32924957348095,15,0.6842054,TP-Link EAP610-Outdoor | Omada True WiFi6 AX1800 G,129.99,0.75838,"WiFi Extenders Signal Booster for Home, WiFi Exten",25.49,0.75268865,WAVLINK AC600 Outdoor Weatherproof Wi-Fi Range Ext,69.99,0.7495923
B07Y2Z1H14,Fintie Folio Case for iPad 9th / 8th / 7th Generation (2021/2020/2019) 10.2 Inch - [Corner Protectio,Fintie,Computers,14.99,16.89926483405817,1.9092648340581686,1.9092648340581686,12.736923509394051,15,0.8464139,Fintie Folio Case for iPad 4th Generation (2012 Mo,11.99,0.89246607,Fintie Case for iPad 9th Gen (2021) 10.2 Inch - Mu,14.99,0.8778409,"Fintie Case for iPad Air (3rd Gen) 10.5"" 2019 / iP",19.99,0.874508
B0C14Q2TT3,CaseBuy MacBook Air 13 Inch Screen Protector -Blue Light Filter Anti-Glare Screen Protector for 2015,CaseBuy,Computers,15.39,20.21731539923161,4.827315399231608,4.827315399231608,31.366571794877245,15,0.77159935,2 Pack Anti Blue Light Anti Glare Screen Protector,9.99,0.8747681,iKammo Macbook Laptop Screen Protector-Anti Glare ,13.98,0.8484193,14 inch MacBook Pro and MacBook Air Anti Glare and,19.39,0.7876619
B016W67VES,Dell New FR463 Battery for Poweredge Perc 5i 6i P9110 NU209 U8735 XJ547,Dell,Computers,19.99,56.42423889101751,36.434238891017515,36.434238891017515,182.26232561789652,15,0.6839214,DELL JD25G Notebook Battery 7.4V 52WH Replaceable ,59.99,0.7806928,Fully 11.1V 91Wh 245RR Laptop Battery for Dell XPS,49.98,0.7462996,Dentsing 45Wh WD52H Laptop Battery Compatible with,49.99,0.7300802
B09KLG9S94,"DONGKE Compatible with MacBook Pro 16 Inch Case 2023 2022 2021 M2 A2780 M1 A2485 Pro/Max Chip, Plast",DONGKE,Computers,28.99,20.838068321388032,-8.151931678611966,8.151931678611966,28.119805721324482,15,0.8464451,DONGKE Compatible with MacBook Pro 16 inch Case 20,16.99,0.99452263,DONGKE Compatible with MacBook Pro 14 inch Case 20,21.99,0.90638554,May Chen for MacBook Pro 16 Inch (2023 2021 Releas,19.99,0.87371373
B0775Z6Y94,DuraSafe Case for iPad 9.7 Inch 5/6 Gen 2017/2018 & Air 1 / Air 2 [ A1893 A1954 A1822 A1823 A1566 A1,DuraSafe Cases,Computers,19.99,20.785888805814167,0.7958888058141689,0.7958888058141689,3.9814347464440667,15,0.8682758,DuraSafe Case for iPad 9.7 Inch 5/6 Gen 2017/2018 ,19.99,0.9767127,DuraSafe Cases iPad 9.7 5th 6th Gen Air 1st 2nd Ge,19.99,0.96096885,DuraSafe Cases for iPad 9.7 Inch 6th Gen / 5th Gen,19.99,0.93401045
B082HH4LMX,ZOTAC Gaming GeForce GTX 1660 Ti 6GB GDDR6 192-Bit Gaming Graphics Card Super Compact - ZT-T16610F-1,ZOTAC,Computers,200.97,299.78017174206803,98.81017174206804,98.81017174206804,49.1666277265602,15,0.77440536,Zotac VCX ZT-P10810C-10P GTX 1080 AMP Ti Extreme 1,499.0,0.8211138,ZOTAC GeForce GT 218 512MB DDR3 PCI Express x1 DVI,98.86,0.80285954,ZOTAC ZT-P10300A-10L NVIDIA GeForce GT 1030 2GB GD,118.92,0.801533
B07PW9KHF1,"Skinomi Screen Protector Compatible with Apple iPad Air (10.5 inch)(2019, iPad Air 3) Clear TechSkin",Skinomi,Computers,8.95,16.160315539817496,7.210315539817497,7.210315539817497,80.56218480243014,15,0.81695,Skinomi Screen Protector Compatible with Apple iPa,8.95,0.9737964,Skinomi Screen Protector Compatible with Apple iPa,10.99,0.939087,Skinomi Full Body Skin Protector Compatible with M,18.95,0.86645794
B08S7MTW8V,"ARCTIC F8 PWM - 80 mm PWM Case Fan, PWM-Signal regulates Fan Speed, Quiet Motor, Computer, Fan Speed",ARCTIC,Computers,8.99,18.79838487565602,9.808384875656019,9.808384875656019,109.10328004066763,15,0.7026119,"ARCTIC F14 Silent - 140 mm Case Fan, Ultra-Quiet, ",8.99,0.88638544,"Bitspower Notos 120mm Case Fan, DRGB Computer Fan ",37.02,0.7573652,"BE QUIET! Pure Wings 2 92mm PWM, BL038, Cooling Fa",12.99,0.7402506
B07T5S8TFZ,"Yifant Shoulder Bag for Massage Device, Compatible with Hyperice Hypervolt, Portable Carrying Case f",Yifant,Computers,41.99,25.71388992641727,-16.276110073582732,16.276110073582732,38.76187204949448,15,0.6302802,17inch Casual Unisex Waterproof Oxford School Back,25.99,0.68140864,"Rivacase 7529 Crossbody Sling Bag for Women, Cross",64.67,0.65402585,Furivy Unisex Oxford Retro Style Laptop Backpack C,29.98,0.6488668
B0C4P11F1C,"EDUP LOVE USB 3.0 Wireless WiFi Adapter AC1300Mbps for PC, USB Wi-Fi Dongle AC Mini Network Adapters",EDUP LOVE,Computers,15.99,25.654427100241826,9.664427100241825,9.664427100241825,60.440444654420425,15,0.72517323,"AC1300M USB 3.0 WiFi Adapter for PC, Dual Band Dua",16.99,0.901335,EDUP AC 1300Mbps USB WiFi Adapter for PC USB 3.0 W,15.99,0.85846394,Anmier 600Mbps WiFi Adapter Dual Band 2.4G/5G Wire,7.99,0.77995545
B09XSBZQVS,"IBENZER Compatible with New MacBook Air 13 inch case 2022 2021 2020 M1 A2337 A2179 A1932, Hard Shell",IBENZER,Computers,19.99,19.233608405390726,-0.7563915946092727,0.7563915946092727,3.7838498979953616,15,0.84757954,IBENZER Compatible with New MacBook Air 13 inch Ca,17.99,0.9527491,IBENZER Compatible with 2022 2021 2020 MacBook Air,16.99,0.94888836,IBENZER Compatible with Old Version MacBook Air 13,14.99,0.9088414
B00K8O8G7M,Ac Adapter Charger for Acer Aspire V3-571-6475 V3-571-6643 V3-571-6698 V3-571-6800 V3-571-6844 V3-57,Usmart,Computers,18.69,14.165911316730002,-4.52408868327,4.52408868327,24.205931959711073,15,0.8149334,Ac Adapter Charger replacement for Acer Aspire 575,13.99,0.8687481,new Ac adapter charger for Acer Extensa 4620-4908 ,9.99,0.8673647,"Ac Adapter Charger for Acer Aspire E1-572-6484, E1",18.69,0.85471034
B09S2Y8VGG,"RAOYI 10 Pack 2GB Metal Key Shape USB Flash Drive, USB 2.0 Memory Stick Thumb Drives Jump Drive-Silv",RAOYI,Computers,29.99,19.466596233878462,-10.523403766121536,10.523403766121536,35.08970912344627,15,0.8075335,RAOYI 10 Pack 8GB USB Flash Drive USB 2.0 Metal Ke,35.99,0.905375,RAOYI New 3D Bullet 32G USB Flash Drive USB 2.0 Me,10.99,0.88266504,Flash Drive 8GB 10 Pack USB 2.0 Thumb Drives Uflat,23.98,0.8393237
B01CN74D8C,New AC Adapter Charger for Lenovo S21e-20 80M4002HUS Laptop Notebook Ultrabook Battery Power Supply ,usmart,Computers,14.99,17.781583948343084,2.7915839483430833,2.7915839483430833,18.622974972268736,15,0.7796842,"Ac Adapter Charger for Acer Aspire E1-572-6484, E1",18.69,0.85054463,Ac Adapter Laptop Charger for Acer Aspire V5-561P-,18.69,0.814551,Ac Adapter Laptop Charger for Acer Aspire E5-511P-,10.99,0.8081398
B0C53X8SMY,"Oangcc Android 11 Tablet 10.1 Inch 2023 Newest Tablets, 4GB + 64GB (Max 128G) 8000mAh Battery with B",Oangcc,Computers,110.98,95.45873932451052,-15.521260675489486,15.521260675489486,13.985637660379785,15,0.75509804,"Oangcc Android 11 Tablet 10 Inch, 2 in 1 Tablet 4G",135.99,0.8446062,"2023 Newest Android 11.0 Tablet, 2 in 1 Tablet 10 ",84.62,0.80350775,"Tablet, 10 inch Tablets Android, 64GB ROM & 512GB ",54.96,0.78994334
B07W7JXQX8,UUcovers Kindle Fire 7 Tablet Case 9th/7th/5th Generation (2019/2017/2015 Release) with Stand Pencil,UUCOVERS,Computers,18.99,22.756367879759097,3.7663678797590983,3.7663678797590983,19.83342748688309,15,0.84436876,"Fire 7 Case, UUcovers 7 inch All-New Kindle Fire 7",27.99,0.96323955,UUcovers Kindle Fire HD 10 Tablet Protective Case ,28.99,0.9032538,"UUcovers 10.1"" Kindle Fire HD 10 (11th Gen, 2021) ",21.99,0.8845321
B0113OUMAY,"ASUS A53S Laptop LCD Screen Replacement 15.6"" Wxga Hd LED Matte",ASUS,Computers,57.77,58.86880927541315,1.0988092754131458,1.0988092754131458,1.902041328393882,15,0.8001069,"ASUS Laptop LCD Screen K53U 15.6"" WXGA HD",58.34,0.9195977,"ASUS N53SV REPLACEMENT LAPTOP 15.6"" LCD LED Displa",65.33,0.8934341,"ASUS X53E-Rs51 Replacement Laptop 15.6"" LCD LED Di",52.27,0.856004
B084J9RY6T,"Rosewill 120mm True RGB LED Case Fans (3-Pack) and 8-Port Fan Hub, Ultra Quiet Cooling with Long Lif",Rosewill,Computers,39.99,88.82959391494838,48.839593914948374,48.839593914948374,122.12951716666261,15,0.70928764,ASIAHORSE Matrix-Black 48 Addressable RGB LEDs 240,35.99,0.78665894,"DS 6Pack 120MM RGB PC Cooling Fans, LED Case Fans ",40.01,0.78591526,"anidees Graphic Card Cooler 3 x 80mm PWM Fan, Supp",39.9,0.75963926
B0BRJJPV27,"USB Flash Drive 976GB,High Speed USB 3.0 Drive, 976GB Large Capacity Flash Memory Stick for PC,Lapto",NAAAIS,Computers,15.99,20.961694106981728,4.971694106981728,4.971694106981728,31.09252099425721,15,0.79050934,Aiibe High Speed 10 Pack 16GB Flash Drive 3.0 USB ,38.99,0.8194272,Flash Drives 5 Pack 64GB USB 3.0 Flash Drive Memor,22.99,0.8064633,VICFUN 10 Pack 1GB USB Flash Drives USB 2.0 Flash ,21.99,0.8061662
B08P3X7KX2,"Dell OptiPlex 7050-SFF Intel Core i5-6500 3.2 GHz, 8GB RAM, 256GB Solid State Drive, Windows 10 Pro ",Dell,Computers,119.0,202.80928373661496,83.80928373661496,83.80928373661496,70.4279695265672,15,0.83749294,"Dell OptiPlex 5040-SFF, Core i7-6700 3.4GHz, 16GB ",242.37,0.88136375,"Dell OptiPlex 5070 Small Form Factor PC, Intel Oct",414.98,0.8797935,Dell Optiplex 7010 SFF Desktop PC (Renewed) (I5-34,119.99,0.87548417
B09C6G41BY,"RX580 Graphics Card 8GB, GDDR5 256bit Video Graphics Card Support 8K 16 PCI Express 3.0 Gaming Graph",Dilwe,Computers,100.71,409.5766482516823,308.8666482516823,308.8666482516823,306.6891552494115,15,0.7539398,"SHOWKINGS Radeon RX 580 8GB Graphics Card, 256Bit ",109.98,0.8143394,RX580 GDDR5 8G Graphics Card 1244 MHz Core 256bit ,130.69,0.79041994,MSI Gaming GeForce GTX 1080 8GB GDDR5X SLI DirectX,155.37,0.77725303
B00KV698CE,"Speck Products DuraFolio Case and Viewing Stand for iPad Mini 1, 2, and 3 (with Retina Display)(SPK-",Speck,Computers,14.0,23.756767026040265,9.756767026040265,9.756767026040265,69.69119304314475,15,0.77907926,Speck Products DuraFolio Case and Stand for iPad M,49.99,0.96832246,Speck Products DuraFolio Case and Viewing Stand fo,44.99,0.9249823,Speck Products Stylefolio Case and Stand for iPad ,34.95,0.84235376
B08D6H78P9,"Deegotech Cat 8 Ethernet Cable 50 ft, High Speed Flat LAN Cable, 40Gbps 2000Mhz Heavy Duty Gigabit E",Deegotech,Computers,19.99,15.662856921681376,-4.327143078318622,4.327143078318622,21.646538660923575,15,0.82574284,"DEEGO Cat 8 Ethernet Cable, 30 FT High Speed LAN C",18.99,0.9094667,Cat8 Ethernet Cable 50ft Black - High Speed Flat I,22.99,0.8340887,"Cat8 Ethernet Cable 50ft Shielded,High Speed 40Gbp",15.99,0.8256867
B005EVAMNA,"PNY Quadro NVS 420 PCI-Express x 16 Card, With Low Profile Bracket For Slim / SFF Computer",PNY,Computers,117.96,381.7856267745639,263.82562677456394,263.82562677456394,223.656855522689,15,0.716456,"PNY NVIDIA Quadro P1000 Professional 4 GB, gddr5,G",186.16,0.82558864,NVIDIA NVS 310 by PNY 512MB DDR3 PCI Express Gen 2,51.85,0.82216156,PNY GeForce RTX™ 3080 10GB XLR8 Gaming Revel Epic-,899.0,0.77174574
B07H7JJ3YF,"Universal 8.0"" Tablet Case, Cookk PU Leather Wallet Stand Cover w/Credit Card Slots for iPad Mini 5 ",Cookk,Computers,16.99,16.38659097172708,-0.6034090282729174,0.6034090282729174,3.5515540216181134,15,0.81275374,"8 Inch Universal Case, GSFY Pretty Folio Stand Pro",12.99,0.88158685,"Universal Case for 7.9-8.5 Inch Tablet, Newshine P",12.99,0.8791589,"Uliking Universal Case for 7-8 inch Tablet, PU Lea",17.99,0.8429774
B08DL92ND3,"Seagate ST900MM0006-R - Seagate 900GB 2.5"" SAS 10K 6Gb/s Hard Drive",Seagate,Computers,29.95,156.70866035193075,126.75866035193074,126.75866035193074,423.23425827021947,15,0.67761874,"Dell 8JRN4 900GB 10k RPM 2.5"" 64MB SAS-6Gb/s HDD",48.0,0.7226454,HP/HGST Ultrastar 7K4000 HUS724040ALA640 (0F19470 ,67.99,0.7167045,"Dell 790 Desktop, Core i5-2400 3.1GHz, 4GB RAM, 50",128.98,0.6901959
B07K7QNJSD,[3-Pack] for Fire HD 8 (2018/2017) / Fire HD 8 Kids Edition (2018/2017) Screen Protector - SuperGuar,SuperGuardZ,Computers,9.49,8.736321396568474,-0.7536786034315259,0.7536786034315259,7.941818792745267,15,0.85796165,"[3-Pack] for Onn 7"" Tablet/Onn Surf 7"" Screen Prot",7.95,0.91664165,S.G. for Microsoft Surface Duo Screen Protector - ,8.19,0.89588386,[3-Pack] for Google Nest Hub Max Screen Protector ,7.99,0.8913297
B00IO4VZ3A,Skinomi Screen Protector Compatible with Sony Xperia Z2 Tablet Clear TechSkin TPU Anti-Bubble HD Fil,Skinomi,Computers,16.95,17.362677715790326,0.41267771579032697,0.41267771579032697,2.434676789323463,15,0.776845,Skinomi Full Body Skin Protector Compatible with M,18.95,0.85161424,Skinomi Screen Protector Compatible with Apple iPa,8.95,0.82668793,Skinomi Screen Protector Compatible with Samsung G,9.95,0.82452476
B09243VCK2,"D-Link Ethernet Switch, 5 Port Easy Smart Managed Gigabit Network Internet Desktop or Wall Mount (DG",D-Link,Computers,36.9,171.94514092157965,135.04514092157964,135.04514092157964,365.9759916573974,15,0.633241,Zyxel 5-Port Gigabit Ethernet Unmanaged Switch | P,15.49,0.68368405,Cisco Business CBS110-8PP-D Unmanaged Switch | 8 P,108.73,0.67139554,NETGEAR 8-Port Gigabit Ethernet Smart Switch (GS10,75.49,0.66700643
B09XCJZKSR,"Corsair Hydro X Series iCUE XH303i RGB PRO Custom Cooling Kit (Hardline CPU Cooling Loop, CPU Water ",Corsair,Computers,449.99,148.73667408364705,-301.253325916353,301.253325916353,66.94667124077269,15,0.7225402,Corsair iCUE H150i RGB Elite Liquid CPU Cooler (16,179.99,0.8028741,Corsair iCUE 4000D RGB Airflow Mid-Tower Case - 3X,149.99,0.7480578,Corsair Hydro X Series XR5 360mm Water Cooling Rad,71.99,0.74084413
B09DK7MYG4,"BAGSMART Travel Laptop Backpack Women, 15.6 Inch Anti Theft Laptop Backpack with USB Charging Port W",BAGSMART,Computers,39.99,37.80305176460556,-2.186948235394439,2.186948235394439,5.46873777292933,15,0.8860794,"BAGSMART Travel Backpack for Women, Laptop Backpac",36.99,0.91968644,"Laptop Backpack for Women,Business Backpack Anti-T",36.76,0.9085662,"BASMART Travel Laptop Backpack, 15.6 Inch Womens T",29.99,0.8931487
B018K6DJAI,GripTight Mount for Small Tablets From JOBY – Attach Your Small Tablet to Any Tripod or Mount Using ,Unknown,Computers,29.98,27.82182010104261,-2.158179898957389,2.158179898957389,7.198732151292159,15,0.66722435,"SAMHOUSING Ipad Tripod Stand, with 65 inch Height ",17.99,0.7312417,WUOJI Hand Strap Holder Finger Grip for Tablets - ,9.99,0.6956363,for Lenovo Tab M10 HD TB-X505F TB-X505L Tablet Cas,19.99,0.67506975
B09NDYSH43,"2022 HP 15.6 FHD Laptop Computer, 11th Gen Intel Core i5 1135G7 Beats Intel i7 1065G7, 16GB RAM, 1TB",HP,Computers,602.85,541.7507736691759,-61.09922633082408,61.09922633082408,10.13506283998077,15,0.77807784,"HP 2022 15.6"" FHD Touchscreen Laptop, Intel Core i",799.0,0.8296444,"HP 2021 14 inch FHD Laptop Computer, Intel 11th Ge",629.99,0.80727303,"HP 2022 15.6"" FHD Laptop, AMD Ryzen 5-5500U Proces",679.0,0.79228383
B01LXFCTA4,"AC Adapter Charger for Lenovo N22 Chromebook 80VH0001US, 80S60000US, 80S60001US, 80S60005US, by Gala",Galaxy Bang,Computers,17.99,18.14463754819441,0.15463754819441178,0.15463754819441178,0.8595750316532061,15,0.82013196,AC Adapter Charger for Lenovo Thinkpad E560 20EV00,16.99,0.8698602,AC Adapter Charger for Samsung Chromebook Pro XE51,21.99,0.86383384,"AC Adapter Charger for Acer Chromebook 11 C771, C7",18.99,0.8633249
B084YWCX99,DBParts 5V 0.4A 4Wire Cooling Fan for Lenovo ideaCentre S300 B31r3 B31r4 S500 S700 S756 B300 B305 A4,Unknown,Computers,15.99,27.413586898433767,11.423586898433767,11.423586898433767,71.44206940859141,15,0.7062462,New CPU Cooling Fan For HP Pavilion DV4T DV4-4000 ,79.15,0.75676656,Laptop Cooling Fan for Lenovo YOGA2 EG50040S1-C450,27.99,0.73974293,New Laptop CPU Cooling Fan for HP Envy 15-AE 15-AE,14.99,0.7280058
B078ZDBRRN,SUNMALL Keyboard Replacement with Silver Frame Compatible with HP Elitebook 8560P 8570P Probook 6560,SUNMALL,Computers,15.99,23.80101468994342,7.811014689943418,7.811014689943418,48.84937267006516,15,0.6742763,SUNMALL Replacement Keyboard with Pointer Compatib,25.99,0.79374623,SUNMALL Replacement Keyboard with Backlit/Big Ente,29.99,0.73875153,Replacement Laptop Keyboard For HP Elitebook 2760P,19.99,0.69585586
B076V6DPZN,"Lenovo - Yoga 720 2-in-1 13.3"" Touch-Screen Laptop - Intel Core i5-8GB Memory - 256GB Solid State Dr",Lenovo,Computers,849.95,575.8089235693569,-274.1410764306431,274.1410764306431,32.25378862646545,15,0.7625901,"Lenovo Ideapad 15 Touchscreen Laptop, 15.6"" HD Tou",629.0,0.786267,Lenovo 2022 Flex 5 14'' 2-in-1 2K Touchscreen Lapt,767.99,0.78186804,"Lenovo Yoga Book 10.1"" Full HD Touchscreen IPS (19",499.99,0.77575654
B07C657P7Q,Mikrotik CRS328-24P-4S+RM 24 port Gigabit Ethernet router/switch with four 10Gbps SFP+ ports in 1U r,Mikrotik,Computers,469.0,99.15018318245626,-369.84981681754374,369.84981681754374,78.85923599521189,15,0.6560514,MikroTik RouterBoard RB2011UiAS-IN 1 SFP Port Plus,117.0,0.7064101,"TRENDnet 5-Port Gigabit PoE+ Switch, 31 W PoE Budg",65.24,0.70550907,"PoE Switch, 8 Port PoE Switch for IP Cameras with ",59.99,0.7043315
B0BDM71MY2,GDSTIME 80mm 12V Fan Dual Ball Bearings 80mm x 80mm x 10mm Brushless Computer Cooling Fan,GDSTIME,Computers,14.99,22.28776474216218,7.297764742162181,7.297764742162181,48.684221095144636,15,0.71923554,"GDSTIME AXIAL Fan 12038, 110V 120V AC 120mm Fan, V",17.99,0.78443545,"GDSTIME AC Axial Fan 80mm, 110V 115V 120V 80x80x25",15.99,0.78211063,2PCS Dual Ball Bearings Fan 60x60x10mm DC 12V 6010,7.99,0.77329063
B07DC4KGF3,Silicon Power-64GB High Speed MicroSD Card with Adapter,SP Silicon Power,Computers,23.99,16.542388156983424,-7.447611843016574,7.447611843016574,31.04465128393737,15,0.75181645,Silicon Power 64GB 2-Pack Superior Pro Micro SDXC ,12.0,0.8231714,Silicon Power 512GB Micro SD Card U3 SDXC MicroSD ,29.99,0.79806185,Micro Center 64GB Class 10 MicroSDXC Flash Memory ,7.99,0.77378917
B09NDYZHB7,"Picture Keeper Connect Photo & Video USB Flash Drive for Apple, Android & PC Devices, 256GB Thumb Dr",Picture Keeper,Computers,249.99,40.970511848697306,-209.0194881513027,209.0194881513027,83.61113970610933,15,0.74711394,"SCICNCE 128GB Photo Stick for iPhone Flash Drive, ",23.99,0.7945434,"EATOP 128GB Photo Stick for iPhone Storage, iPhone",25.99,0.7727417,Flash Drive 256GB for Phone Photo Stick WOFICLO US,32.87,0.7663685
B0B2CM6XMR,"WALI Laptop and Monitor Mount Stand, Single Monitor Desk Mount with Tray for 1 Laptop Notebook up to",WALI,Computers,46.99,70.38383419988895,23.39383419988895,23.39383419988895,49.784707809936044,15,0.76290506,"WALI Monitor Stand Riser, Laptop 3 Height Adjustab",10.98,0.8381349,SHOPPINGALL Fully Adjustable Dual Gas Spring 2 in ,129.99,0.8178872,Monoprice Dual Monitor Desk Mount Bracket (max 18 ,50.01,0.7773783
B09LHHJ1M5,iCasso Compatible with MacBook Air 13 Inch Case 2020 2019 2018 Release A2337 M1/A1932/A2179 with Ret,ICasso,Computers,16.99,20.49658093540458,3.506580935404582,3.506580935404582,20.63908731844957,15,0.88621867,iCasso Compatible with MacBook Air 13 inch Case 20,16.99,0.9491405,iCasso Case Compatible with MacBook Air 13 inch Ca,28.99,0.916651,iCasso Compatible with MacBook Air 13 inch Case (R,16.99,0.90906346
B0BYNMXRN2,"17.3 Inch Laptop Privacy Screen Filter Compatible with HP/Dell/Acer/Samsung/Lenovo/Toshiba,etc and O",YongMai,Computers,26.99,33.88689812927025,6.896898129270252,6.896898129270252,25.55353141634032,15,0.7807395,Computer Privacy Screen Filter for 24 Inch Widescr,49.99,0.8146044,14 inch Computer Privacy Screen (16:9) - Blue Ligh,29.99,0.8137613,Laptop Privacy Screen 13.3 Inch Compatible with Hp,21.99,0.80584455
B09CMVYPB1,"4 Pcs Camera Audio Video Recording Window Cars Stickers, in Car Camera Recording Sticker for Ridesha",None Brand,Computers,7.98,7.410917120728114,-0.5690828792718863,0.5690828792718863,7.131364401903337,15,0.6194281,"Red Crown Gas 5"" Round Vinyl Sticker Decal Cars Tr",6.99,0.6441713,"New Ghost Busters 8"" Decal Vinyl Sticker|Cars Truc",8.99,0.6397598,"Browning Duck Heart 5.5"" x 4.7"" Vinyl Sticker Deca",6.99,0.6315313
B07XM17BRD,"iPad Mini 5 Case, iPad Mini 4 Case, Deer Pattern Book Notebook Style Light Weight Smart Shell auto S",LiViTech,Computers,8.99,15.047953458602507,6.057953458602507,6.057953458602507,67.38546672527815,15,0.7918156,iPad 7.9 Cover Powertion iPad Mini 5 Case 2019 5th,9.99,0.8364693,iPad Mini 5th Generation Case 7.9 Inch FANSONG Min,9.99,0.832664,iPad Mini case iPad Mini 2 case iPad Mini 3 case D,17.99,0.8134192
B071XFL5MB,"[3-Pack] iPad Pro 10.5 (2017) Screen Protector - SuperGuardZ, Ultra Clear, Anti-Scratch, Anti-Bubble",SuperGuardZ,Computers,8.59,9.132977853821648,0.5429778538216485,0.5429778538216485,6.321046028191485,15,0.8878593,"[3-Pack] for Onn 7"" Tablet/Onn Surf 7"" Screen Prot",7.95,0.9319212,[3-Pack] for Google Nest Hub Max Screen Protector ,7.99,0.91321164,S.G. for Microsoft Surface Duo Screen Protector - ,8.19,0.91243696
B00JPNZHSI,"Super Power Supply AC / DC Laptop Adapter Charger Cord for HP Pavilion G4, G6 Series g4-2189ca g7-12",Super Power Supply,Computers,17.39,32.641505819725104,15.251505819725104,15.251505819725104,87.70273616863199,15,0.73771816,Ac Adapter Laptop Charger for HP Pavilion X360 2-i,10.99,0.7738954,Ac Adapter Charger replacement for HP G71-351CA G7,10.99,0.76522624,Shareway 45W AC Adapter Charger Fit for HP Stream ,11.98,0.7598217
B08Q3ZQNZ7,"CIAOYE Case for Samsung Galaxy Tab A7 10.4 Case 2020 SM-T500/T505/T507, Premium PU Leather Case Mult",CIAOYE,Computers,15.99,16.020184875489438,0.0301848754894376,0.0301848754894376,0.18877345521849656,15,0.8553889,Thankscase Case for Samsung Galaxy Tab A7 10.4 202,7.99,0.89287543,Pefcase for Samsung Galaxy Tab S5e 10.5 2019 SM-T7,18.98,0.8711614,Wallet Case for Samsung Galaxy Tab A 8.4-Inch 2020,15.99,0.86801875
B09288LMPF,ALPCAM USB Camera 2MP Webcam 5-50mm Varifocal Zoom Lens Camera with H.264 Format and Low Illuminatio,ALPCAM,Computers,78.6,70.77513873114117,-7.824861268858825,7.824861268858825,9.955294235189346,15,0.7363941,ALPCAM USB Camera 2MP Low Illumination Webcam 5-50,75.99,0.9041405,ALPCAM 2MP HD Webcam Varifocal 2.8-12mm Lens Web C,74.99,0.8976157,Camera USB 2 Megapixel USB Camera Module USB 3.0 W,65.99,0.80493236
B00CSYA0CO,Slick ER430 4.3-Inch 2GB Pocket Reader,Slick,Computers,61.16,45.231751399611454,-15.928248600388542,15.928248600388542,26.043571943081332,15,0.61362064,128GB USB 3.1 3.0 Flash Drive Bulk 2 Pack Multipac,13.99,0.64271826,64GB USB 2.0 Flash Drive Bulk 10 Pack Multipack Bu,26.99,0.63166934,"Tablet 64GB 10 Inch Tablet, Android 11 Tablets, 60",49.99,0.6279819
B09SFZ4147,"Elejolie Ergonomic Laptop Stand for Desk,Adjustable Laptops Stand Portable Holder 7 Angles,Aluminum ",Elejolie,Computers,17.99,19.60081994184954,1.6108199418495417,1.6108199418495417,8.953974107001345,15,0.76759785,"Laptop Stand Adjustable Laptop Holder Riser, Folda",9.99,0.8100791,Laptop Stand - Notebook Stand - Sturdy - Foldable ,13.99,0.802737,FlexVerk Portable Laptop Riser Stand- Lightweight ,14.99,0.80221987
B08NVCJFT4,"FDKOBE Webcam Lighting,Ring Light for Laptop/Computer,Zoom Call Lighting,4''Small Video Conference L",FDKOBE,Computers,19.99,32.675168370488905,12.685168370488906,12.685168370488906,63.45757063776342,15,0.5778705,"Video Conference Lighting Kit, Laptop Light, Webca",22.99,0.7250004,"ENEGON Dimmable Video Conference Lighting, Warm/Co",12.99,0.6864119,Razer Kiyo Streaming Webcam: Full HD 1080p 30 FPS ,51.97,0.6609195
B00DE3GQOE,MEAN WELL MDR-20-24 MDR-20 Series 24 W Single Output 24 V AC/DC Industrial DIN Rail Power Supply - 1,Unknown,Computers,19.36,99.77784428086228,80.41784428086228,80.41784428086228,415.38142707056966,15,0.51046795,"HDR-100-48N, AC/DC Power Supply - 1 Output - 48V@2",51.28,0.6629653,"Mean Well 24V Power Supply LRS-350-24, DC 350W 14.",54.99,0.60842407,IBM 24R2730 x3650 835W Hot Swap Power Supply,48.95,0.536491
B08K8MXNY6,"2Pack Multi Charging Cable 3.5A, 10Ft 4 in 1 Long Multiple Fast Charger Cable with Dual iP/Micro USB",ASICEN,Computers,16.99,12.220816614929946,-4.769183385070052,4.769183385070052,28.070531989817848,15,0.7002678,MTAKYA 2Pack 3A Fast Charge Multi Phone Charger Ca,15.88,0.75504756,Cmple - Micro USB Cable 3ft Male to Male Micro USB,6.99,0.7328932,LAX iPhone Charger Lightning Cable - MFi Certified,13.88,0.71484196
B09L84976T,Fintie Case for MacBook Pro 13 Inch A2338(M2 M1) A2251 A2289 A2159 A1989 A1706 A1708 (2016-2022 Rele,Fintie,Computers,15.99,20.71078030815298,4.72078030815298,4.72078030815298,29.523329006585243,15,0.8553995,Fintie Case for MacBook Pro 13 Inch A2338(M2 M1) A,12.99,0.95154786,Fintie Case for MacBook Pro 13 Inch A2338(M2 M1) A,30.99,0.9234315,Batianda for Latest MacBook Pro 13 Case M2 Chip 20,25.8,0.8568356
B0B47SHYXW,32GB 2x16GB DDR4-3200 PC4-25600 2Rx8 RDIMM ECC Registered Memory by NEMIX RAM,NEMIX RAM,Computers,69.99,77.57679833312378,7.586798333123781,7.586798333123781,10.839831880445466,15,0.7751825,32GB (1x32GB) DDR4-2133MHz PC4-17000 ECC RDIMM 2Rx,46.99,0.98651177,NEMIX RAM 64GB (2x32GB) Kit DDR4-2666 PC4-21300 EC,208.88,0.8488838,CMS 4GB (1X4GB) DDR3 10600 1333MHZ Non ECC SODIMM ,18.0,0.7727989
B088MC8QJL,New Microsoft Surface Pro X Signature Keyboard with Slim Pen,Microsoft,Computers,255.34,99.67276991228239,-155.6672300877176,155.6672300877176,60.96468633497204,15,0.71297514,"CC Store Microsoft Surface Pro 8 Keyboard Case, Sl",27.99,0.7630223,"Microsoft Surface Pro X - 13"" Touchscreen - Micros",593.0,0.7406111,Fintie Hard Case for Microsoft Surface Pro 7 Plus/,26.99,0.74015605
B0BDYK6CRN,F FORITO [2 Pack] Anti Glare Screen Protector Compatible with 2020-2018 Released MacBook Air 13 with,F FORITO,Computers,6.92,14.858444583726081,7.938444583726081,7.938444583726081,114.71740727927863,15,0.7556527,2 Pack Anti Blue Light Anti Glare Screen Protector,9.99,0.87637764,F FORITO Tempered Glass Screen Protector Compatibl,15.69,0.8736141,ILLUMISHIELD Matte Screen Protector Compatible wit,14.95,0.77252996
B091HSFGM3,"Raspberry Pi 400 Expansion I/O Expansion Board for Raspberry Pi 400 Keyboard & Raspberry Pi, Inbuilt",Sb components,Computers,22.99,161.84878131974492,138.8587813197449,138.8587813197449,603.9964389723572,15,0.5510786,Pastall Raspberry Pi Cascade Expansion Board Modul,8.99,0.66585976,GB B450 AORUS PRO AM4 / B450 / DDR4 / S-ATA 600 / ,99.99,0.580459,Ducky One 2 SF Keyboard (Kailh Box Red),120.0,0.56941193
B099ZJQKMV,"Aozcu Windshield Car Tablet Mount, Window Dashboard Tablet Holder, 95mm Powerful Suction Mount with ",Aozcu,Computers,31.99,28.998781136251992,-2.9912188637480064,2.9912188637480064,9.350480974517057,15,0.69162136,AHK Car Headrest Mount Holder for Apple iPad Pro/A,29.99,0.7342795,"Pozliv Overhead Tripod Mount for Tablet, Desk Arm ",28.99,0.719179,UGREEN 360° Rotating Tablet Stand Holder Adjustabl,35.99,0.7185
B00NB7RNFE,CMS 4GB (1X4GB) DDR3 10600 1333MHZ Non ECC SODIMM Memory Ram Upgrade Compatible with Toshiba® Satell,Computer Memory Solutions,Computers,18.0,20.838640657444177,2.838640657444177,2.838640657444177,15.770225874689872,15,0.9306152,CMS 8GB (2X4GB) DDR3 8500 1066MHZ Non ECC SODIMM M,25.0,0.97661376,CMS 8GB (2X4GB) DDR3 10600 1333MHZ Non ECC SODIMM ,27.0,0.96582353,CMS 8GB (1X8GB) DDR3 10600 1333MHZ Non ECC SODIMM ,23.0,0.9650416
B0919MKTWY,"Ingcool 7 Inch Capacitive Touchscreen Monitor IPS Display 1024x600 7"" HDMI LCD Module for Raspberry ",Ingcool,Computers,61.59,119.3904092535228,57.8004092535228,57.8004092535228,93.8470681174262,15,0.64048535,Ingcool 7 inch HDMI LCD 1024x600 Resolution Capaci,61.6,0.91884524,"APROTII Raspberry Pi Screen, 7 inch 1024x600 IPS P",79.99,0.745523,kuman 7 Inch Touch Screen IPS Display 1024x600 Mon,66.99,0.66316915
B005T01Q5E,Patriot Mac Series 8GB Apple SODIMM Kit (2X4GB) DDR3 1333 PC3 10600 204-Pin SO-DIMM PSA38G1333SK,Patriot Memory,Computers,74.96,30.525910635036457,-44.43408936496354,44.43408936496354,59.27706692230996,15,0.794814,Patriot Signature 8GB DIMM DDR3 CL11 PC3-12800 (16,16.99,0.8528158,Patriot PSD38G16002H Signature 8GB DDR3 CL11 PC3-1,17.99,0.82977253,A-Tech for Apple 4GB Kit (2X 2GB) DDR3 1067MHz / 1,19.25,0.8130325
B008AU1NQ2,Usb Data Cable Charger Samsung APCBS10BBE - PCBS10BBEC/STD - APCBS10UBEC/STD - APCBS10UBE For GT-E22,SAMSUNG,Computers,14.99,17.11974027458468,2.1297402745846785,2.1297402745846785,14.207740324113932,15,0.610185,Samsung M393B2G70BH0-YH9 Samsung 16GB 2RX4 PC3L-10,24.94,0.6822777,T POWER AC DC 6.6 ft Cord 2A Car Charger for Samsu,8.99,0.6432303,Micro USB Black Data and Charging 15 Feet Cable fo,11.33,0.6430372
B097QCJZGL,"Asus Zenbook 14 inch FHD Laptop, AMD Ryzen 5 5500U, 6-Cores, up to 4 GHz, 8GB DDR4 RAM, 256GB PCle S",Asus Laptops,Computers,616.0,724.5141621533567,108.51416215335666,108.51416215335666,17.61593541450595,15,0.8315206,"ASUS 2023 Newest Zenbook 2-in-1 Laptop, 15.6 Inch ",669.0,0.8989528,"Lenovo IdeaPad 3 15.6"" FHD Premium Laptop | AMD Ry",679.99,0.85550404,ASUS ZenBook 2 in 1 15.6” FHD Touch Screen LED Dis,579.0,0.8456353
B07KX7DHGC,Dell Optiplex 7010 SFF Desktop PC (Renewed) (I5-3470 3.2GHZ 4GB 128GB SSD),Dell,Computers,146.86,209.3436581134523,62.48365811345229,62.48365811345229,42.54641026382425,15,0.79625154,Dell Optiplex 7010 SFF Desktop PC (Renewed) (I5-34,119.99,0.8778384,Dell OptiPlex 7050 Small Form Factor Desktop Compu,239.99,0.848246,"DELL OptiPlex 7020-SFF, Intel Core i5-4570 3.2Ghz,",111.32,0.82591593
B09PMWDTK3,"[Geforce RTX 3060] 2022 HP Pavilion Gaming Desktop PC, 16GB RAM, 1TB SSD+2TB HDD, Intel i5-10400F, W",HP,Computers,999.0,700.9015943212181,-298.0984056787819,298.0984056787819,29.839680248126317,15,0.80919814,"HP 2023 Pavilion x360 14"" FHD Touchscreen 2-in-1 L",739.0,0.82605535,"HP Pavilion Gaming Laptop,15.6"" FHD IPS, Intel 8th",819.0,0.8203176,HP Pavilion TP01 Tower Desktop Computer - AMD Ryze,769.0,0.81756186
B0C3R81847,TEAMGROUP T-Force Xtreem ARGB 3200MHz CL16 32GB (2x16GB) PC4-25600 Dual Channel DDR4 DRAM Desktop Ga,TEAMGROUP,Computers,146.99,101.33379196826711,-45.6562080317329,45.6562080317329,31.060757896273827,15,0.69703335,TEAMGROUP T-Force Zeus DDR4 16GB Kit (2 x 8GB) 300,32.99,0.76861346,TEAMGROUP Elite DDR4 32GB Kit (2 x 16GB) 2666MHz (,54.99,0.7245991,TEAMGROUP Elite DDR3 16GB Kit (2x8GB) 1600MHz (PC3,16.99,0.7216263
B085SGR1TV,"Amazon Basics USB-C to USB-C 2.0 Fast Charging Cable, 480Mbps Transfer Speed, USB-IF Certified, 10 F",Amazon Basics,Computers,8.23,10.039468594556437,1.8094685945564368,1.8094685945564368,21.986252667757434,15,0.7899971,Amazon Basics USB-C to USB-C 2.0 Fast Charging Cab,8.55,0.91107583,25CM USB Type C Extension Cord Gold Plated USB 3.0,8.99,0.8115028,"USB C to USB A Cable 1M(3.3FT), BEST CABLE USB C t",6.99,0.8097519
B09ZY64CCP,"AOCWEI 2023 Tablet for Kids, 7 inch Toddler Kid Tablet Android 11, 2GB RAM 32GB ROM, Quad Core, Pare",AOCWEI,Computers,75.99,65.54298295893045,-10.447017041069543,10.447017041069543,13.747883986142313,15,0.75005245,Kids Tablet 7 inch Tablet for Kids 2-15 Android 11,49.99,0.8127549,Kids Tablet 7 inch Tablet for Kids Wifi Kids Table,49.98,0.7859809,"SGIN Kids Tablet, 10 Inch Tablet for Kids, 2GB+32G",79.99,0.783174
B07ZB4987X,ADT-LINK M.2 Key M NVMe External Graphics Card Stand Bracket with PCIe3.0 X4 to Thunderbolt 3 Riser ,ADT-LINK,Computers,181.55,116.54937126403549,-65.00062873596453,65.00062873596453,35.80315545908264,15,0.64741427,E-outstanding ATX PSU Power Supply Adapter Cable f,11.99,0.7018096,"GAMEMAX 1050W ATX 3.0 & PCIE 5.0 Power Supply, 80+",149.99,0.68618536,"Thermaltake Toughpower GF3 1650W, True 600W 12VHPW",289.99,0.6763489
B07DNX3L6L,TNP USB C Micro SD/MMC/SD Card Reader + USB 3.0 Type A + USB Type C Power Delivery Charging Port Hub,TNP Products,Computers,32.99,15.221069117176597,-17.768930882823405,17.768930882823405,53.86156678636982,15,0.7206072,"Card Reader USB 3.0 with USB-C Adapter, 7 in 1 Mem",18.47,0.7607392,IOGEAR USB-C Hub with Card Reader- GUH3C41SD,33.52,0.75512105,"ERCRYSTO Card Reader and 3 Ports USB Hub, High Spe",9.99,0.7328583
B08NBTG9D3,"Moshi VersaCover Compatible with iPad Pro 11 2nd 2020/1st 2018, 10.9"" iPad Air 4/5 Case, 3-Viewing O",Moshi,Computers,69.95,15.27936834623288,-54.670631653767124,54.670631653767124,78.15672859723676,15,0.7812974,"MoKo Case Fit New iPad Air (3rd Generation) 10.5"" ",10.99,0.8082875,"iPad Air 5th Generation case, Feams Detachable Tri",17.99,0.8076813,"Valkit for New iPad Pro 12.9 2017 Cover, iPad Pro ",22.99,0.79599243
B07FLK74QB,Dell Latitude 5590 Business Laptop | 15.6in FHD | Intel Core 8th Gen i5-8250U Quad Core | 8GB DDR4 |,Dell,Computers,263.98,253.00740437159985,-10.972595628400171,10.972595628400171,4.15660111690286,15,0.72327477,Fast Dell Latitude E5470 HD Business Laptop Notebo,152.95,0.7886001,"Latitude 7480 14 Business Notebook, 14 HD Anti-Gla",189.99,0.7659353,Dell Latitude 5300 Laptop 13.3 Intel Core i7 8th G,272.42,0.7450882
B0BMJ4RFGT,"NETGEAR 8-Port Ultra60 PoE Multi-Gigabit Ethernet Plus Switch (MS108EUP) - Managed, with 4 x PoE++ a",NETGEAR,Computers,299.99,131.20950809026155,-168.78049190973846,168.78049190973846,56.26203937122519,15,0.72065353,NETGEAR 24-Port Gigabit Ethernet Smart Managed Pro,419.99,0.7957772,NETGEAR 8-Port Gigabit Ethernet Smart Switch (GS10,75.49,0.77125764,Error:#N/A,64.39,0.7552823
B08YR626QX,"SDH for MacBook Air 13 Inch Case 2020 Release A2337 M1 A2179 A1932 with Retina, Plastic Pattern Hard",SDH,Computers,25.9,20.74340718227736,-5.15659281772264,5.15659281772264,19.909624778851892,15,0.8742168,MOSISO Compatible with MacBook Air 13 inch Case 20,13.99,0.8971994,MOSISO Compatible with MacBook Air 13 inch Case 20,18.99,0.8964257,"Case for MacBook Air 13 inch, Gvtech Crystal Clear",7.99,0.8945694
B095H4JKQS,"KXOYJAD Screen Protector for 10 2021 and 10 Kids 2021, Tempered Glass Film(2 Pack)",KXOYJAD,Computers,13.99,11.416218594809584,-2.5737814051904166,2.5737814051904166,18.397293818373242,15,0.732148,"Puccy Privacy Screen Protector Film, Compatible wi",18.98,0.7534343,AISELAN for LG K51 4 Way 360 Degree Privacy Temper,13.99,0.7493954,"for iPad 10.9 inch (10th Gen, 2022) Tempered Glass",16.99,0.7461069
B0987FKR8R,"Loya Ark Audio Video Capture Cards 1080p 60fps, 4k HDMI Capture Card Nintendo Switch, USB 3.0 Game C",Loya Ark,Computers,36.99,54.98066078686427,17.990660786864268,17.990660786864268,48.63655254626728,15,0.71581405,"Loya Ark Video Capture Card 1080p 60fps, USB Cam L",15.99,0.87420344,"Capture Card, Audio Video Capture Card with Microp",19.99,0.8189728,"Video Capture Card, 4K Cam Link Card HDMI to USB 2",18.99,0.75973445
B09MNW21S6,"Lenovo 2022 IdeaPad Slim 9i 14"" 4K UHD (3840x2160) Touchscreen Laptop: 11th Gen Intel Core i7-1195G7",Lenovo,Computers,849.0,560.6881896210899,-288.3118103789101,288.3118103789101,33.958988266067145,15,0.8553398,"Lenovo [Windows 11 Pro] 2022 IdeaPad 3 14"" FHD Bus",579.0,0.87667704,"2022 Lenovo IdeaPad 3i 15.6"" Touchscreen Business ",489.0,0.8707744,"Lenovo IdeaPad 5 Business Laptop, 15.6"" FHD IPS To",689.0,0.86858547
B09689NG71,STREBITO Precision Screwdriver Set 124-Piece Electronics Tool Kit with 101 Bits Magnetic Screwdriver,STREBITO,Computers,20.99,14.40334618593461,-6.586653814065388,6.586653814065388,31.379961000787937,15,0.5188837,Repair Screwdrivers & Screws Kit Replacement for S,9.9,0.6061248,"Powlankou 20 Pieces 6#-32 Computer Case Screws, An",11.99,0.59668875,SWEALEER Laptop Repair Tool 4 PCS Screwdrivers Set,9.9,0.558693
B004YLE4U8,"Acer Aspire One D255e-2677 Replacement LAPTOP LCD Screen 10.1"" WSVGA LED DIODE (Substitute Replaceme",Acer,Computers,49.49,56.76291935407672,7.27291935407672,7.27291935407672,14.695735207267568,15,0.7729863,Acer Aspire One D257-13478 Replacement LAPTOP LCD ,48.55,0.98774886,"ACER ASPIRE ONE D255, D255-2256 LAPTOP LCD REPLACE",49.49,0.94008046,"ACER ASPIRE 5253-BZ893 LAPTOP LCD SCREEN 15.6"" WXG",59.73,0.7983045
B01BZJQJ22,"Odyson - Logic Board 2.5GHz i7 (i7-4870HQ) Integrated Graphics, 16GB Replacement for MacBook Pro 15""",Unknown,Computers,365.0,181.44327742088052,-183.55672257911948,183.55672257911948,50.2895130353752,15,0.732526,"Odyson - Logic Board 2.13GHz C2D (SL9600), 4GB RAM",89.6,0.8164013,A-Tech 16GB (2x8GB) RAM for Apple MacBook Pro (Ear,36.24,0.7698022,Odyson - Left CPU Fan Replacement for MacBook Pro ,9.95,0.74415815
B087QV25CZ,"Cisco Business 140AC Wi-Fi Access Point, 802.11ac, 2x2, 1 GbE Port, Ceiling Mount,3 Pack Bundle,Limi",Cisco,Computers,264.37,202.52083551413727,-61.84916448586273,61.84916448586273,23.39492547787674,15,0.62158066,"1200Mbps Ceiling Wireless Access Point PoE, Router",37.99,0.6680644,NETGEAR WAC505-100NAS - Discontinued by Manufactur,105.25,0.6606406,Ubiquiti Networks UAP-AC-PRO-E Access Point (No Po,639.99,0.64132273
B07P13GSX2,"MightySkins Skin Compatible with Lenovo Ideapad 330S 15"" (2018) - Marble Glitz | Protective, Durable",MIGHTY SKINS,Computers,16.59,19.56593854783655,2.9759385478365488,2.9759385478365488,17.93814676212507,15,0.8163521,MightySkins Skin Compatible with Lenovo Ideapad 33,13.32,0.97398365,MightySkins Skin Compatible with Lenovo Ideapad 33,19.12,0.9699908,MightySkins Skin Compatible with Lenovo Ideapad 33,19.99,0.9467139
B08CZMMZYM,AOYEGO Cartoon Penguins Mouse Pad Cute Cartoon Polar Animal Winter Non-Slip Rubber Base 7.9X9.5 Fold,AOYEGO,Computers,8.99,31.87314929092311,22.883149290923107,22.883149290923107,254.54003660648618,15,0.6047576,AOYEGO Tropical Leaves Mouse Pad Turquoise Green P,8.99,0.9210678,NiuZi-cao in A World Full of Roese Be A Sunflower，,9.99,0.6871377,WONDERTIFY Antique Car Mouse Pad Old Truck Car Dec,6.99,0.637164
B00NYVGA7E,Supermicro Extended ATX DDR4 LGA 2011 Motherboard X10DAI-O,Supermicro,Computers,629.95,451.89261476665246,-178.0573852333476,178.0573852333476,28.265320300555214,15,0.80635065,Supermicro X9DAI-O LGA2011/ Intel C602/ DDR3/ SATA,419.0,0.8789899,ASRock Motherboard ATX DDR3 1066 Intel LGA 2011 EP,773.95,0.83620757,MSI Motherboard X99A SLI Plus Haswell-E Core i7 LG,348.86,0.83304137
B0BSMGWD3Z,"EVGA SuperNOVA 650 GT, 80 Plus Gold 650W, Fully Modular, Auto Eco Mode with FDB Fan, 7 Year Warranty",EVGA,Computers,117.89,236.50217630646526,118.61217630646526,118.61217630646526,100.61258487273328,15,0.68834937,"EVGA SuperNOVA 1000 G6, 80 Plus Gold 1000W, Fully ",189.99,0.83762306,"EVGA SuperNOVA 850 P2, 80+ PLATINUM 850W , Fully M",354.97,0.80255014,"EVGA SuperNOVA 1000 G+, 80 Plus Gold 1000W, Fully ",195.9,0.7912328
B07WWLGR1P,Comimark 1Pcs Bluetooth 4.0 Audio Receiver Board Stereo Sound Module for Car Phone LN-BT02,Comimark,Computers,11.69,149.4377547343161,137.7477547343161,137.7477547343161,1178.338363852148,15,0.47163677,Comimark OEP30Wx2 Audio Module Class D Digital Pow,10.89,0.56391084,Ximimark 1Pcs NE5532 PCB Sound Magnifier Board Pre,7.89,0.49655634,3.5mm Stereo Coupler/Gender Changer - Jack 3.5mm F,5.99,0.4838742
B083XSKZJF,"INNOMAX USB-C/Thunderbolt 3 to High Resolution (4K, 60Hz) HDMI Adapter for iPad Pro/MacBook Air 2019",Unknown,Computers,9.99,51.50548348958097,41.515483489580966,41.515483489580966,415.5704053011108,15,0.7311334,"Amiroko USB C to HDMI Cable, USB 3.1 Type C (Thund",10.99,0.83172214,"QCEs USB C to HDMI Cable 6Ft, Type C to HDMI Adapt",14.99,0.7960045,"CableCreation USB C to HDMI Cable 16FT, USB Type C",29.99,0.7536342
B09Z35LQVS,"Computer Desktop PC, Intel Core i3-6100, TechMagnet Siwa 6, 16GB RAM, 120GB SSD (Fast Boot), 1TB HDD",TM TECHMAGNET WE ATTRACT QUALITY IN PRODUCTS AND SERVICE,Computers,319.0,506.42531338914057,187.42531338914057,187.42531338914057,58.7540167364077,15,0.7347508,"Computer Desktop PC, Intel Core i5, TechMagnet Siw",467.99,0.9222102,"All in one Desktop Computer, TechMagnet Cheetah 4,",302.63,0.82970846,"Lenovo ThinkCentre M700 Tiny Desktop, Intel Core i",109.99,0.7292969
B002OFT7JY,Hello Kitty Fun in Fields 4GB Mimobot,Audio Cubes,Computers,29.99,48.75947750547045,18.76947750547045,18.76947750547045,62.58578694721725,15,0.43639454,8GB Darth Maul MIMOBOT USB Flash Drive,102.33,0.6245184,Possibox Custom Swivel USB Flash Drive 8GB Promoti,239.98,0.4375605,Cute and Novelty Camera Bag Shape Animal Pen Drive,12.88,0.43439054
B09CDR86C7,Samsung Tab S8+/S8 Plus/S7 FE / S7 Plus Keyboard Case-Touchpad Detachable Keyboard with S Pen Holder,AnMengXinLing,Computers,59.9,31.43361559797501,-28.46638440202499,28.46638440202499,47.52317930221201,15,0.7996568,Fintie Keyboard Case for Samsung Galaxy Tab S8 Plu,46.99,0.8691648,"HENGHUI Keyboard Case for Galaxy Tab S8 11"" 2022 /",43.0,0.85627925,DOMEUN Galaxy Tab S7 FE/S7 Plus/S8 Plus Case with ,59.96,0.84482133
B07DC7D6XP,"Alapmk Protective Case Cover for 14"" Lenovo ThinkPad E490 E495 E480 E485 Series Laptop(Warning:Not f",Alapmk,Computers,23.99,23.23065322094541,-0.7593467790545887,0.7593467790545887,3.165263772632717,15,0.7249368,"Alapmk Protective Case Cover for 15.6"" HP ProBook ",23.99,0.78960204,"Alapmk Protective Case Cover for 15.6"" LG Gram 15 ",22.99,0.77800596,"Alapmk Protective Case Cover for 11.6"" Lenovo Thin",20.99,0.7725959
B08HH1LSNH,15-15.6 Inch Laptop Sleeve Case Waterproof 360 Protective Laptop Sleeve Bag Work Business Computer C,NUBILY,Computers,12.86,19.94194853540609,7.081948535406092,7.081948535406092,55.06958425665701,15,0.8461729,Laptop Sleeve Case 13-14 Inch Waterproof Portable ,17.99,0.879308,Laptop Sleeve Case Bag 15.6 Inch Work Business Bri,21.99,0.86691165,LSS Protective Laptop Sleeve Case with PU Leather ,17.99,0.86297804
B07CMYDY82,OFFTEK 4GB Replacement Memory RAM Upgrade for IBM-Lenovo Essential C540 All-in-One (DDR3-12800) Desk,OFFTEK,Computers,16.13,29.696890730360675,13.566890730360676,13.566890730360676,84.10967594767934,15,0.7149411,OFFTEK 8GB Replacement Memory RAM Upgrade for HP-C,22.19,0.8502227,A-Tech 4GB KIT (2 x 2GB) For IBM-Lenovo ThinkCentr,36.44,0.727041,CMS 4GB (1X4GB) DDR3 10600 1333MHZ Non ECC SODIMM ,18.0,0.71460205
B08KH8ZV4G,"HP 15 Business Laptop, 15.6"" FHD IPS Display, Intel Core i3-1115G4, Windows 11 Pro, 12GB RAM 512GB S",HP,Computers,499.0,676.4489839505476,177.44898395054759,177.44898395054759,35.560918627364245,15,0.840469,"HP 17 Business Laptop Computer, 11th Gen Intel Cor",689.99,0.94655484,"HP 17 Business Laptop Computer, 11th Gen Intel Cor",949.0,0.9187226,"2022 Newest HP 15 Laptop, 15.6"" FHD IPS Display, I",599.0,0.8731209
B09J23PRVB,"ASUS ExpertBook P2 P2451 14"" Thin & Light FHD (Intel 4-Core i7-10510U, 16GB RAM, 1TB PCIe SSD) Milit",ASUS,Computers,899.99,622.2689586498715,-277.72104135012853,277.72104135012853,30.85823635264042,15,0.7501255,"HP Latest Newest 15 15.6"" HD Micro-Edge Business L",699.99,0.8194952,"ASUS VivoBook Thin and Light Laptop, 15.6"" HD Disp",449.0,0.7743839,"Dell 2022 Newest Inspiron 3511 Primium Laptop, 15.",996.99,0.75916886
B08XNRTV6M,"2021 Newest Dell Inspiron 15.6’’ HD Laptop for Business and Student, Intel Pentium Silver N5030 Proc",Dell,Computers,539.0,560.6654074955493,21.66540749554929,21.66540749554929,4.0195561216232445,15,0.81120557,"Dell 2021 Newest Inspiron 15 3000 Laptop, 15.6-inc",569.0,0.8973598,Dell Newest Inspiron 15 3000 Business Laptop Compu,659.0,0.8458165,"Dell Newest Inspiron 3510 15.6"" HD Laptop, Intel P",529.0,0.840107
B09ZXXXXK9,WINTOJO MacBook Air 13 inch Case 2020 2019 2018 Release A2337 M1 A2179 A1932 Retina Display with Tou,WINTOJO,Computers,18.97,18.847052296813622,-0.1229477031863766,0.1229477031863766,0.6481165165333506,15,0.8182671,AOSRHCY Plastic Hard Shell Case Compatible with 20,14.69,0.8411586,ProCase MacBook Air 13 Inch Case 2020 2019 2018 Re,15.99,0.8348779,Watbro Compatible with MacBook Air 13 Inch Laptop ,14.99,0.83172214
B008ABL2DA,"HP EliteBook 8570p - 15.6"" - Core i7 3520M",HEWLETT PACKARD,Computers,164.0,282.17158037023006,118.17158037023006,118.17158037023006,72.05584168916467,15,0.7392074,"HP ProBook 6570b - 15.6"" - Core i5 3210M - Windows",139.0,0.81054723,"HP 15DY1076NR 15.6 inch I5, 8GB, 256GB, Windows 10",599.0,0.7745397,HP ELITEDESK 800 G1 USFF Ultra-Slim High Performan,337.5,0.7692195
B01F3AJZD4,"Thermaltake RIING Silent 150W Intel/AMD 120mm High Airflow LED Fan CPU Cooler, Red",Thermaltake,Computers,59.99,66.74314390087558,6.753143900875578,6.753143900875578,11.257116020796095,15,0.687823,Thermaltake Riing 14 RGB Series High Pressure 140m,74.99,0.7717875,Thermaltake Riing Plus 12 RGB TT Premium Edition 1,176.28,0.7525199,ASIAHORSE Matrix-Black 48 Addressable RGB LEDs 240,35.99,0.70437455
B00IZCN9I0,"HQRP Battery Compatible with Crestron MTX-3 TPMC-3X TPMC-3X-LP Isys 2.8"" Handheld Wireless Touch Scr",Unknown,Computers,13.45,33.94472808984783,20.49472808984783,20.49472808984783,152.3771605193147,15,0.5743094,Fancy Buying New PA5109U-1BRS Battery for Toshiba ,19.88,0.62690806,T POWER Charger Compatible for Omron 5 Silver BP52,8.99,0.6044495,Fancy Buying New Replace Battery for Toshiba Satel,23.99,0.59239405
B008C4TXBI,"Acer Aspire 5733Z-4633 Laptop LCD Screen Replacement 15.6"" WXGA HD LED",Unknown,Computers,59.72,57.41793721171111,-2.302062788288886,2.302062788288886,3.85476019472352,15,0.8093172,"14"" WXGA Glossy LED Screen For Acer Aspire 4732Z",50.62,0.8935507,"Acer Aspire 5250-BZ873 Laptop LCD Screen 15.6"" WXG",65.33,0.8202874,Acer Aspire One D257-13478 Replacement LAPTOP LCD ,48.55,0.8171651
B01KXKJZLQ,"Taylor Guitar Logo ArcDecals78602720 Set Of Two (2x) , Decal , Sticker , Laptop , Ipad , Car , Truck",Arc Decals,Computers,7.72,8.126853768429466,0.40685376842946663,0.40685376842946663,5.270126534060449,15,0.5842812,One Piece Edward Newgate White Beard Logo FlashDec,9.99,0.77568066,Texas Lone Star State Longhorn Pride Decal Sticker,6.99,0.6084351,California Golden State Bruin Trojan Pride Decal S,6.99,0.6024723
B09DDLZCHR,"ASUS ROG Strix G15CS Gaming Desktop Computer, Intel Octa-Core i7-9700F up to 4.7GHz, 16GB DDR4 RAM, ",ASUS,Computers,809.1,761.1041943999601,-47.995805600039944,47.995805600039944,5.931999209002589,15,0.7747236,"ASUS ROG Strix SCAR Edition GL703GE Gaming Laptop,",797.5,0.81362855,"Asus ASUS VivoBook Business Laptop, 15.6' FHD 1920",429.0,0.81056726,"ASUS TUF Gaming A15 Gaming Laptop, 15.6” 144Hz Ful",853.0,0.7893669
B08148W49P,"Targus Compact Mouse with Blue Trace Technology for Tracking and Retractable 2.5-Foot USB Cord, Blac",Targus,Computers,13.95,21.455991184185027,7.505991184185028,7.505991184185028,53.806388417096976,15,0.625532,weixingu 2.4G Wireless Mouse 3D Car Shape Wireless,8.99,0.6669457,"Kensington Pro Fit Mid-Size Wireless Mouse, Sapphi",28.34,0.66230106,Verbatim USB-C™ Wireless Blue LED Mouse - Teal,23.57,0.64888996
B01N02S20V,Multi Charging Cable 4A 2Pack 4Ft Retractable Fast Charger Cable 4 in 1 Multi Charging Cord USB Cabl,Miger,Computers,13.99,12.301488977189308,-1.688511022810692,1.688511022810692,12.069414030097871,15,0.68260443,MTAKYA 2Pack 3A Fast Charge Multi Phone Charger Ca,15.88,0.75400126,"Long USB C to Lightning Cable 10ft,[Apple MFi Cert",17.99,0.7506149,MTAKYA Coiled iPhone Charger Cable for CarPlay 6.6,14.99,0.7028674
B00ZB9WKH6,16GB KIT (2 x 8GB) for Dell Inspiron Notebook Series 15R (5521). SO-DIMM DDR3 Non-ECC PC3-10600 1333,A-Tech,Computers,91.49,53.08782878096292,-38.40217121903707,38.40217121903707,41.97417337308676,15,0.8260062,4GB KIT (4 x 1GB) for Dell Inspiron Desktop Series,47.92,0.89410573,CMS 16GB (2X8GB) DDR3 12800 1600MHz Non ECC SODIMM,32.99,0.8636669,2GB Stick for Dell Inspiron 1564 1570 15R 15R (N50,33.26,0.8620028
B08CD9THP4,"KEYESTUDIO L298P Motor Driver HAT Shield GPIO for Raspberry Pi Model B/B+/A+/2/3/4 Zero and Zero W, ",KEYESTUDIO,Computers,12.0,55.18750802378832,43.18750802378832,43.18750802378832,359.895900198236,15,0.500143,"KEYESTUDIO 4WD Mecanum Car for Arduino,IR&Bluetoot",49.99,0.6143739,waveshare Stepper Motor HAT for Raspberry Pi Onboa,20.31,0.538758,Rii i8 Mini 2.4GHz Wireless Touchpad Keyboard with,35.5,0.5202832
B00IXPWVKG,"Incase City Sleeve for MacBook Pro 15""",Incase Designs,Computers,10.73,19.14544178677732,8.415441786777318,8.415441786777318,78.4290940053804,15,0.68445116,"Incase Neoprene Classic Sleeve for MacBook Pro 15""",11.99,0.80506897,Incase Neoprene Sleeve for MacBook Pro (CL57656),13.99,0.719806,Targus CityLite Pro Modern Protective and Shockpro,17.52,0.7053405
B01LQREBEQ,"World Of Warcraft Logo Wow HenryDecalZD0037 Set Of Two (2x) , Decal , Sticker , Laptop , Ipad , Car ",Henry Decal,Computers,9.99,7.622856511143499,-2.3671434888565015,2.3671434888565015,23.695130018583598,15,0.5975118,One Piece Edward Newgate White Beard Logo FlashDec,9.99,0.7661121,"Ash Williams - Vinyl - 5"" tall (Color: WHITE) deca",5.99,0.6511526,"New Ghost Busters 8"" Decal Vinyl Sticker|Cars Truc",8.99,0.6178793
B0BVCZ3RWM,"Satechi Aluminum Type-C HDMI Adapter 4K (60Hz) - for M2/ M1 MacBook Pro/Air, M2/ M1 iPad Pro/Air, M2",Unknown,Computers,19.99,87.44388699495177,67.45388699495177,67.45388699495177,337.4381540517848,15,0.68942523,"Amiroko USB C to HDMI Cable, USB 3.1 Type C (Thund",10.99,0.8003491,"CableCreation USB C to HDMI Cable 16FT, USB Type C",29.99,0.7275385,Upgrow Thunderbolt to HDMI Adapter Aluminum Mini D,11.49,0.7125831
B08P4GVGVK,DGTEC New AA-PBUN4NP Laptop Battery for Samsung NP940Z5J NP940Z5L NP940Z5L-X01US NP940Z5L-X03US NP94,DGTEC,Computers,79.99,33.33811324155822,-46.651886758441776,46.651886758441776,58.322148716641806,15,0.6539832,KingSener 10.8V 47WH FPCBP250 Laptop Battery for F,36.98,0.69710064,Batterytec Battery for Samsung Galaxy Tab 7.0 Plus,16.0,0.68655026,Shareway 4-Cell Replacement Laptop Battery for Len,27.09,0.6777712
B09XNQMWV5,"2022 Newest Lenovo IdeaPad 3i Laptop, 15.6"" FHD Anti-Glare Display, Intel Core i3-1115G4 Processor, ",Lenovo,Computers,369.0,521.438405213903,152.43840521390302,152.43840521390302,41.311220925176976,15,0.91377187,"2022 Newest Lenovo IdeaPad Business Laptop, 15.6"" ",759.0,0.9477261,"Lenovo IdeaPad 3i Laptop, 15.6"" HD Touchscreen Dis",475.99,0.9385614,"Lenovo Ideapad 3 Laptop, 15.6"" HD Touchscreen, Int",508.0,0.9369594
B09FCB4M21,Japanese Anime Keycaps 108 PBT Dye Sublimation Crystalline Character OEM Profile for Cherry Mx Gater,Hokeyio,Computers,44.99,21.664190943565853,-23.32580905643415,23.32580905643415,51.84665271490142,15,0.83114946,Coral Sea Keycaps 108 PBT Heat Sublimation OEM Pro,23.99,0.86330974,68 Keycap PBT OEM Height Five-Sided Sublimation Co,24.88,0.86329496,140 Keys PBT Keycaps Dye-Sub XDA Profile Milk and ,19.99,0.84611005
B095PBLT52,Gelid Solutions 92mm PWM fan-2000 RPM max 11-23.5 dBA,Gelid Solutions,Computers,9.25,33.95656815943214,24.706568159432138,24.706568159432138,267.0980341560231,15,0.6215268,"BE QUIET! Pure Wings 2 92mm PWM, BL038, Cooling Fa",12.99,0.67842877,Allied Telesyn SL-8320BTX (AL-A300ATX) ATX12V V2.2,206.0,0.66939723,"Noctua NF-A9 PWM, Premium Quiet Fan, 4-Pin (92mm, ",18.95,0.65236336
B01IBZ15P4,NavePoint M6 Cage Nuts and Screws for Server Shelves Cabinets - 50 Pk Rack Mount,NavePoint,Computers,17.08,80.01146866303829,62.93146866303829,62.93146866303829,368.45122168055207,15,0.57430726,NavePoint 4U Vertical Rack Rail Pair DIY Kit with ,17.65,0.6840324,12U Open Wall Mount Frame Rack - Adjustable Depth ,169.0,0.6453805,Rack Shelf 2U Vented Server Rack Mount Cantilever ,34.99,0.6012812
B0BJLCFQ4W,"Supveco Case for iPad 10th Generation (10.9'', 2022 Released), Dual Layer Full Body Protection Cases",Supveco,Computers,20.99,23.38393405234558,2.393934052345582,2.393934052345582,11.40511697163212,15,0.83152175,"iPad 7th/8th/9th Generation Case, iPad 10.2 inch C",14.99,0.84852266,BRAECNstock iPad 10.2 Case 2021/2020/2019 (iPad 9t,21.98,0.8469288,Supveco iPad Air 5th/4th Generation Case 2022/2020,16.99,0.8449353
B09MCGKGLP,"Molex to 3Pin/4Pin Fan Adapter, 12V PC Fan Adapter 4Pin Molex to 4 PWM Splitter Sleeved Braided Cabl",Ullnosoo,Computers,5.49,28.019977181575975,22.529977181575973,22.529977181575973,410.38209802506327,15,0.6692342,JXSZ DC5.5x2.1mm to molex 4Pin 4-Pin Connector Big,6.99,0.7528009,"Phobya Adaptor Cable, 4-Pin Molex to 3-Pin 5V/7V/1",9.08,0.7372633,Maxmoral 1-Pack 8 Way PC Fan Hub 3Pin Computer Coo,6.66,0.7120068
B09WX6R9F3,Dell Latitude E7250 Intel i5-5300U 2.30Ghz 8GB RAM 256GB SSD Win 10 Pro (Renewed),Dell,Computers,127.98,259.769110961038,131.78911096103798,131.78911096103798,102.97633299034065,15,0.683422,Dell Latitude E7470 Intel i5-6300U 2.40GHz 8GB RAM,169.98,0.70049757,"Dell Latitude LAT5470-5559BLK 14"" HD Notebook (Int",459.95,0.69908714,Dell Latitude 5300 Laptop 13.3 Intel Core i7 8th G,272.42,0.697459
B079HS8NJP,"Novelty Cute Cartoon Lipstick Shape 32GB USB 2.0 Flash Drive Thumb Drive Memory Stick Gift (32GB, Pi",SXBan,Computers,11.99,13.61359729420481,1.62359729420481,1.62359729420481,13.541261836570559,15,0.78106654,128GB USB 2.0 Flash Drive Cute Animal Owl Shape Pe,13.1,0.821361,64GB USB 2.0 Flash Drive Novelty Crystal LED Light,17.99,0.8139552,16GB USB 2.0 Flash Drive Crystal Blue LED Light Tr,11.98,0.8071363
B0841X9Q85,ACOMPATIBLE Replacement Keyboard for HP EliteBook 840 G1 G2 / 850 G1 G2 / HP ZBook 14 Mobile Worksta,ACOMPATIBLE,Computers,29.99,28.913658659168345,-1.0763413408316538,1.0763413408316538,3.5890008030398595,15,0.7299121,New Replacement Keyboard Compatible with HP Eliteb,31.99,0.84918773,Replacement Laptop Keyboard For HP Elitebook 2760P,19.99,0.8432998,New Replacement Backlit Laptop Keyboard Compatible,39.99,0.77906734
B007C943PK,Dell nVidia Quadro FX3500 256MB Dual DVI TV-Out PCI-E Graphics Video Card - WH242,NVIDIA,Computers,115.0,167.76003297359543,52.76003297359543,52.76003297359543,45.878289542256894,15,0.6820182,ATI Radeon R9 270 2GB DDR5 Graphic Video Card PCI-,298.02,0.7766781,Dell DN075 Precision 390 Motherboard,173.0,0.70414853,Intel DQ45CB Intel Q45 Socket 775 mATX Motherboard,75.49,0.70168316
B099S58B4Q,JODROAD Shielded RJ45 CAT5 CAT6 Pass Through Connectors - Pass Through Modular Plugs Gold Plated 3 P,JODROAD,Computers,18.99,14.534828171852451,-4.455171828147547,4.455171828147547,23.460620474710623,15,0.74015695,Cable Matters 6-Pack Tool Free Shielded RJ45 Cat 8,48.99,0.7794737,GTZ RJ45 Cat6 Pass Through Connectors - Pack of 10,18.99,0.7676066,AOWIZ RJ45 Cat5 Cat6 Connector Pass Through RJ45 E,11.99,0.7576759
B07F2XMFYX,"Alapmk Protective Case Cover for 15.6"" Lenovo IdeaPad 310 15 310-15ABR 310-15ISK 310-15IKB & IdeaPad",Alapmk,Computers,22.99,22.517399096984732,-0.472600903015266,0.472600903015266,2.055680308896329,15,0.79272884,"Alapmk Protective Case for 15.6"" Lenovo Yoga 710 1",22.99,0.87156606,"Alapmk Protective Case for 15.6"" Lenovo ideapad 33",23.99,0.86932456,"Alapmk Protective Case Cover for 11.6"" Lenovo Thin",20.99,0.8595617
B07MBZ6537,OSGEAR Internal Thickness 12.7mm SATA 8X DVDRW CD DVD RW ROM Recorder Laptop Replacement PC Mac Tray,OSGEAR,Computers,25.99,31.02030706619194,5.030307066191941,5.030307066191941,19.354779015744292,15,0.6362765,HIGHDING SATA CD DVD-ROM/RAM DVD-RW Drive Writer B,35.0,0.6853859,New for Lenovo Acer Laptop Internal 9mm Ultra Slim,21.99,0.66591036,Slim 9.5mm Dvdram Gu70n Sata Tray Load Cd DVD Driv,39.95,0.6654287
B00IASSBO6,"HP Chromebook 14 New Replacement 14.0"" LED LCD Screen WXGA HD 40 pin Laptop Glossy Display fits 14-Q",HP,Computers,73.01,57.727637293552206,-15.282362706447799,15.282362706447799,20.93187605320887,15,0.78410053,"Generic New 14"" Full-HD IPS - Replacement Laptop L",66.0,0.8681357,BRIGHTFOCAL New Screen Replacement for HP Chromebo,102.21,0.83896285,BRIGHTFOCAL New Screen Replacement for HP Chromebo,46.01,0.8293268
B00MVN9NPW,YUYIKES High Speed Premium USB Data Sync Power Charger Charging Cable for Nintendo 3DS / 3DS XL/DSi/,YUYIKES,Computers,11.99,9.911768585550211,-2.078231414449789,2.078231414449789,17.333039319848115,15,0.6015006,"CableLinx Elite 8"" Micro to USB-A Charge & Sync Br",9.99,0.6807862,Replacement USB Charger Data Transfer Cable for Go,7.99,0.6393919,RIIEYOCA 90 Degree Micro USB Extension Cable - Lef,8.99,0.6130023
B08BY9B7BD,"Primeda Gigabit Ethernet Fiber Media Converters, A Pair of 10/100/1000M RJ45 to 1000M Bi-Directional",Primeda,Computers,54.99,61.83858106749083,6.8485810674908265,6.8485810674908265,12.45422998270745,15,0.6679507,"Gigabit Ethernet Media Converter, Built-in Multi-M",25.99,0.7889377,Single Mode ST Gigabit Fiber Media Converter - Bui,69.95,0.77008915,StarTech.com 10/100 Mbps Single Mode Fiber Media C,177.99,0.75177383
B08GM26WRT,"Basesailor USB Type C to C 100W Cable 10ft/2 Pack,Power Delivery Fast Charging Charger Cord for MacB",Basesailor,Computers,17.99,10.411395751180416,-7.578604248819582,7.578604248819582,42.126760693827585,15,0.7992461,"USB-C to USB-C 100W Cable [15FT/1-Pack],USB Type C",8.99,0.82867557,"USB C to USB A Cable 1M(3.3FT), BEST CABLE USB C t",6.99,0.8204028,"AkoaDa USB C to USB C 100W Cable 10 FT, 5A Type C ",5.99,0.8139171
B01N9VQ171,"DARK SIDE Gentle Typhoon Performance Radiator Fan - 1450rpm, 45.9cfm - Black Edition (D1225C12B5AP-7",DARK SIDE,Computers,19.95,20.165478757212686,0.2154787572126864,0.2154787572126864,1.0800940211162224,15,0.54428285,YEEPHTECH Computer Case Fan 120mm RGB LED PWM High,8.99,0.61444753,"be quiet! Silent Wings 3 140mm, BL065, Cooling Fan",35.49,0.5956683,"be quiet! Shadow Wings 2 140mm PWM White, BL091, C",19.99,0.5736066
B0C1K36CKS,"EATOP USB 3.0 Flash Drive 1TB Intended for iPhone iPad, USB Memory Stick External Storage Thumb Driv",EATOP,Computers,42.99,32.96934228442482,-10.020657715575183,10.020657715575183,23.30927591434097,15,0.7611252,EATOP USB 3.0 Flash Drive 1TB Intended for iPhone ,39.99,0.9997021,"EATOP 128GB Photo Stick for iPhone Storage, iPhone",25.99,0.84030724,"SCICNCE 1TB Photo Stick iPhone Flash Drive, for iP",45.99,0.8246861
B0B552GCS4,"Speaker Bag Rugged Speaker Bag Carry Case Compatible with JBL Party Box Encore Essential, Portable S",GISEO,Computers,46.99,30.94390893923648,-16.046091060763523,16.046091060763523,34.14788478562146,15,0.61590326,Modoker Upgraded Vintage Laptop Bag Gifts for Wome,35.99,0.6537384,Laptop Backpack Anti Theft Backpack for Men Water ,48.99,0.6397301,KMW62238 - Kensington Contour Carrying Case (Backp,78.61,0.63488936
B07TSN29KT,StarTech.com USB C to Ethernet Adapter - 3 Port - with Power Delivery (USB PD) - Power Pass Through ,StarTech,Computers,48.73,47.86527091404584,-0.8647290859541599,0.8647290859541599,1.7745312660664063,15,0.7287032,StarTech.com USB C to Gigabit Ethernet Adapter - W,22.62,0.76592606,"USB C to Ethernet Adapter, CableCreation USB Type-",13.99,0.7552266,StarTech.com 4-Port USB-C Hub - 10Gbps - 3x USB-A ,41.46,0.7546391
B0B11F4SCT,"ROADOM Raspberry Pi Touchscreen Monitor,Upgraded 7'' IPS 1024X600 Dual-Speaker,USB HDMI Portable Mon",ROADOM,Computers,84.99,108.40241763533595,23.412417635335956,23.412417635335956,27.54726160176016,15,0.64792806,"APROTII Raspberry Pi Screen, 7 inch 1024x600 IPS P",79.99,0.74147123,"ROADOM Portable Monitor for Laptop, 15.6'' FHD 108",139.99,0.69228,kuman 7 Inch Touch Screen IPS Display 1024x600 Mon,66.99,0.6741495
B0932SFLSP,"UC-E6 USB Cable, Ancable 3-Feet USB Mini-B Universal Digital Camera Data Transfer Cord Charger Cable",Ancable,Computers,7.99,12.481118811595003,4.491118811595003,4.491118811595003,56.20924670331669,15,0.62262267,USB Data+Battery Power Charging Cable/Cord/Lead fo,8.99,0.6759195,(2 Pack) Micro-B USB 3.0 Data SYNC Cable Cord Lead,10.98,0.6666333,Fuji Finepix S4300 USB Cable - UC-E6 USB,13.84,0.6553658
B08C2DXPRG,moopw Case for Lenovo Yoga Smart Tab/Yoga Tab 5 - Soft Silicone Shockproof Rubber Shell Protective C,Brands,Computers,13.55,20.56890495813268,7.01890495813268,7.01890495813268,51.80003659138509,15,0.7417549,ProCase Kids Case for Lenovo Tab K10 10.3 Inch 202,15.99,0.7898673,GWYLH Vegan Leather Case for Lenovo Smart Tab M10 ,11.95,0.76331794,APOLL Smart Case for Lenovo Smart Tab M10 HD 2nd G,9.08,0.7525869
B0B4W2Z3DP,Hard Case for Logitech MX Master 3S + Mechanical Keyboard,co2CREA,Computers,51.98,57.77976852697406,5.799768526974063,5.799768526974063,11.157692433578422,15,0.5670673,Aenllosi Hard Carrying Case Compatible with Logite,20.99,0.7061987,Hermitshell Hard Travel Case for Logitech MX Keys ,22.99,0.59587914,Logitech MX Mechanical Mini for Mac Wireless Illum,149.99,0.5849707
B0071U2YDI,Cisco CISCO2901/K9 2901 Integrated Services Router,Cisco,Computers,99.0,144.14402979157566,45.14402979157566,45.14402979157566,45.600030092500674,15,0.53070074,NETGEAR C3000-100NAS N300 (8x4) WiFi DOCSIS 3.0 Ca,139.38,0.56520545,NETGEAR Cable Modem WiFi Router Combo C6300 | Comp,139.0,0.55542886,NETGEAR Cable Modem DOCSIS 3.0 (CM700-1AZNAS) Comp,119.0,0.55503756
B08R7HG89G,"iPad 10.2"" (2020/2019)/iPad Air 10.5"" 2019 Case, Adjustable Stand Auto Wake/Sleep Smart Case for iPa",Log Zog,Computers,11.99,15.61994691411623,3.62994691411623,3.62994691411623,30.27478660647398,15,0.8249164,"Case for iPad 8th Gen (2020)/7th Gen (2019), iPad ",11.99,0.93286735,Uliking iPad 10.2 inch (iPad 7th Gen) 2019/ iPad A,17.89,0.8516649,Uliking iPad 10.2 Case 2020 2019 8th/7th Gen with ,19.99,0.8424161
B00CBB6TPQ,Logitech M325 Wireless Mouse with Designed-For-Web Scrolling - Into the Deep,Logitech,Computers,29.99,46.69329106532633,16.70329106532633,16.70329106532633,55.69620228518283,15,0.73940724,Logitech Wireless Mouse M315 - Vivid Violet,12.99,0.82619566,Logitech Wireless Anywhere Mouse MX for PC and Mac,79.95,0.8068059,Logitech M585 Multi-Device Wireless Mouse – Contro,28.82,0.7812866
B08BR8PVHF,"Dell OptiPlex 9030 All-in-One Desktop Computer 23â€  AIO PC, Full HD 1920x1080, Windows 10 Pro, Inte",Dell,Computers,320.0,237.71334696252325,-82.28665303747675,82.28665303747675,25.714579074211485,15,0.8573356,Dell Optiplex 7010 Business Desktop Computer (Inte,217.88,0.92144024,Dell Optiplex 7010 SDT Premium Business Desktop PC,117.95,0.8910973,Dell Optiplex 7060 SFF Desktop i5-8500 UP to 4.10G,508.85,0.8902925
B07GJ38WLX,YUHUAI New Laptop Replacement Keyboard Fit Acer Aspire E5-573 E5-573T E5-573G E5-573TG E5-523 E5-523,YUHUAI,Computers,24.0,28.09824960446242,4.098249604462421,4.098249604462421,17.076040018593417,15,0.722647,Laptop Replacement LCD Top Back and Screen Hinges ,60.0,0.805814,New English Laptop Replacement Keyboard for Samsun,12.0,0.7976003,Laptop Replacement Parts Fit Acer Aspire A515-51 A,40.0,0.76226044
B089Q212SK,"SanDisk Extreme PRO 64GB CFexpress Type-B Memory Card, 1500MB/s Read, 800MB/s Write",SanDisk,Computers,67.26,86.19304234271674,18.933042342716732,18.933042342716732,28.14903708402725,15,0.7545938,SanDisk Extreme PRO 256GB CFexpress Type-B Memory ,241.16,0.9840523,Cloudisk Compact Flash 32GB CF Card Memory Cards H,22.99,0.7717741,SanDisk 16GB Ultra SDHC UHS-I Class 10 Memory Card,39.85,0.76593465
B07TCCN8YB,"ReadyWired USB Data Cable Cord for Panasonic Lumix DMC-TZ2, DMC-TZ3, DMC-TZ4, DMC-TZ5, DMC-TZ8, DMC-",ReadyWired,Computers,8.99,10.313981189298893,1.3239811892988929,1.3239811892988929,14.727265731912045,15,0.6365957,ReadyWired USB Data Cable Cord for Panasonic Lumix,8.99,0.9535575,PlatinumPower USB Data Cable Cord for Panasonic Lu,8.99,0.87752527,"ReadyWired USB Data Cable Cord for Olympus FE-120,",8.99,0.7132588
B09XK1CZYZ,"NETGEAR WiFi 6 Mesh Range Extender (EAX15) - Add up to 1,500 sq. ft. and 20+ Devices with AX1800 Dua",NETGEAR,Computers,116.46,179.4084785354292,62.9484785354292,62.9484785354292,54.05158727067595,15,0.750285,NETGEAR WiFi Router (R6120) - AC1200 Dual Band Wir,44.97,0.79941714,"NETGEAR Orbi Tri-Band WiFi 6 Router (RBR860S), Cov",379.99,0.789145,NETGEAR Nighthawk Mesh X4S Wall-Plug Tri-Band WiFi,69.99,0.7849015
B08JYQVNC9,"eXtremeRate Scarlet Red Custom Full Housing Cover for Gameboy Pocket, Soft Touch GBP Replacement She",eXtremeRate,Computers,19.99,30.446985692025592,10.456985692025594,10.456985692025594,52.311084002129036,15,0.52904093,New Full Housing Shell Case Cover for Nintendo Gam,13.99,0.6818428,eXtremeRate Cherry Blossoms Pink & White Custom So,49.99,0.5977741,"Logitech G203 Prodigy Wired Gaming Mouse, 8,000 DP",27.99,0.5485126
B07H1R5NH9,Silicon Bottom Rubber Feet Pads Cover Cap for Sony PS4 Pro Console Housing Case Rubber Feet Cover,Perfect PCA,Computers,8.95,18.535899254503622,9.585899254503623,9.585899254503623,107.10501960339245,15,0.5508391,Rubber Feet Plastic Button Screw Cap Cover Replace,7.46,0.7157865,TNP Controller Cover Skin Case + 8 Thumb Grips Set,14.99,0.6283884,VATH Self Adhesive Silicone Rubber Feet 18mm(L) x ,5.99,0.6034137
B01I3ZKV84,"Blue Carrying Case Laptop Messenger Shoulder Bag for MacBook Air, Pro 13-inch, Pro 13""",Unknown,Computers,39.99,29.376209387861806,-10.613790612138196,10.613790612138196,26.54111180829756,15,0.8384515,Shoulder Messenger Bag 15 inch Briefcase Laptop Ca,37.95,0.8685142,"E-Tree Laptop Bag, 15.6 inch Shockproof Padded Lap",27.99,0.85350025,"BIPRA Laptop Messenger Bag (15.6 Inch) Executive, ",29.99,0.8524869
B000I1YTOY,"CableWholesale Cat5e Ethernet Crossover Cable, 24AWG, RJ45 Gold Plate Connector, Snagless Boot, 4 Pa",CableWholesale,Computers,7.41,23.08401543740906,15.67401543740906,15.67401543740906,211.52517459391444,15,0.83924663,"CableWholesale Cat5e Ethernet Cable, 24AWG, RJ45 G",11.33,0.95762825,"CableWholesale Cat6 Ethernet Cable, 24AWG, RJ45 Go",16.17,0.90160745,Cable Matters 8-Pack Snagless Short Cat5e Ethernet,18.49,0.8404546
B0BC8KGXC9,ASUS ROG Thor 1000W Platinum II Fully Modular Power Supply & ROG Strix Z690-E Gaming WiFi 6E LGA 170,ASUS,Computers,691.65,287.23365221903526,-404.4163477809647,404.4163477809647,58.47124235971442,15,0.7244222,ASUS ROG Strix Z690-F Gaming WiFi 6E LGA1700(Intel,239.99,0.8273848,ASUS ROG Maximus XII Hero Z490 (WiFi 6) LGA 1200 (,229.99,0.76564825,"ASUS ROG Strix 850W White Edition PSU, Power Suppl",193.64,0.7626412
B07G9NV11W,Cisco SG200-50P 50-port Gigabit PoE Smart Switch (SLM2048PT) (Renewed),Cisco,Computers,366.2,229.32644453588884,-136.87355546411115,136.87355546411115,37.37672186349294,15,0.5832615,Cisco SG220-50P Smart Switch | 50 Gigabit Ethernet,925.0,0.7405473,Cisco Business CBS110-8PP-D Unmanaged Switch | 8 P,108.73,0.6862615,NETGEAR 24-Port Gigabit Ethernet Smart Managed Pro,419.99,0.61867195
B00NQG304S,"New 2TB 3.5"" Hard Drive for Dell Precision T1650 T3400 T3500 T3600 T5400 T5500 T5500N",HardDriveGeeks,Computers,71.99,45.80866552741141,-26.18133447258859,26.18133447258859,36.36801565854784,15,0.6757516,"2TB 2.5"" Laptop Hard Drive for Toshiba Satellite P",71.99,0.7446351,"1TB 2.5"" Laptop Hard Drive for HP Compaq Replaces ",49.99,0.70765746,"Dell Compatible - 146GB 15K SAS 3.5"" HD -Mfg # M80",49.99,0.68863815
B00ZZQRKMU,SanDisk Extreme 500 Portable 480GB SSD (SDSSDEXT-480G-G25),SanDisk,Computers,139.0,61.48021680146876,-77.51978319853124,77.51978319853124,55.76962820038219,15,0.7344208,SanDisk Extreme 900 Portable 960GB SSD (SDSSDEX2-9,245.97,0.92626804,SanDisk 128GB Extreme PRO USB 3.2 Solid State Flas,49.61,0.76646125,SanDisk 64GB Ultra USB 3.0 Flash Drive - SDCZ48-06,8.77,0.7584432
B071LF4DKS,BoxWave Keyboard Compatible with Samsung Galaxy S8 (Keyboard by BoxWave) - SlimKeys Bluetooth Keyboa,BoxWave Corporation,Computers,24.95,31.739527964463974,6.789527964463975,6.789527964463975,27.212536931719338,15,0.6756361,BoxWave Keyboard Compatible with Samsung Galaxy S9,24.95,0.9083423,BoxWave Keyboard Compatible with Nokia 2720 Flip (,24.95,0.8145883,"Fintie Keyboard Case for Samsung Galaxy Tab E 8.0,",27.99,0.70126724
B06XQ5PNRL,US Layout Replacement Keyboard For HP ProBook 6560b 6565b 6570b 6575b EliteBook 8560p 8570p Series L,aGood,Computers,17.99,30.832536857175135,12.842536857175137,12.842536857175137,71.38708647679343,15,0.70008504,Replacement Laptop Keyboard For HP Elitebook 2760P,19.99,0.8194648,New Replacement Backlit Laptop Keyboard Compatible,39.99,0.77040964,New Replacement Keyboard Compatible with HP Eliteb,31.99,0.74116373
B00HI0USMA,"Western Digital AV 500GB 8MB Cache SATA2 3.5"" Hard Drive (for CCTV DVR, cool, quiet &reliable) -w/ 1",Western Digital,Computers,17.35,69.12858515916339,51.77858515916339,51.77858515916339,298.4356493323538,15,0.74335706,Western Digital 500GB SATA 3.5 Hard Drive - WD5000,17.5,0.8147489,WD Black 500GB - 7200 RPM SATA 6 Gb/s 32MB Cache 7,21.99,0.80139565,Western Digital WD3200AVJS 320GB 8MB Cache 7200RPM,24.99,0.777758
B09KRK9NPG,"128GB SD Card Memory Card Class 10 High Speed Security Digital Memory Card for Vloggers, Filmmakers,",HUNYEIZ,Computers,19.99,22.6861954477114,2.6961954477114,2.6961954477114,13.487721099106553,15,0.78697795,512GB Memory Cards Micro SD Card 512GB High Speed ,9.99,0.84828454,512GB Micro SD Card with Adapter High Speed Memory,15.33,0.8458222,512GB Micro SD Card Fast Speed Card Micro SD Memor,18.99,0.81053644
B07CHBR9H4,EMAKS B31N1345 Battery B31BN9H for ASUS TP500L TP500LA TP500LB TP500LN TP500LA-EB31T TP500LA-DS71T U,Emaks,Computers,67.1,30.79237928175031,-36.30762071824968,36.30762071824968,54.10971791095333,15,0.60296047,OUWEE B31N1726 Laptop Battery Compatible with Asus,39.99,0.6584042,Anepoch B31N1535 Laptop Battery Compatible with As,38.88,0.65330654,AN·GWEL C31N1339 Battery for ASUS ZenBook UX303 UX,25.89,0.62111187
B072N7PNHQ,CAT7 Ethernet Cable High Speed (10Gigabit 600MHz) Braided Shielded Flat Patch Cord Network RJ45 LAN ,AUCAS,Computers,5.99,14.928467063517829,8.938467063517828,8.938467063517828,149.2231563191624,15,0.8432756,Cat 7 Ethernet Cable 20 ft - SNANSHI Nylon Braided,10.99,0.8969837,"Cat 7 Flat Ethernet Cable 75ft Black, High Speed 1",20.88,0.8661542,"CAT 7 Ethernet Cable 30Ft,CAT7 Ethernet Ultra Flat",11.99,0.85894316
B0779812SV,"Lenovo Yoga 720-12IKB 2-in-1 Laptop Ideapad (81B5000KUS) Intel i5-7200U, 8GB RAM, 128GB SSD, 12.5” F",Lenovo,Computers,438.0,595.7387521435365,157.73875214353654,157.73875214353654,36.01341373140104,15,0.7896102,"Lenovo ThinkPad Yoga Signature Edition - 12.5"" 2-i",699.0,0.8666893,"Lenovo Yoga 730 2-in-1 13.3"" FHD Touchscreen Lapto",849.95,0.8412371,"Lenovo Yoga Book 10.1"" Full HD Touchscreen IPS (19",499.99,0.8224724
B07SYB1SK6,A-Tech 8GB RAM Replacement for Crucial CT102464BA1339 | DDR3 1333MHz PC3-10600 2Rx8 1.5V UDIMM Non-E,A-Tech,Computers,29.99,34.48004599850078,4.490045998500779,4.490045998500779,14.971810598535443,15,0.8145984,A-Tech 4GB RAM Replacement for Toshiba PA3918U-1M4,26.99,0.9069176,A-Tech 2GB RAM Replacement for Crucial CT25664AA80,8.99,0.88171864,A-Tech 8GB (2x4GB) DDR3 1600MHz PC3-12800 CL11 DIM,21.44,0.8293866
B09P1GHHJW,"for PS4 Hard Drive Data Bank Enclosure, HDD Bay Hard Drive Cover Shell, Plug and Play Support 3.5"" M",Hilitand,Computers,38.54,50.55586116893366,12.015861168933661,12.015861168933661,31.17763666044022,15,0.7124018,Maxone 2TB Ultra Slim Portable External Hard Drive,69.99,0.7687539,Avolusion 750GB USB 3.0 Portable External PS4 Hard,38.99,0.7601318,OWC 1.0TB Internal Drive Upgrade Kit for Sony Play,59.99,0.73877275
B00HS7MZQA,IQ Shield Screen Protector Compatible with EVGA Tegra Note 7 LiquidSkin Anti-Bubble Clear Film,IQShield,Computers,9.95,12.359282507442746,2.4092825074427466,2.4092825074427466,24.213894547163285,15,0.6779996,IQ Shield Full Body Skin Compatible with Leapfrog ,13.95,0.8532902,IQShield Screen Protector Compatible with Google N,9.95,0.8440849,Skinomi Screen Protector Compatible with Samsung G,9.95,0.6869744
B004S7VTAG,Genuine Dell E-Port Replicator Docking Station and Port Replicator PR03X WITH PA-4E Charger Adapter,Dell,Computers,28.99,110.70249318594026,81.71249318594026,81.71249318594026,281.86441250755524,15,0.6582506,Dell E-Port Plus PR02X Docking Station (Port Repli,45.0,0.78385055,Dell Latitude E Series PR03X Docking Station E-Por,34.94,0.77832013,Dell Latitude E Series PR03X Docking Station E-Por,29.99,0.77832013
B07ZX4LSTF,Baocool 11.6 12 12.9 13 13.3 Inches Canvas Laptop Carrying Shoulder Sleeve Carrying Case Ultrabook P,Baocool,Computers,18.98,37.59543653845739,18.61543653845739,18.61543653845739,98.07922306879553,15,0.7672159,"Qishare 10 11"" 11.6"" 11.6-inch 12 Inch Black Multi",17.99,0.78683937,Vintage Canvas Satchel Messenger Bag for Men Women,25.98,0.78577733,"SANWA 15.6-inch Laptop Computer Briefcase, Water R",57.99,0.77325386
B0C52R7FX2,"Acer Aspire 5 15.6"" FHD Laptop Computer, Intel Quad-Core i7-1165G7 up to 4.7GHz, 16GB DDR4 RAM, 1TB ",Acer,Computers,769.0,647.9738146153318,-121.02618538466822,121.02618538466822,15.738125537668168,15,0.854409,"Acer Aspire 5 A515-56-50RS, 15.6"" Full HD IPS Disp",509.95,0.89571553,"Lenovo V15 G2 15.6"" FHD Business Laptop, Intel Qua",849.0,0.8774785,"Acer Aspire 5 Notebook Laptop, 15.6 inch FHD Displ",949.0,0.87077564
B09FL512L2,Fintie SlimShell Case for iPad Air 5th Generation (2022) / iPad Air 4th Generation (2020) 10.9 Inch ,Fintie,Computers,15.99,15.79059615764222,-0.1994038423577802,0.1994038423577802,1.2470534231255797,15,0.86476,Fintie Case for iPad Air 5th Generation (2022) / i,11.99,0.92593354,Fintie SlimShell Case for iPad 6th Generation 2018,14.99,0.90643823,Soke iPad Air 5th Generation 2022/Air 4th Generati,14.59,0.8850298
B008OWFLMI,Pearstone HDMI 90-Degree Adapter - Vertical Flat Left,Pearstone,Computers,6.99,21.71574843859214,14.72574843859214,14.72574843859214,210.66879025167583,15,0.6215924,Monoprice HDMI Right Angle Port Saver Adapter (Mal,5.98,0.75319135,InstallerParts 20ft High-Speed HDMI to DVI-D Adapt,17.84,0.6561839,"CableWholesale Mini HDMI Cable, High Speed 10.2 Gb",11.21,0.6490693
B08MWYQF2W,SanDisk Extreme V30 A2 512GB MicroSD Memory Card for DJI Mini 2 Mavic Drone Class 10 4K SDXC Bundle ,SanDisk,Computers,56.27,67.4123076862815,11.142307686281491,11.142307686281491,19.801506462202756,15,0.79431766,SanDisk Extreme 1TB MicroSD Memory Card for DJI Ma,125.56,0.9622258,SanDisk Extreme V30 A2 (2 Pack) 256GB MicroSD Card,59.55,0.8945635,64GB SanDisk Micro SDXC Extreme Pro Memory Card (T,44.15,0.8659605
B007PFQ23C,"WD AV-25 1 TB AV Hard Drive: 2.5 Inch, 5400 RPM, SATA II, 16 MB Cache - WD10JUCT",Western Digital,Computers,29.88,53.1591265531762,23.2791265531762,23.2791265531762,77.90872340420417,15,0.7098416,"WD AV-GP 250 GB AV Hard Drive: 3.5 Inch, SATA II, ",18.99,0.8841235,"WD Green 2 TB Mobile Hard Drive: 2.5 Inch, SATA II",148.68,0.72701514,WD Blue 1TB Mobile Hard Disk Drive - 5400 RPM SATA,35.99,0.72407746
B098KFMBRD,Oyen Digital 8TB MiniPro Dura RAID USB-C Portable Rugged Hard Drive,Oyen Digital,Computers,325.44,271.7472899447115,-53.6927100552885,53.6927100552885,16.4984974358679,15,0.63360673,Oyen Digital Mobius Pro 5C 5-Bay USB-C External Dr,229.0,0.72752005,"G-Technology 8TB G-RAID with Thunderbolt 3, USB-C ",899.0,0.6673423,OWC Mercury Elite Pro Dual Mini Portable (0GB Encl,74.99,0.66353136
B07M9J4HG2,(1.7FT and 2.2FT) CTRL SAS 2X SFF-8087(gerade) to Right Angle Mini SAS 2X SFF-8087 (abgewinkelt) for,IConnector,Computers,18.69,97.67563337362174,78.98563337362174,78.98563337362174,422.6090603190034,15,0.6186958,CABLEDECONN Mini SAS 36 SFF-8087 to (4) SFF-8482 C,14.69,0.6478034,Hopero DC Power Jack Cable Replacement for Dell In,5.43,0.64543486,Dell PowerEdge R730 Server 2X E5-2680v3 2.50Ghz 24,750.0,0.6401956
B09MZ6ZD7Z,[2PCS] MacBook Pro 16 Inch Trackpad Protector for 2021 2022 2023 New MacBook Pro 16 inch M1 M2 Pro/M,imComor,Computers,6.99,17.81811844351534,10.828118443515338,10.828118443515338,154.90870448519794,15,0.71540517,(2 Pack) Clear Anti-Scratch Trackpad Protector Tou,6.98,0.8126804,Palm Rest Cover Compatible with 2022 2023 MacBook ,9.99,0.77868587,Pwkutn 5-in-1 Notebook Computer Full Body Protecti,17.99,0.73286265
B01N00GZ2T,"15 15.6 inch Laptop Notebook Skin vinyl Sticker Cover Decal Fits 13.3"" 14"" 15.6"" 16"" HP Lenovo Apple",Itsaskin1,Computers,11.88,11.678449739852061,-0.20155026014793975,0.20155026014793975,1.696551011346294,15,0.88289964,15 15.6 inch Laptop Notebook Skin vinyl Sticker Co,11.88,0.989604,15 15.6 inch Laptop Notebook Skin vinyl Sticker Co,11.88,0.9870177,15 15.6 inch Laptop Notebook Skin vinyl Sticker Co,11.88,0.9859999
B0B1VTGGH8,"A-Tech 4GB RAM for Dell OptiPlex 9010, 7010, 3010, 990, 980, 790, 390 (USFF/SFF/MT/DT) | DDR3 1333 M",A-Tech Components,Computers,24.99,126.75163856843903,101.76163856843904,101.76163856843904,407.20943804897576,15,0.7556318,A-Tech 8GB (4X 2GB) Memory RAM Kit for Dell OptiPl,82.62,0.7783718,A-Tech 4GB (4X 1GB) Memory RAM Kit for Dell OptiPl,27.93,0.77818793,Dell Optiplex 7010 SFF Desktop PC (Renewed) (I5-34,119.99,0.7670637
B08MF18PRR,"iPad Air 4 Case 2020, iPad 10.9 Case 2020 with Pencil Holder - 3-Layer High-Impact Shock Protective ",Unknown,Computers,11.99,19.7364083324748,7.7464083324747985,7.7464083324747985,64.60724213907255,15,0.84954643,"Timecity iPad Air 5th/ 4th Generation Case, iPad A",27.99,0.87007785,ProCase iPad Air 5 2022 / Air 4 2020 Case 10.9 [Su,21.99,0.8695168,Supveco iPad Air 5th/4th Generation Case 2022/2020,16.99,0.8614154
B09S82B128,HAJAAN Breeze Gaming Desktop Tower Computer PC - AMD Ryzen 5 5000 G-Series 5600G Hexa Core Processor,HAJAAN,Computers,629.99,763.3932066689915,133.40320666899152,133.40320666899152,21.175448287907987,15,0.70729625,Empowered PC Mantis V2 Gaming Desktop - AMD Radeon,649.99,0.7847777,"ASUS TUF Gaming A15 Gaming Laptop, 15.6” 144Hz Ful",853.0,0.7597401,SkyTech Chronos Mini Gaming Computer PC Desktop - ,799.99,0.74482834
B0793F9VZ1,"iPad Mini 1/Mini 2 /Mini 3 Case, Lingsor 360 Degree Rotating Stand Magnetic Smart Cover with Auto Sl",Lingsor,Computers,11.99,14.418368059361374,2.4283680593613735,2.4283680593613735,20.253278226533556,15,0.82128364,iPad Mini 1/2/3 Case - 360 Degree Rotating Stand S,7.99,0.89086086,"Case for iPad 2nd 3rd 4th Generation, Fit Model A1",13.99,0.85350776,"Thankscase Case for iPad Mini 5 7.9"" 2019 / iPad M",17.99,0.8286578
B0BN7XVN85,"Hi Space iPad Pro 12.9 Case 2022 2021 2020 2018 6th 5th 4th 3rd Gen with Pencil Holder, Frosted Colo",Hi Space,Computers,29.99,26.005795908331518,-3.984204091668481,3.984204091668481,13.285108675119977,15,0.810089,Hepix iPad Pro 12.9 Case 2022 2021 2020 2018 Sunfl,22.99,0.9473398,HOLIMET iPad Pro 12.9 Case 2022 6th/5th/4th/3rd Ge,39.9,0.8225361,FANSONG iPad Pro 12.9 Case 6th/5th Generation 2022,30.59,0.8121478
B09LMT4SJK,"TCL Tab Pro 5G Screen Protector, Tempered Glass Film [ Anti-Fingerprints ] [ Touch Sensitive ] [ Cas",8wireless,Computers,9.99,11.899065796933382,1.9090657969333815,1.9090657969333815,19.109767737070886,15,0.7427052,"Packard Bell 10.1 Tablet Screen Protector, Tempere",10.99,0.84469616,kwmobile 2X Screen Protectors Compatible with Sams,5.99,0.7643683,[3-Pack] for Samsung Galaxy Tab E Lite 7.0 / Tab 3,7.59,0.7483618
B0BZGVQPT7,"KOORUI 24 Inch FHD (1920 x 1080p) Computer Monitor, 100Hz, VA, 5ms, Ultra-Slim Bezels, 75 x 75 mm VE",KOORUI,Computers,115.59,180.70312290119833,65.11312290119832,65.11312290119832,56.33110381624563,15,0.7019152,"KOORUI 27 Inch Computer Monitor, QHD 2560P Gaming ",168.14,0.79731923,"CRUA 24"" Curved Monitor, FHD(1920×1080p) 2800R 75H",85.49,0.7173879,ViewSonic VA2715-2K-MHD 27 Inch 1440p LED Monitor ,179.99,0.71593624
B0B48WZRKC,"ASUS VivoBook S 16X Slim Laptop, 16"" WUXGA (1920 x 1200) 16:10 Display, Intel Core i7-12700H CPU, 16",ASUS,Computers,999.99,587.5752434783635,-412.4147565216365,412.4147565216365,41.24188807104436,15,0.77366185,"ASUS UX430UN-NB71 ZenBook 14"" Ultra-Slim Laptop wi",999.99,0.79810274,ASUS Vivobook 15.6 Full HD Intel Gen 10 Core i7-10,695.0,0.79227126,"[Windows 11 Pro] ASUS Vivobook 17 17.3"" HD+ Busine",468.1,0.79194075
B00NCP73AK,"2TB 2.5"" Laptop Hard Drive for Dell Latitude E6400-XFR, E6410, E6410-ATG, E6420, E6420-ATG",HardDriveGeeks,Computers,71.99,64.6717785693655,-7.318221430634495,7.318221430634495,10.16560832148145,15,0.76168466,"2TB 2.5"" Laptop Hard Drive for Toshiba Satellite P",71.99,0.85657895,"1TB 2.5"" Laptop Hard Drive for HP Compaq Replaces ",49.99,0.81767124,"320GB 2.5"" Hard Drive for HP/Compaq G Notebook PC ",27.99,0.81644034
B08DCK1HXH,"tomtoc Portfolio Case for iPad Pro 12.9-inch 2022/2021/2020, Protective Sleeve with Accessories Pock",Tomtoc,Computers,41.99,29.547926123220847,-12.442073876779155,12.442073876779155,29.631040430529065,15,0.7593046,Comfyable Tablet Sleeve Compatible for iPad Pro 11,19.99,0.8120914,"PINHEN Sleeve Compatible with iPad Pro 12.9 Case, ",17.99,0.77815735,MoKo 9-11 Inch Tablet Sleeve Bag Carrying Case wit,22.99,0.7766936
B01GJ1VWRI,Cisco RV130 VPN Router with Web Filtering,Cisco,Computers,199.99,123.89252996094042,-76.09747003905959,76.09747003905959,38.05063755140736,15,0.49752066,Juniper VPN Firewall Security Appliance (SRX100H2),479.0,0.5631232,Netgear Wireless Router MR814v2,29.99,0.5619528,HP J9974A HP R110 802.11n Wireless VPN Router with,149.0,0.53909576
B002UO0WEI,"Delta Electronics FFB1212EHE 120x120x38mm Cooling Fan, 190 CFM, 4000 RPM, 59 dBA, 17.78 air pre., 4+",Delta Electronics,Computers,19.99,17.25665043353631,-2.733349566463687,2.733349566463687,13.673584624630752,15,0.6983475,PartsCollection Super Performance Delta 80x80x38mm,23.5,0.8270018,PartsCollection Delta Ultra Strong 12CM DC12V Cool,29.99,0.8189438,Delta AFB0912HH 4-wire PWM Fan,26.99,0.81748104
B09LM9KY3G,Keyboard Stand Feet Legs for Logitech K360 MK360 Wireless Keyboard,Adoric,Computers,8.99,18.93546562384304,9.94546562384304,9.94546562384304,110.62809370236974,15,0.5407497,Keyboard Stand Tilt Leg with Rubber Feet for Logit,9.99,0.7267114,Keyboard Stand Feet Replacement Tilt Leg for Corsa,10.99,0.68968123,USB Charging Cable for Logitech MX Ergo Wireless T,8.99,0.5787144
B00P73B1E4,SAMSUNG 850 EVO 500GB 2.5-Inch SATA III Internal SSD (MZ-75E500B/EU),SAMSUNG,Computers,109.99,145.7660579824796,35.7760579824796,35.7760579824796,32.526646042803534,15,0.7842282,Samsung 850 EVO 1TB 2.5-Inch SATA III Internal SSD,130.66,0.9196626,SAMSUNG Electronics 870 EVO 2TB 2.5 Inch SATA III ,109.99,0.8769171,Samsung 850 EVO mSATA V-NAND 500GB SSD (MZ-M5E500B,249.0,0.8641571
B07HZBZ1JT,"Speck Presidio Folio Case for Apple iPad 12.9"" 122010-7684 Slate Gray",Speck,Computers,11.95,26.673855734190727,14.723855734190728,14.723855734190728,123.21218187607306,15,0.7700244,Speck Products Presidio PRO Folio Case iPad Air (2,29.54,0.86829245,Speck Products Stylefolio Case and Stand for iPad ,34.95,0.80061895,Speck Products DuraFolio Case and Stand for iPad M,49.99,0.7991997
B07X3XSP5Y,"G.SKILL USB KM360 Professional Tenkeyless Mechanical Keyboard, Cherry MX Red, ABS Dual Injection Key",G.Skill,Computers,55.99,33.97967754745831,-22.010322452541693,22.010322452541693,39.3111670879473,15,0.7215422,"Heywood 127 PBT Two-Color Injection Keyset, OEM Pr",43.99,0.7462199,ikbc W200 Wireless Mechanical Keyboard with Cherry,85.99,0.73831785,Sumgsn 172 Keys Double Shot Keycaps Cherry Profile,35.99,0.7332325
B0BFHDFTJ2,AURSINC DSTIKE Deauther Hackheld ESP8266 Development Board Arduino Handheld Hack DIY Kit | Deauther ,AURSINC,Computers,63.99,27.996237593963993,-35.99376240603601,35.99376240603601,56.24904267234883,15,0.5671112,AURSINC WiFi Deauther DSTIKE Mini V3 ESP8266 Devel,25.99,0.737761,AURSINC WiFi Deauther & Bad USB Watch V4 ESP8266 &,123.99,0.6840223,KeeYees 3pcs ESP8266 ESP-12E Development Board WiF,15.99,0.61404276
B09Z81FT89,Wathai Pcl Slot Fan 90mm 92mm Fans Brushless Cooling Fan for VGA Graphic Card Cooler,Wathai,Computers,22.99,13.989990387420535,-9.000009612579463,9.000009612579463,39.14749722740088,15,0.7313633,FD8015U12S 75MM DC 12V 0.5A 4pin Cooling Fan for A,5.88,0.77278334,3 Pcs/lot T129215SU Cooling Fan for Video Card ASU,29.98,0.77193755,"Single 85mm VGA Video Card Fan, Replacement Parts ",11.99,0.765116
B01F35W8OC,New Replacement LCD Panel for IBM-Lenovo Thinkpad E555 20DH Series LCD Screen 15.6 1366X768 Slim HD,LEPUS-TECH,Computers,48.21,63.09056317728669,14.880563177286689,14.880563177286689,30.86613394998276,15,0.79659265,New Replacement LCD Panel For ASUS X550Z LCD Scree,66.1,0.83707833,SCREENARAMA New Screen Replacement for Lenovo Thin,52.05,0.8370099,New Replacement LCD Panel For HP-Compaq HP 15-1039,66.1,0.8369028
B07M7T14F1,"Ultra Thin Keyboard Cover Compatible HP Chromebook 14-ca 14-ak, HP Chromebook 14 G2 G3 G4 14-X Serie",YYubao,Computers,6.91,9.592620604634405,2.6826206046344048,2.6826206046344048,38.82229529138068,15,0.7777445,Keyboard Cover Skins Compatible with HP Chromebook,5.98,0.9373231,"Keyboard Protector Skin Compatible HP 14"" Touchscr",6.59,0.8410242,"CaseBuy Keyboard Cover for HP Elitebook 840 G5, El",6.59,0.81023014
B07GX5YW1Q,"Vantec Link USB C Multi-Function Hub with Power Delivery, Gray (Cb-CU301MDSH)",Vantec,Computers,49.24,106.89175854404722,57.65175854404722,57.65175854404722,117.08318144607478,15,0.7315524,StarTech.com 4-Port USB-C Hub - 10Gbps - 3x USB-A ,41.46,0.75322527,"VAVA USB C Hub, 8-in-1 Adapter with 5 Gbps Etherne",29.99,0.752624,"Cable Matters USB C Hub with HDMI 4K, 80W Charging",20.99,0.75219923
B0BLYQ8NJP,"PINKCAT Multi-Device Bluetooth Keyboard, Wireless Keyboard Compatible with Laptop/PC/Notebook/MacBoo",PINKCAT,Computers,19.99,47.428666169363595,27.438666169363596,27.438666169363596,137.26196182773185,15,0.7544789,PINKCAT Colorful Computer Portable Bluetooth Keybo,27.99,0.8883383,NACODEX 84-Key Pink Wireless Bluetooth Keyboard wi,35.99,0.772509,Macally Small Bluetooth Keyboard for iPhone iPad a,39.99,0.76848173
B07DS4DH9H,"10 Pcs Cat7 Keystone Jack, Cat7 RJ45 STP Tool-Less Type Zinc Alloy Module Shielded Keystone Jack Ada",VIVOCH,Computers,51.99,20.99004892719514,-30.999951072804862,30.999951072804862,59.62675720870333,15,0.7168504,LOGICO 10 Pieces Cat6 Keystone Jacks Ivory with Du,17.15,0.79326177,"AMPCOM 10-Pack CAT5e RJ45 Tool-Less Keystone Jack,",14.9,0.77048874,LINKOMM 10-Pack RJ45 Cat5e UTP Unshielded Keystone,14.99,0.76440394
B08BX1F9F9,"Baocool Laptop Skin Sticker Decal,12"" 13"" 13.3"" 14"" 15"" 15.4"" 15.6 inch Laptop Skin Sticker Cover Ar",Baocool,Computers,10.99,11.306606556987852,0.31660655698785156,0.31660655698785156,2.880860391154245,15,0.8514319,"Laptop Skin Sticker Decal,13.3"" 14"" 15"" 15.4"" 15.6",10.99,0.9141651,"Laptop Skin Vinyl Sticker Decal, 12"" 13"" 13.3"" 14""",10.97,0.9072799,"3D Print Laptop Skin Vinyl Sticker Decal, 12"" 13"" ",8.98,0.90671647
B00GNAW40U,Logitech USB Microphone ( A-0234A ),Logitech,Computers,10.77,31.47829186049806,20.70829186049806,20.70829186049806,192.27754745123548,15,0.53198576,"Logitech M100 Wired USB Mouse, 3-Buttons, 1000 DPI",16.99,0.57866323,Andrea Communications C1-1024200-1 Model USB-MA Ex,44.95,0.5512979,Futheda 3.5mm Mini 3-Pole Stereo Omnidirectional M,7.99,0.5503857
B07JPD85NT,"Universal Case for 7.9-8.5'' Tablet, Newshine Colorful Wallet Stand Cover for 7.9'' iPad Mini 1/2/3/",NewShine,Computers,12.99,16.882791114031406,3.8927911140314055,3.8927911140314055,29.967599030264864,15,0.84322244,"Universal Case for 7.9-8.5 Inch Tablet, Newshine P",12.99,0.97760314,"Universal Case for 9-10.5'' Tablet, Newshine Color",15.99,0.9285933,"8 Inch Universal Case, GSFY Pretty Folio Stand Pro",12.99,0.8911175
B09T6X5JQN,"USB 3.0 Flash Drives, Y-Disk Photo Stick External Storage Memory Stick Compatible with Phone, iPad, ",Y-Disk,Computers,17.99,33.58739820761358,15.597398207613583,15.597398207613583,86.70037914182093,15,0.7429625,Flash Drive 256GB for Phone Photo Stick WOFICLO US,32.87,0.77530843,"Photo Stick 512GB for Phone , USB Memory Stick Ext",49.97,0.7687366,"512GB Photo Stick for iPhone, Qainerly USB Flash D",69.99,0.7634834
B08FMHGJV6,AS15B3N Laptop Battery for Acer Predator 15 G9-591 G9-591G 591R G9-592 G9-592G G9-593 17 G9-791 G9-7,RDSJ,Computers,39.99,30.544044546813865,-9.445955453186137,9.445955453186137,23.6207938314232,15,0.73667365,C41N1712 Laptop Battery for Asus ROG Zephyrus GX50,35.99,0.7998742,Fancy Buying Laptop Battery for Acer AS10D31 AS10D,22.99,0.79636115,OUWEE B41N1526 Laptop Battery Compatible with Asus,47.0,0.78736746
B07SRWFGMX,Planar 998-1330-01,Planar,Computers,164.99,172.75426350960228,7.764263509602273,7.764263509602273,4.705899454271333,15,0.7011949,"Sceptre Curved 24"" 75Hz Professional LED Monitor 1",99.97,0.72391605,LG 27UL850-W 27 Inch UHD (3840 x 2160) IPS Display,329.99,0.72126174,"Westinghouse 27"" Full HD 1080p LED IPS Home Office",119.0,0.7195748
B09KMSH26Q,"AVAWO Kids Case for 9.7"" iPad 2 3 4 (Old Model) - Light Weight Shock Proof Convertible Handle Stand ",AVAWO,Computers,15.99,16.844071119241054,0.8540711192410537,0.8540711192410537,5.341282797004713,15,0.7838857,AVAWO Kids Case for iPad 10.2 9th & 8th & 7th Gene,12.98,0.8463912,"AVAWO Kids Case for iPad Mini 6 2021 8.3 Inch, iPa",12.98,0.84272313,"EpicGadget Case for iPad 9th Generation 10.2"" 2021",8.82,0.7976277
B015OY5FC4,HP CD DVD Burner Writer ROM Player Drive 15-R Series Laptop Computer,HP,Computers,45.0,48.68327261680542,3.683272616805418,3.683272616805418,8.185050259567596,15,0.6878677,ASUS CD DVD Burner Writer ROM Player Drive K53E Co,44.3,0.75096124,HP CD DVD Burner Writer Player Drive Elitebook 846,42.0,0.7132691,HIGHDING SATA CD DVD-ROM/RAM DVD-RW Drive Writer B,35.0,0.7122568
B00W43L3KW,"j5create JUC500 Data, Keyboard, and Mouse Sharing/Transfer USB 3.0 Cable Transfer Data Between Mac a",j5create,Computers,24.99,24.21545320257117,-0.7745467974288296,0.7745467974288296,3.0994269604995184,15,0.5683155,"Jelly Tang USB 3.0 Cable A Male to B Male 3Ft,Supe",5.99,0.5998378,J5 Create USB 3.0 to HDMI DVI Adapter,146.38,0.59249043,PASOW USB 3.0 Type A Male to Type A Male 24/28AWG ,6.69,0.58533823
B08MPXH9QM,TCELL Natural Beauty 32GB 3 Pack USB 3.0 Flash Drive Decorated with Swarovski Elements Crystal for G,TCELL,Computers,23.49,30.08125175064208,6.59125175064208,6.59125175064208,28.059820138961598,15,0.6283458,WooTeck 64GB Crystal Loving Heart Jewelry USB Flas,11.99,0.7102071,TOPMORE ZJ Series USB3.0 Flash Drive decorated wit,12.26,0.6695035,LEIZHAN Metal Key USB Flash Drive 5 Pack 16GB Love,36.99,0.6365042
B07PJ7XZ7X,"NETGEAR 5-Port Gigabit Ethernet Plus Switch (GS305E) - Desktop or Wall Mount, Home Network Hub, Offi",NETGEAR,Computers,20.99,198.98706288200677,177.99706288200676,177.99706288200676,848.0088750929336,15,0.68668044,NETGEAR 8-Port Gigabit Ethernet Smart Switch (GS10,75.49,0.8230233,NETGEAR 48 Port Gigabit Ethernet Unmanaged Network,318.43,0.8088954,GS108PE-300NAS - NETGEAR GS108PE-300NAS,41.94,0.75018775
B09G6KCW25,FINPAC 11-11.6 Inch Chromebook Sleeve Case - Protective Briefcase Shoulder Bag with Accessory Pouch ,Fintie,Computers,32.99,17.93816632509957,-15.051833674900433,15.051833674900433,45.62544308851298,15,0.79809356,Dealcase 11.6 Inch Waterproof Laptop Sleeve Bag Co,12.28,0.84541214,XMBFZ 11.6 12 12.1 Inch Laptop Carrying Bag Protec,13.99,0.83965576,Ferkurn Chromebook Case 11.6 inch Laptop Case Slee,14.99,0.83033204
B09DSKZG1C,"DOMISO 13.3 Inch Shock Resistant Laptop Sleeve Protective Case Compatible with Apple 13"" MacBook Air",DOMISO,Computers,21.99,21.367610389202834,-0.622389610797164,0.622389610797164,2.8303301991685497,15,0.8372266,Laptop Sleeve Case 13-14 Inch Waterproof Portable ,17.99,0.8535453,DOMISO 10.1 inch Laptop Sleeve Case Water Resistan,8.99,0.8512232,DOMISO 17 inch Laptop Sleeve Case Briefcase Water-,22.99,0.8487934
B008PIDBUA,"SIIG Articulating Dual Monitor Desk Mount - Mounting kit ( desk clamp mount, mounting pole, 2 mounti",SIIG,Computers,121.4,79.52685546498674,-41.87314453501327,41.87314453501327,34.49188182455788,15,0.72533417,StarTech.com Desk Mount Quad Monitor Arm - Ergonom,189.62,0.8048669,Monoprice 2 Way Adjustable Tilting Desk Mount Brac,36.39,0.7644913,Monoprice Dual Monitor Desk Mount Bracket (max 18 ,50.01,0.7597999
B07QC9LJ7D,Transcend 16GB MicroSDXC/SDHC 300S Memory Card TS16GUSD300S,Transcend,Computers,10.89,42.335941018067636,31.445941018067636,31.445941018067636,288.7597889629718,15,0.78897506,Transcend 64GB SDXC/SDHC 300S Memory Card TS64GSDC,9.99,0.88429475,Transcend 32 GB MicroSDHC Class 10 UHS-I/U3 Memory,34.65,0.8585358,Extreme Performance High Speed UHS-I SDXC 128GB SD,19.99,0.8389533
B01CQBPQ68,Kingston Digital 64GB SDXC UHS-I Speed Class 3 Flash Card (SDA3/64GB),Kingston,Computers,59.4,35.2857532661518,-24.114246733848198,24.114246733848198,40.59637497280841,15,0.7876289,Kingston Digital 64GB microSDXC UHS-I Speed Class ,65.74,0.86694705,Micro Center 64GB Class 10 MicroSDXC Flash Memory ,7.99,0.81561404,Kingston Digital SDHC Class 10 UHS-I 45R/10W Flash,13.99,0.8059174
B07K7TFDW8,"Comfyable Laptop Sleeve 16 Inch Compatible with 16 Inch MacBook Pro M2 Pro/Max 2023 & M1 2021, 15-15",Comfyable,Computers,27.99,18.75556607453697,-9.23443392546303,9.23443392546303,32.99190398521983,15,0.8164524,Comfyable Slim Protective Laptop Sleeve 16 Inch Co,25.99,0.863961,Comfyable Laptop Sleeve 14 & 13 Inch Compatible wi,27.99,0.85968506,Comfyable Laptop Sleeve 14 Inch Precisely Compatib,17.99,0.8432982
B074WHWFWY,RAISING ELECTRONICS 9U Stand Open Rack Equipment Frame for Server Networking and Data Server Desktop,RAISING ELECTRONICS,Computers,56.99,93.16659473744498,36.17659473744498,36.17659473744498,63.47884670546583,15,0.7825712,Raising Electronics 12U Desktop Under The Counter ,59.99,0.94111544,Raising Electronics 6U Wall Mount Open Frame 19 In,62.99,0.9267752,RAISING ELECTRONICS 15U 4 Post Open Frame 19inch S,199.99,0.8831004
B00QE5OHWC,"PcProfessional Screen Protector for HP Envy 15 x2 15.6"" Touch Screen High Clarity Anti Scratch Filte",PcProfessional,Computers,14.99,17.013938878337644,2.0239388783376437,2.0239388783376437,13.501927140344522,15,0.82230693,PcProfessional Screen Protector for HP Envy x360 1,17.99,0.9727135,PcProfessional Screen Protector (Set of 2) High Cl,12.99,0.8562445,PcProfessional Screen Protector (Set of 2) for HP ,28.99,0.8546
B0BNJNK88J,LINKUP - AVA Universal Vertical GPU Bracket w/Ultra PCIe 4.0 X16 Gen 4 Riser Cable 90 Degree - 20cm ,LINKUP,Computers,85.96,178.27306042005517,92.31306042005518,92.31306042005518,107.3907171010414,15,0.6285137,JOYJOM PCI-e 5.0 12VHPWR 16Pin Right Angle Adapter,25.99,0.681539,PCIE Riser 1X to 16X Graphics Extension for GPU Mi,39.99,0.66439307,"EZDIY-FAB Vertical Graphics Card Holder Bracket,GP",39.99,0.64977896
B0BFCZJPB9,"2022 Newest Dell Inspiron 3000 Laptop, 15.6 HD Display, Intel Celeron Processor N4020, 16GB DDR4 RAM",Dell,Computers,529.0,643.1632234096872,114.16322340968725,114.16322340968725,21.58094960485581,15,0.88908464,"Dell 2021 Newest Inspiron 3000 Laptop, 15.6 HD Dis",779.0,0.9423571,Dell Newest Inspiron 15 3000 Business Laptop Compu,659.0,0.92783105,"Dell 2022 Newest Inspiron 3511 Primium Laptop, 15.",996.99,0.9153048
B09FJG4QCQ,"RackPath 1U 4-Post Server Rack Rail, 20.2-32 Inch Adjustable Depth - 110lbs Capacity",RackPath,Computers,37.58,118.10545396168172,80.52545396168172,80.52545396168172,214.27741873784387,15,0.6968029,RAISING ELECTRONICS 15U 4 Post Open Frame 19inch S,199.99,0.79265106,Tripp Lite Universal Heavy Duty Rack Enclosure Ser,181.97,0.7612517,HQYing 6U Wall Mount Open Frame Server Rack-19 Inc,62.99,0.75172645
B07R3QXL41,Rasalas PC2-5300 DDR2 667 DDR2 4GB Kit (2x2GB) DDR2 PC2-5300 DDR2 Sodimm PC2-5300S 1.8V CL5 RAM Memo,Rasalas,Computers,11.99,53.52134085240178,41.531340852401776,41.531340852401776,346.38315973646183,15,0.7339506,A-Tech for Apple 4GB Kit 2X 2GB PC2-5300 667MHz Ma,28.49,0.7970629,A-Tech for Apple 8GB Kit 2 x 4GB PC3-10600 Mac Min,62.49,0.7696916,"8GB 2X 4GB Memory for Apple iMac 21.5"" 3.06GHz Int",49.99,0.7686593
B0BZLCXZ8D,TP-Link EAP115 V4 | Omada N300 Ceiling Mount Wireless Access Point | PoE Powered | Easy Installation,Unknown,Computers,39.99,209.4679730255506,169.4779730255506,169.4779730255506,423.8008827845726,15,0.57401556,TP-Link Omada Hardware Controller | SDN Integrated,99.99,0.8465572,TP-Link TL-SG2428P | Jetstream 24 Port Gigabit Sma,301.96,0.821853,TP-Link EAP610-Outdoor | Omada True WiFi6 AX1800 G,129.99,0.7302424
B00E4XGT4A,Heart Shape Music Note Macbook Decal Skin Sticker Laptop,Southern Sticker Company,Computers,5.25,10.319261188568943,5.069261188568943,5.069261188568943,96.55735597274176,15,0.73116016,StickerSmith Dj Music Laptop Decal Mac Decal Mac P,8.95,0.79935527,The Decal Guru 2047-MAC-13A-W Leopard Spots Decal ,16.23,0.7489834,The Decal Guru 2047-MAC-15X-S Leopard Spots Decal ,14.37,0.7469931
B099WDLRTQ,KROSER Laptop Backpack 15.6 Inch Lightweight Computer Backpack Water-Repellent Nylon Casual Daypack ,KROSER,Computers,26.99,36.85700539960832,9.86700539960832,9.86700539960832,36.55800444463995,15,0.8482004,KROSER Laptop Backpack 15.6 Inch Stylish Backpack ,26.99,0.9270346,KROSER Laptop Backpack for 17.3 Inch Laptop Anti-T,26.99,0.9119143,"VSNOON Laptop Backpack for Women, 15.6 Inch Travel",29.99,0.8832231
B0C6K54XT9,"Tablet 10 Inch Android 11 2 in 1 Tablet with Keyboard 4GB RAM 64GB ROM 128GB Expansion, 13MP Camera,",ANTEMPER,Computers,129.99,93.4064392760104,-36.583560723989606,36.583560723989606,28.143365431179017,15,0.80306417,"SGIN 10 inch Tablet, Android 12 Tablet Quad-Core A",99.99,0.8669544,"Tablet 10.4 inch,Android 11 GO Tablet,Quad-core 1.",59.99,0.82928056,"EEW Tablet 10 Inch Android 10.0, 1280x800 HD Touch",89.98,0.8170973
B084ZYCSM2,Fractal Design fd-c-def7x-02 Black,Fractal Design,Computers,255.0,158.81435865119508,-96.18564134880492,96.18564134880492,37.71985935247252,15,0.53235644,Thermaltake Core X71 Full Tower Computer Case Temp,216.75,0.57402503,Fractal Design Node 804 - Black - Cube Compact Com,166.96,0.5475941,AMD Athlon II X2 Dual-core 240 2.8GHz Processor (B,24.95,0.54648554
B01K2JUQA2,Tripp Lite 4-Port USB 3.1 Gen 1 USB-C to USB-A Portable Hub with x4 USB-A & USB-C Charging Port 5 Gb,Tripp Lite,Computers,42.99,58.809826038225175,15.819826038225173,15.819826038225173,36.79885098447354,15,0.7005151,Tripp Lite USB 3.1 Gen 1 USB-C Docking Station w/U,125.99,0.8127142,ChenYang CY Type-C USB-C Female Source Input to Di,22.88,0.72519094,StarTech.com 4-Port USB-C Hub - 10Gbps - 3x USB-A ,41.46,0.71806085
B08NYDX99T,SKEJER [2-Pack] (6.6ft+3.3ft) USB A to C 5A Quick Max 100W USB Type C Charging Cable USB 3.0 Data Ca,SKEJER,Computers,11.99,11.287132969320478,-0.7028670306795224,0.7028670306795224,5.862110347619036,15,0.764785,"SKEJER USB C to C Charger Cable, Fast Charging and",13.99,0.9167269,"Sicodo USB Type C Cable, USB C Cable Cords 3 Pack ",10.29,0.7931677,"USB Type C Cable 3A Fast Charging 6ft, 4Pack USB A",10.99,0.77688426
B08HLH2G15,"USB Flash Drive 10Pack, Bosexy 16GB Memory Stick Pendrives with Cap Led Indicator Multicolors",Bosexy,Computers,25.99,23.724930230949266,-2.265069769050733,2.265069769050733,8.715158788190584,15,0.7252108,"USB Flash Drives 4GB, Bosexy Thumb Drives Swivel B",14.99,0.89691603,USB Flash Drive 32GB Bosexy Thumb Drive High-Speed,22.99,0.7863564,Aiibe High Speed 10 Pack 16GB Flash Drive 3.0 USB ,38.99,0.7368356
B08939N469,"MOSISO Keyboard Cover Compatible with MacBook Pro 13 inch M2 2023, 2022, 2021 2020 M1 A2338 A2289 A2",MOSISO,Computers,8.49,19.189377990632863,10.699377990632863,10.699377990632863,126.02329788731288,15,0.8442196,MOSISO Keyboard Cover Compatible with MacBook Pro ,7.99,0.91846365,MOSISO Compatible with MacBook Pro 13 inch Case M2,29.99,0.8530087,MOSISO Compatible with MacBook Pro 16 inch Case 20,16.99,0.84691846
B01N97TZS9,6 PCS TrackPoint Keyboard Mouse Red Cap Soft Dome Laptop Pointer for IBM Lenovo ThinkPad,JNSupplier,Computers,6.99,80.10716277922162,73.11716277922163,73.11716277922163,1046.0252185868617,15,0.6118897,2X SCROY Trackpoint Caps for Lenovo ThinkPad Repla,6.99,0.7319466,[2Pcs] Keyboard Cover Skin for Lenovo Thinkpad X1 ,15.99,0.6583574,"Keyboard Cover for Thinkpad X13 L13, Thinkpad X380",7.99,0.6539272
B08CSBZY8W,Stickers Pack 20 Pcs Sea Aesthetic Otter Colorful Vinyl Waterproof Laptop Bumper Car Bike Water Bott,Generic,Computers,9.95,8.273752228483243,-1.6762477715167563,1.6762477715167563,16.84671127152519,15,0.8740498,20 PCS Stickers Pack Death Aesthetic Stranding Vin,9.95,0.93026507,20 PCS Stickers Pack Marley Aesthetic Vinyl Colorf,9.95,0.9273076,20 PCS Stickers Pack Super Aesthetic Smash Vinyl B,9.95,0.9267636
B0197W86IE,Intel 8260 IEEE 802.11ac - Wi-Fi Adapter,Intel,Computers,24.15,73.87316282514254,49.723162825142545,49.723162825142545,205.8930137687062,15,0.6374175,Intel Dual Band Wireless-Ac 8265 w/Bluetooth 8265.,20.0,0.6775773,ASUS USB-AC51 AC600 Dual-Band Wifi Wireless Adapte,39.99,0.67744327,ASUS USB-AC51 AC600 Dual-Band Wifi Wireless Adapte,39.99,0.67744327
B008MIMPJQ,Syba SY-PEX20135 4 Port USB 3.0 PCIe 2.0 x1 Etron Chipset Green,Syba,Computers,44.32,33.11505168112468,-11.204948318875317,11.204948318875317,25.281923102155503,15,0.7126814,StarTech.com 4 Port PCI Express USB 3.0 Card - 2 E,36.68,0.79415345,StarTech.com 2 Port USB 3.1 (10Gbps) Card - USB-A ,43.88,0.75487506,VisionTek Products Four Port USB 3.0 x1 PCIe Inter,25.12,0.73848957
B00FSX45QE,CMS 48GB (3X16GB) DDR3 10600 1333MHZ ECC Registered DIMM Memory Ram Upgrade Compatible with Dell® Po,Computer Memory Solutions,Computers,71.0,21.108057090463927,-49.89194290953607,49.89194290953607,70.27034212610714,15,0.84077483,CMS 2GB (1X2GB) DDR3 10600 1333MHZ Non ECC DIMM Me,14.25,0.8695107,CMS 4GB (1X4GB) DDR3 10600 1333MHZ Non ECC SODIMM ,18.0,0.8682574,CMS 2GB (1X2GB) DDR3 8500 1066MHZ Non ECC SODIMM M,10.0,0.8481299
B09T5QZXL2,"NICEYRIG Aluminum Tripod Mount for iPad Mini 7.9/Air 10.5 10.9/Pro 11 12.9, Galaxy Tab S8/S7/S6 Vlog",NICEYRIG,Computers,33.39,29.740687522513706,-3.649312477486294,3.649312477486294,10.929357524666948,15,0.70106447,"SAMHOUSING Ipad Tripod Stand, with 65 inch Height ",17.99,0.76536834,Gooseneck Tablet Mount Holder for Bed - Lamicall F,25.99,0.7506044,"elitehood Tablet Floor Tripod Stand, Stronger Goos",37.99,0.725779
B08PDT2FGW,60W 10 Port USB 3.0 Hub Includes 3 Smart Charging Ports with Individual Power Switches and LEDs and ,SABRENT,Computers,49.49,25.21423626239087,-24.275763737609132,24.275763737609132,49.05185641060645,15,0.7455353,SmartDelux 13-Port Powered USB Hub = 10 USB 3.0 Da,64.99,0.8049241,"USB 3.0 Extension Cable 25Ft,USB 3.0 High Speed Ex",18.59,0.7835118,AAOTOKK 90 Degree USB to USB 3.0 Adapter Cable Lef,6.99,0.76351535
B08MZY3K87,Type-C USB Data/Charger Cable for Lenovo Smart Tab M10 HD (2nd Gen) Tablet,Unknown,Computers,8.99,9.702520677236803,0.7125206772368031,0.7125206772368031,7.9257027501312916,15,0.6542157,"PWR+ Charger for Lenovo Tab M10 Plus, Samsung Gala",12.99,0.6960602,Type-C USB Data/Charger Cable for Xiaomi Mi 11 Lit,8.99,0.67590386,"Type C Cable (2 Pack). USB-A to USB-C Date Cable,3",13.99,0.667985
B08BBWZTBC,"Fire HD 8 Case (2016/2017/2018 Release - 6th/7th/8th Generation), UGOcase Premium PU Leather Kicksta",UGOcase,Computers,20.99,21.73196257292414,0.741962572924141,0.741962572924141,3.534838365527113,15,0.8424726,Case for Kindle Fire HD 10 Tablet (5th/7th/9th Gen,21.99,0.8759363,UUcovers for Amazon 8 inch Kindle Fire HD 8 (2018/,20.99,0.8726237,"UUcovers Fire HD 8 Case, Slim Folding Stand Auto W",28.99,0.86345935
B07M76M1CF,Premium Anti Blue Light and Anti Glare Screen Protector (3 Pack) for 20 Inches Desktop Monitor. Scre,EZ-Pro Screen Protector,Computers,24.99,31.998186508397804,7.008186508397806,7.008186508397806,28.04396361903884,15,0.749878,Anti Blue Light Screen Protector (3 Pack) for 14 I,17.99,0.9215092,Anti Blue Light Screen Filter for 19 Inches Widesc,38.99,0.866771,Anti Blue Light Screen Protector for 48 Inches TV.,65.99,0.8443599
B07Y3FCP8Y,88mm PLA09215B12H 4Pin Fan Replace for EVGA GTX 960 970 980 Ti GTX960 GTX970 GTX980 GTX980Ti VGA Coo,CCTVA,Computers,13.96,36.189486536537544,22.229486536537543,22.229486536537543,159.23700957405117,15,0.7203131,PLD08010S12H 12V 0.25A 75mm 3 Pin Replacement Vide,5.99,0.7848401,FD8015U12S 75MM DC 12V 0.5A 4pin Cooling Fan for A,5.88,0.7803632,Tebuyus Replacement Video Card Cooling Fan For R9 ,15.99,0.7776933
B08GK57W4F,"Yauhody CAT 8 Ethernet Cable, 3ft High Speed 40Gbps 2000MHz Flat CAT8 Patch Cord, Morandi Color, Gig",Yauhody,Computers,7.29,14.845061302368652,7.555061302368652,7.555061302368652,103.63595750848631,15,0.7877657,"Yauhody CAT8 Ethernet Cable 6ft 3 Pack, Flat CAT 8",13.99,0.8414245,"Yauhody CAT 8 Ethernet Cable 20ft, Flat Nylon Brai",17.99,0.8147725,Cat8 Ethernet Cable 50ft Black - High Speed Flat I,22.99,0.8034749
B00SNN4P8O,"Odyson - I/O Board Flex Cable Replacement for MacBook Air 11"" A1465 (Mid 2013, Early 2014, Early 201",Odyson,Computers,35.0,25.292577141993608,-9.707422858006392,9.707422858006392,27.735493880018264,15,0.6616595,"Odyson - Trackpad Replacement for MacBook Air 11"" ",105.0,0.7401546,Odyson - Optical Drive SATA Flex Cable Replacement,5.21,0.7330661,Deal4Go SATA Hard Drive Cable HDD Connector 821-08,15.6,0.69117254
B07885RB8X,"Generic LCD Display Replacement FITS - HP 15-1222WM Touch Screen + Digitizer 15.6"" HD WXGA LCD LED E",Unknown,Computers,67.66,72.19537237281735,4.535372372817349,4.535372372817349,6.703181159942876,15,0.87163347,Generic LCD Display Replacement FITS - HP Laptop 1,67.66,0.98218566,New Generic LCD Display FITS - HP 15-DA0033WM 15.6,78.1,0.9599464,New Generic LCD Display FITS - HP 15-DA0014DX 15.6,78.1,0.9568956
B019EOE26K,C4Labs Zebra Case Kit for The Arduino Uno (not Included) - Wood,C4Labs,Computers,16.99,21.113023441421117,4.123023441421118,4.123023441421118,24.26735398128969,15,0.5122151,Clear Acrylic Protective Case with Port Access for,5.99,0.67769146,AOKILOM Case Compatible with MacBook Air 13 inch w,18.99,0.52537364,DIN Rail Mount for Arduino UNO/Mega (3-Pack),28.99,0.51388174
B08J7W8JPR,"BBPAW Kids Tablet, Learning Games 7 inch 16GB WiFi Android GMS Tablet with Educational Games, with P",B.B.PAW,Computers,33.99,55.752655639575586,21.762655639575584,21.762655639575584,64.02664206994876,15,0.7000884,Kids Tablet 7 inch Tablet for Kids Wifi Kids Table,49.98,0.7546475,Kids Tablet 7 inch Tablet for Kids 2-15 Android 11,49.99,0.7496562,"URAO 8 inch Kids Tablet, Android 10 Learning Table",68.66,0.7153509
B07P9V8GSH,SanDisk Ultra 32GB UHS-I/Class 10 Micro SDHC Memory Card With Adapter - SDSDQUAN-032G-G4A,SanDisk,Computers,8.29,36.42695906522195,28.13695906522195,28.13695906522195,339.4084326323517,15,0.8009506,SanDisk 32GB Ultra SDHC UHS-I Memory Card (10-Pack,69.99,0.8458194,SanDisk Ultra SDSQUNS-016G-GN3MN 16GB 80MB/s UHS-I,7.36,0.83354104,SanDisk Ultra 16GB Class 10 SDHC UHS-I Memory Card,7.9,0.8241864
B01B7N6JXK,Aluratek 4-Port USB 3.1 Type-C Hub - AUHC0304F,Aluratek,Computers,19.99,25.726496035710152,5.736496035710154,5.736496035710154,28.696828592847197,15,0.6993937,StarTech.com 4-Port USB-C Hub - 10Gbps - 3x USB-A ,41.46,0.7677179,"BYEASY USB Hub, USB 3.1 C to USB 3.0 Hub with 4 Po",14.99,0.73698413,SSE Type-C USB 3.0 3 in 1 Aluminum Combo Hub for M,11.95,0.7194629
B09SHBZGN8,65W 4.5mm Tip Replacement AC Adapter for Dell OptiPlex 9020 9010 3020 3040 3050 3060 3070 5050 5060 ,LNOCCIY,Computers,12.99,29.280247826183725,16.290247826183723,16.290247826183723,125.40606486669532,15,0.73345685,65W 45W AC Adapter Charger for Dell OptiPlex 9010 ,14.47,0.8605277,New Dell Laptop Charger 65W(Watt) AC Power Adapter,33.99,0.7669292,Dell 65 Watt AC Adapter for Dell,19.9,0.7550877
B09BTTC9HD,"Fintie Case for Lenovo 8"" Tab M8 Gen 3 2022(TB-8506F/X)/Smart Tab M8 Gen 3 2022(TB-8506FS/XS)/Tab M8",Fintie,Computers,14.99,15.692580933372879,0.7025809333728787,0.7025809333728787,4.686997554188651,15,0.74539167,"HminSen Case for Lenovo Tab M8 3rd Gen TB-8506F,So",12.99,0.868791,"Timecity Lenovo M8 Tablet Case, Lenovo TB-8505f Ca",22.99,0.81747276,DETUOSI Rotating Case for Lenovo M10 FHD Plus 10.3,14.99,0.7912281
B0BF4SC46T,"JORREP Xbox Controller Wireless for Xbox one, Xbox One S/X, Xbox Series X/S Consoles, PC Windows, Xb",Unknown,Computers,42.99,60.46390982165645,17.47390982165645,17.47390982165645,40.64645224856117,15,0.54389405,"Wireless Controller for Xbox 360,kosiwun Dual Shoc",28.99,0.73437774,Custom Elite Series 2 Controller Compatible With X,249.95,0.5917093,Soft Touch Purple Galaxy UN-MODDED Controller Comp,109.94,0.5701201
B07TYMF5QC,"Lenovo Legion Y545 15.6"" Gaming Laptop, i7-9750H, 16GB RAM, 1TB HDD + 512GB SSD, NVIDIA GeForce GTX ",Lenovo,Computers,999.97,736.4539169596618,-263.51608304033823,263.51608304033823,26.352398876000105,15,0.74424183,"Lenovo Legion 5 Gaming Laptop, 17.3” FHD (1920 x 1",839.0,0.88016117,"Lenovo IdeaPad 3 Gaming Laptop, NVIDIA GeForce RTX",859.99,0.7528753,"2020 Lenovo IdeaPad 15.6"" FHD LED Laptop Computer,",569.0,0.74388385
B00BJFXTDU,"WD Enterprise Hard Drive 3.5"" 500G SATA 64M Cache 7200 WD5003ABYX",Unknown,Computers,52.0,83.61288538662025,31.61288538662025,31.61288538662025,60.794010358885096,15,0.7662908,WD Black 500GB - 7200 RPM SATA 6 Gb/s 32MB Cache 7,21.99,0.8426963,Dell Western Digital 320GB 7.2K RPM 3Gbp/s SATA 3.,37.0,0.7884304,Hitachi HDD 0F12456 3TB SATA 6Gb/s Desktop Storage,79.99,0.7816337
B086YFXB24,Tinkon New OA04 746641-001 Laptop Battery Replace for HP 15 Notebook 15-r011dx 15-d035dx 15-r052nr S,Tinkon,Computers,19.99,29.535850581352513,9.545850581352514,9.545850581352514,47.753129471498326,15,0.78662026,aowe LA04 728460-001 HSTNN-UB5M Replacement Laptop,20.99,0.83597004,AN·GWEL New HT03XL Laptop Battery Compatible with ,25.89,0.82317543,Tesurty Replacement 14.8V Battery for HP 15-G163nr,23.98,0.81001514
B00P7Z7SXU,Logitech K120 USB Wired Standard Keyboard,Logitech,Computers,15.97,21.722573414288203,5.752573414288202,5.752573414288202,36.021123445762065,15,0.66459924,Logitech Wireless Touch Keyboard K400 with Built-I,21.95,0.7672838,Keyboard Cover Compatible with Logitech K120 & Log,6.15,0.76697266,Logitech PS/2 Classic Keyboard K100 (Not USB),39.99,0.73158276
B07WGYTN8H,"MOSISO Laptop Sleeve Bag Compatible with MacBook Air/Pro, 13-13.3 inch Notebook, Compatible with Mac",MOSISO,Computers,21.99,20.043482618918937,-1.9465173810810619,1.9465173810810619,8.851829836657855,15,0.8305686,Voova 13 13.3 14 Inch Laptop Sleeve Case Compatibl,16.99,0.85559595,MOSISO Laptop Sleeve Compatible with MacBook Air/P,16.99,0.85337484,HYZUO 13.3-14 Inch Laptop Sleeve Case with Stand F,25.0,0.83940816
B09Y8ZFR9V,4PCS ESP32-CAM Camera Module ESP32 CAM WiFi Bluetooth Development Board ESP32 Wireless OV2640 Camera,DORHEA,Computers,24.99,35.791658382246425,10.801658382246426,10.801658382246426,43.223923098225,15,0.607372,AITRIP 2 Pieces ESP32-CAM WiFi Board ESP32-CAM-MB ,16.99,0.84006906,Aideepen ESP32-CAM W-BT Board ESP32-CAM-MB Micro U,12.99,0.807109,Bestol Tech 1pc ESP32-CAM Module ESP32 Serial to E,8.49,0.76461804
B0B5YN4B5J,"Lenovo IdeaPad 3i 15.6"" FHD Laptop, Core i3-1115G4 up to 4.10 GHz, 8GB DDR4 RAM, 512GB PCIe SSD, HDM",Lenovo,Computers,399.0,478.4960887364888,79.49608873648879,79.49608873648879,19.923831763531023,15,0.8638757,"2022 Newest Lenovo IdeaPad 3i 15.6"" FHD Laptop, 11",399.99,0.8891961,"Lenovo Ideapad 3i 14.0"" FHD Laptop, Intel Core i5-",474.0,0.88713014,"Lenovo IdeaPad 3 15.6"" HD Touchscreen Slim and Lig",349.0,0.886214
B0BKSMXKTS,"Lenovo Latest IdeaPad 5 15.6"" FHD Touchscreen Laptop, AMD Ryzen 7 5825U, 16GB RAM 1TB PCIe SSD, Wi-F",Lenovo,Computers,839.0,613.5475436768712,-225.45245632312879,225.45245632312879,26.87156809572453,15,0.84235233,"Lenovo Latest ThinkPad E15 Gen3 15.6"" FHD IPS Busi",865.0,0.88354725,"Lenovo Flex 5 14 2-in-1 14"" FHD Touchscreen Laptop",629.99,0.85209966,"Lenovo IdeaPad 3i Laptop, 15.6"" HD Touchscreen Dis",475.99,0.85126275
B07611XQR9,4GB Memory for SYNOLOGY DS218+ DDR3L SO-DIMM RAM Module (PARTS-QUICK Brand),Parts-quick,Computers,24.97,45.67012559211356,20.700125592113558,20.700125592113558,82.89998234727096,15,0.7295126,2GB Memory for Synology DiskStation DS1511+ DDR2 R,24.99,0.88568765,Arch Memory AM-D4ECSO-2666-16G 16GB 260-Pin DDR4 2,116.95,0.77962065,CMS 4GB (1X4GB) DDR3 12800 1600MHz Non ECC SODIMM ,16.0,0.73985654
B07W8TPHCV,Unitek USB 3.0 to SATA I/II/III Dual Bay External Hard Drive Docking Station for 2.5 / 3.5-inch HDD ,Unitek,Computers,38.99,30.702015610875762,-8.28798438912424,8.28798438912424,21.256692457358913,15,0.7149952,SSK Aluminum USB3.0 to SATA 2.5” External Hard Dri,9.99,0.80673575,X-MEDIA 2.5-Inch Tool-Free USB 3.0 SATA Aluminum H,9.99,0.7730056,"FIDECO USB 3.0 to SATA Hard Drive Docking Station,",33.99,0.7674972
B08XP796Y2,"HP 2021 Premium Laptop Computer, 15.6"" HD Display,Intel Pentium Dual-core Gold 6405U 2.4 GHz, 8GB DD",HP,Computers,369.0,586.8564213985718,217.8564213985718,217.8564213985718,59.03968059581891,15,0.8240225,"HP 2021 17 Premium Laptop I 17.3"" FHD IPS 72% NTSC",719.0,0.866175,"HP 2022 Newest Pavilion 15.6"" HD Laptop, Intel Qua",469.0,0.856049,"2021 HP 15.6 Inch Full HD 1080P Business Laptop, 1",549.99,0.852425
B0916VSRFG,"HP X360 Chromebook,14inch 2-in-1 Convertible Touchscreen, Intel Celeron N4020 Processor Up to 2.80GH",HP,Computers,192.0,200.53095284696434,8.53095284696434,8.53095284696434,4.443204607793927,15,0.7476477,"HP Chromebook - 14-ca030nr - 14in Screen, Celeron ",289.0,0.7864765,"HP Chromebook 11 Touchscreen, 4GB RAM, 16GB eMMC w",199.99,0.78396183,"Acer 2022 15inch HD IPS Chromebook, Intel Dual-Cor",161.0,0.77339005
B00QX45GH4,"Samsung Galaxy Tab 4 7.0,7-Inch Case,Tab 4 7.0 Case,Samsung Tablet Case 7 inch,Ultra Slim Folding PU",Ikasus,Computers,9.99,14.577447632731323,4.5874476327313225,4.5874476327313225,45.92039672403726,15,0.81174344,"NSSTAR Samsung Galaxy Tab 4 7.0,7-Inch Case,Tab 4 ",14.99,0.9965288,UUcovers Case for Samsung Galaxy Tab 4 7.0 & Nook ,11.99,0.85109746,Case for Samsung Galaxy Tab A 8.0 inch 2019 (SM-T2,11.99,0.81906664
B0BV7HMXMB,"UCTRONICS 5 Inch Touch Screen for Raspberry Pi 4, 800×480 Portable Capacitive HDMI LCD Touchscreen D",UCTRONICS,Computers,52.99,164.28997934522988,111.29997934522987,111.29997934522987,210.03959114027148,15,0.59559715,"APROTII Raspberry Pi Screen, 7 inch 1024x600 IPS P",79.99,0.72140324,5 inch HDMI Touch LCD Display (B) with Bicolor Cas,53.99,0.63319993,Ingcool 7 inch HDMI LCD 1024x600 Resolution Capaci,61.6,0.62243474
B01BBFDVFI,Skinit Decal Laptop Skin Compatible with Inspiron 15 3000 Series - Officially Licensed Originally De,Unknown,Computers,24.99,21.9681299985313,-3.0218700014686988,3.0218700014686988,12.092316932647854,15,0.61253816,Meffort Inc 15 15.6 Inch Laptop Notebook Skin Stic,12.95,0.6340366,Meffort Inc 15 15.6 Inch Laptop Notebook Skin Stic,12.95,0.63258743,Skinit Decal Laptop Skin Compatible with Latitude ,24.99,0.63077265
B0C6R16VC4,"ASUS 2022 Zenbook 14"" FHD Ultra-Light&Thin Laptop, AMD 4th Gen Ryzen 5-4500U, 8GB RAM, 256GB PCIe SS",ASUS,Computers,569.0,673.6498640549654,104.6498640549654,104.6498640549654,18.391891749554553,15,0.8355456,"ASUS 2023 Newest Zenbook 2-in-1 Laptop, 15.6 Inch ",669.0,0.87704694,"HP 2022 Pavilion 15.6"" FHD Gaming Laptop, AMD Ryze",949.0,0.87675416,"Lenovo IdeaPad 3 15.6"" FHD Premium Laptop | AMD Ry",679.99,0.85678065
B01ATNJTLI,"HP Core 2 Duo 3.0GHz Processor, New 4GB Memory, 500GB SATA Hard Drive, DVD-ROM, Windows 10, 19in Mon",HP,Computers,189.87,334.2211681861118,144.3511681861118,144.3511681861118,76.02631705172581,15,0.7351409,HP EliteDesk 800 G3 Mini Business Desktop PC Intel,306.11,0.7547359,HP Elite 8200 SFF Desktop PC - Intel Core i5-2400 ,118.97,0.74990475,HP Elite Business Desktop (Intel Quad-Core i5 up t,303.55,0.7487781
B087BVQTZS,"Keyboard Case for iPad Pro 11 2020/2018, IVEOPPE Backlit Detachable Bluetooth Keyboard Magnetic Foli",IVEOPPE,Computers,31.99,32.02093588459863,0.03093588459863028,0.03093588459863028,0.09670485963935693,15,0.7711503,"GUDOU iPad Pro 11inch Keyboard Case 2021/2020,Fram",25.86,0.80095685,Case with Backlit Keyboard for ipad Pro 12.9 5th 2,29.99,0.8006583,"iPad Keyboard Case Pro 2022 11-inch(4th Gen),Air 5",38.99,0.7928273
B06XYSPVM7,SanDisk Extreme 128GB microSDXC UHS-I U3 V30 A1 Memory Card - SDSQXAF-128G-GN6AA,SanDisk,Computers,28.3,27.426667500820052,-0.8733324991799485,0.8733324991799485,3.085980562473316,15,0.7647777,Sandisk Ultra micro SDHC Micro SD UHS-1 TF Memory ,15.4,0.81477356,SanDisk Ultra SDSQUNS-016G-GN3MN 16GB 80MB/s UHS-I,7.36,0.81195855,2 Pack - SanDisk Ultra 128GB Micro SD SDXC Memory ,29.47,0.7986622
B07KMDHCCF,"Tablet Holder Stand, Stouch 360° Rotatable Aluminum Desktop Holder Mount Compatible for 7-13 inch Ga",Stouchi,Computers,32.99,26.457108534548453,-6.532891465451549,6.532891465451549,19.80264160488496,15,0.8053688,"iPad Stand for Desk,Tablet Stand Holder,Adjustable",12.99,0.8455427,"OMOTON Adjustable Tablet Stand for Desk, Upgraded ",16.99,0.8362169,"Tablet Stand for Desk Adjustable, Foldable Desk St",14.99,0.8319382
B01N034WUD,GinTai Laptop US Keyboard Replacement for Toshiba Satellite C55-C5232 C55-C C55-C5380 C55-C5268 C55-,GinTai,Computers,14.99,27.43442095397089,12.444420953970889,12.444420953970889,83.01815179433548,15,0.70846915,wangpeng® New US Laptop Keyboard for Toshiba Satel,24.98,0.8042764,New US Laptop Keyboard for Toshiba Satellite C55-A,19.99,0.79724807,New US Black English Laptop Keyboard Replacement f,20.89,0.78368086
B07JZYL38K,XINCA Cat6 Ethernet Cable 15ft White with 5 pcs Cable Clips Gigabit Flat Network LAN Cable Snagless ,XINCA,Computers,7.99,15.000602547933635,7.010602547933635,7.010602547933635,87.74220961118442,15,0.84748375,"Cat 7 Flat Ethernet Cable 75ft Black, High Speed 1",20.88,0.89210653,"BUSOHE Cat6 Ethernet Cable 75 FT White, Cat-6 Flat",16.99,0.875556,Cable Matters 10Gbps 5-Pack Snagless Short Cat6 Ul,12.49,0.85721064
B01N07HYU9,"HP 8300 Elite Desktop Gaming Computer Intel Quad Core i5 up 3.6 GHz, 8GB DDR3,NEW 240GB SSD, Windows",HP,Computers,246.35,318.99054826305706,72.64054826305707,72.64054826305707,29.486725497486127,15,0.7956699,HP ELITEDESK 800 G1 USFF Ultra-Slim High Performan,337.5,0.83189875,HP EliteDesk 800 G4 SFF 8GB 500GB Intel Core i5-85,250.0,0.8153719,"HP 600 G2 Tower Workstation Gaming Computer, Intel",234.45,0.8133521
B0055E8VZ2,Gomadic Advanced Rapid Wall AC Charger Compatible with Jabra Freeway - Amazingly Powerful Home Charg,Gomadic,Computers,21.71,26.501104792474198,4.791104792474197,4.791104792474197,22.068654041797313,15,0.5022516,Krisdonia Portable Laptop Charger (TSA-Approved) 9,89.99,0.5505791,"JAVEX USB C 10Gpbs [1FT, 3-Pack] Type-C to A Cable",12.88,0.53887224,[MFi Certified] Dual Port USB Wall Charger Power A,9.99,0.52222586
B0BN39BMQG,"2022 Flagship HP X360 Chromebook Spin 2-in-1 Convertible Laptop, 14"" HD TouchScreen, Dual Core Intel",HP,Computers,295.0,353.2880272577589,58.28802725775893,58.28802725775893,19.75865330771489,15,0.8137813,"HP 2022 Newest Chromebook Laptop Student Business,",209.0,0.8530299,"2021 Newest HP Stream 14-inch HD Laptop, White, In",349.0,0.8470347,"2020 HP 14"" Premium FHD IPS Anti-Glare WLED-Backli",309.0,0.84369355
B07Z6RWSFL,"The Perfect Dust Cover, Black Nylon Cover for HP Envy Photo 7155 All-in-One Printer, Anti Static and",The Perfect Dust Cover LLC,Computers,22.99,24.261009383826156,1.2710093838261578,1.2710093838261578,5.528531465098555,15,0.8475323,"The Perfect Dust Cover, Black Nylon Cover for HP E",21.99,0.9725747,"The Perfect Dust Cover, White Nylon Cover Compatib",21.99,0.9217094,"The Perfect Dust Cover, Black Vinyl Cover for HP O",22.99,0.89994717
B08XZ6KF78,"Arisase [3 Pack] Clear Screen Protector for 13.3"" Samsung Galaxy Book Pro 360 / Book Ion/Book S/Note",Arisase,Computers,6.99,16.77566208346036,9.78566208346036,9.78566208346036,139.9951657147405,15,0.7118688,"ZOEGAA 11.6"" Laptop Screen Protector, Anti Blue Li",14.99,0.7471031,【2 Pack】12.5 Inch Laptop Screen Protector for HP/D,14.59,0.7406614,"2 Pack 11.6"" Chromebook Anti Glare Screen Protecto",13.99,0.74009454
B09BP1T3TB,"[5-Yrs Free Data Recovery] Gigastone 64GB Micro SD Card, 4K Game Pro, MicroSDXC Memory Card for Nint",Gigastone,Computers,14.99,51.878283343624105,36.8882833436241,36.8882833436241,246.08594625499737,15,0.76308376,[5-Yrs Free Data Recovery] Gigastone 256GB Micro S,44.99,0.8919622,"[Gigastone] 16GB 5-Pack Micro SD Card, FHD Video, ",29.98,0.8058207,Amplim 1TB Micro SD Card | MicroSD Memory Plus Ada,229.98,0.79253256
B07YMWTCLL,"Uliking Smart Case for Apple iPad 10.2 inch 2019, iPad 7th Gen Cover, Ultra Thin Multi-angle Stand P",Uliking,Computers,16.99,16.783427542540146,-0.20657245745985264,0.20657245745985264,1.2158473070032527,15,0.8518267,"iPad 6th/5th Generation (iPad 9.7"" 2018 2017) /iPa",19.99,0.8702075,kenke Case for iPad 9th/8th/7th Generation 10.2 in,12.99,0.868796,"UGOcase iPad 10.2 Case 2020(8th Generation),iPad 7",14.99,0.8621466
B07XL5JH68,"SURITCH Case for iPad Air 3 2019(3rd Gen)/iPad Pro 10.5 2017,[Built-in Screen Protector][Pencil Hold",SURITCH,Computers,24.19,16.341564737762255,-7.8484352622377465,7.8484352622377465,32.44495767770875,15,0.8448923,"SURITCH Case for iPad Mini 4/iPad Mini 5,【Built in",23.99,0.8925994,"Soke iPad Air 3 Case 2019 with Pencil Holder, Prem",22.99,0.8695334,Supveco iPad Air 5th/4th Generation Case 2022/2020,16.99,0.858878
B00CIHZWZG,Lenovo IBM 45W Replacement AC Adapter for IdeaPad (Yoga 11),Lenovo,Computers,19.51,26.54629264707638,7.03629264707638,7.03629264707638,36.06505713519415,15,0.7661059,45W USB-C Charger Power Supply Adapter for Lenovo ,26.99,0.83811116,"Lenovo 45 W USB-C AC Adapter, Black, for Thinkpad ",48.29,0.82671374,CYD 40W 20V 2A Laptop Charger Universal Compatible,18.89,0.8048469
B0989D6P81,PrimoChill Vue Pre-Mix (32oz) -Computer WaterCooling Fluid - UV NV Green,Unknown,Computers,39.95,27.631021847921108,-12.318978152078895,12.318978152078895,30.835990368157436,15,0.43557233,PrimoChill Ice - Low-Conductive Computer Watercool,29.99,0.6426747,Vsco Cute Food Stickers for Water Bottles 100 Pcs ,5.99,0.46342176,"Vsco Water Bottle Laptop Stickers,Big 50-Pack Cute",6.99,0.46163934
B0C4895CD4,"19.5V 2.31A 45W AC Adapter for Dell Inspiron P20T P25T P24T 5567,0CDF57 0KXTTW LA45NM140 LA45NM131 H",AYKLCZUU,Computers,14.99,26.148875395955365,11.158875395955365,11.158875395955365,74.44213072685366,15,0.8197854,65W 45W UL Listed Charger for Dell-Inspiron 15-300,23.49,0.8665847,65W Type-C Charger Laptop Power Cord for Dell XPS ,21.99,0.8450419,Pwr Laptop Charger for Dell Inspiron 15-5000 15-70,23.99,0.83905095
B0C3RCQDM9,"Lenovo Newest Ideapad 15.6"" Laptop, 15.6 inch HD IPS Display Laptop, AMD Dual-core Processor, 4GB RA",Lenovo,Computers,299.0,522.5705919623225,223.5705919623225,223.5705919623225,74.77277323154598,15,0.81617004,"Lenovo 2022 IdeaPad 3 15.6"" Full HD 1080P Touchscr",799.99,0.8764162,"Lenovo Ideapad 1i Laptop, 14"" HD Screen, Intel Pen",205.0,0.83832717,"Lenovo IdeaPad 3 Laptop, 15.6"" FHD Touchscreen, In",565.9,0.8311296
B08L96KPZV,"USB 2.0 B Cable USB Cord Compatible for M-Audio Keystation Mini 32 49 61 MK3,Oxygen 25 49 61 IV,CTRL",WEARE,Computers,7.59,11.775302342390663,4.1853023423906635,4.1853023423906635,55.14232335165564,15,0.56831783,"CableCreation USB to Micro USB Cable 4 FT, Braided",8.99,0.6060255,Oyaide Neo d+ Series Class B USB Cable 2M,45.0,0.59625316,EPOMAKER Mix 1.8m Coiled Type-C to USB A TPU Mecha,19.99,0.5879222
B096G5FC5W,"KAKUSIGA Compatible with ipad Air 1st (5th Generation) Touch Screen Glass Digitizer Replacement, Hom",Kakusiga,Computers,17.99,30.365138459039226,12.375138459039228,12.375138459039228,68.78898531984007,15,0.707453,KAKUSIGA Compatible with iPad Mini 3 (3rd Generati,11.99,0.8958915,Zentop for Black IPad Air 1st Generation Touch Scr,22.99,0.76716566,Fixcracked Touch Screen Replacement Parts Digitize,12.59,0.7620649
B08667QFMX,"Origaudio Finley Mill Backpack - 17"" Laptop Pocket - Great for Business, Travel, and Students (Green",Origaudio,Computers,69.99,53.83073161511747,-16.159268384882523,16.159268384882523,23.087967402318224,15,0.71198344,Canvas Leather Backpack Vintage Backpack Rucksack ,29.99,0.7483953,Vintage Canvas Satchel Messenger Bag for Men Women,25.98,0.727986,"VSNOON Laptop Backpack Women, 15.6 Inch laptop bag",29.99,0.72694314
B07WP8WC3V,Argon ONE V2 Aluminum Case for Raspberry Pi 4 | with Power Button and Fan,Argon Forty,Computers,25.0,50.49201236997519,25.492012369975193,25.492012369975193,101.96804947990077,15,0.56238633,"Akasa Pi-4 Pro, Pure Aluminum Raspberry Pi 4 Armor",27.99,0.64019173,Miuzei Raspberry Pi 4 B+ Case with Fan Cooling Pi ,15.99,0.60826564,ElectroCookie Multi-Functional Case for Raspberry ,13.99,0.60398626
B00E0TL0PQ,"New 8GB 2X4GB Memory SODIMM DDR3 1066 Apple iMac Core 2 Duo 2.66 24"" Early 2009",SAMSUNG,Computers,40.0,46.56539453793492,6.565394537934921,6.565394537934921,16.413486344837303,15,0.8147429,"New 8GB 2x4GB Memory Apple iMac (21.5 and 27-inch,",40.0,0.96383595,New 8GB (2x4GB) DDR3-1333 PC3-10600 SODIMM Memory ,38.75,0.90053004,4GB 2x2GB Dell OptiPlex 330 Desktop RAM Memory DDR,32.99,0.86931896
B09J2QCHNQ,Transcend 128GB SATA III 6GB/S MSA230S mSATA SSD 230S Solid State Drive TS128GMSA230S,Transcend,Computers,22.93,49.10806591446056,26.17806591446056,26.17806591446056,114.16513700157245,15,0.74298066,Transcend 128GB SATA III 6GB/S MTS400S 42 mm M.2 S,58.58,0.84576744,"Transcend 256GB MLC SATA III 6Gb/s 2.5"" Solid Stat",131.58,0.7705562,SSD M.2 2242 64GB NGFF SHARKSPEED Plus M2 SSD 3D N,13.99,0.7607103
B09TPBSH2P,"Asgens iPad Pro 12.9'' 2018 Case, Black Clear Silicone Case Flexible Soft TPU Silicone Protective Co",Asgens,Computers,11.99,17.88083156651456,5.890831566514558,5.890831566514558,49.13120572572609,15,0.78333247,"iCoverCase for iPad Pro 12.9 Case Clear, Ultra-Thi",11.59,0.8397719,CaseBuy Ultra Thin Keyboard Cover for New Apple M2,8.95,0.814577,SIWENGDE Case for iPad Pro 12.9 Case 6th/5th/4th G,20.99,0.7977927
B01N5BX70N,[2 Pack] Anti Glare(Matte) Screen Protector Compatible with MacBook Pro 15 inch 2019 2018 2017 2016 ,F FORITO,Computers,11.99,15.372347393885173,3.3823473938851727,3.3823473938851727,28.2097363960398,15,0.7444031,2 Pack Anti Blue Light Anti Glare Screen Protector,9.99,0.81857085,F FORITO Tempered Glass Screen Protector Compatibl,15.69,0.8133791,Artemis Shields Matte Anti Glare Screen Protector ,29.99,0.7585293
B0BZND6YQR,Cooler Master HAF 700 EVO E-ATX High Airflow PC Case with IRIS Customizable LCD .Breathable TG Front,Cooler Master,Computers,649.99,214.390912285452,-435.599087714548,435.599087714548,67.01627528339635,15,0.6577085,ASUS TUF Gaming LC 120 RGB All-in-one Liquid CPU C,99.99,0.7091772,ASUS TUF Gaming LC 240 ARGB All-in-one Liquid CPU ,109.99,0.696216,Asus ROG Strix LC 120 RGB AIO Liquid CPU Cooler 12,169.84,0.68305314
B07DS2FFLB,Bitspower CPU Block Summit M Acrylic-Digital RGB,Bitspower,Computers,109.0,108.05282146325848,-0.947178536741518,0.947178536741518,0.8689711346252458,15,0.53095883,Bewinner Water Cooling Kit for PC 240mm Heat Sink ,122.21,0.5991588,Bits Power Cooled PC Fitting Personal Computer Wat,22.87,0.58750165,Bitspower G 1/4 Inch Reinforced Multi Link,13.18,0.573294
B09V4ZZ32C,"Lenovo IdeaPad 3 Gaming Laptop 15.6"" 120Hz, NVIDIA GeForce RTX 3050 Ti 4GB GDDR6, 6-core AMD Ryzen 5",Lenovo,Computers,859.99,764.13295341305,-95.85704658694999,95.85704658694999,11.146297815899022,15,0.8368585,"Lenovo IdeaPad 3 Gaming Laptop, NVIDIA GeForce RTX",859.99,0.91482514,"Lenovo IdeaPad 3 15.6"" FHD Premium Laptop | AMD Ry",679.99,0.86138284,"Lenovo Legion 5 15 Gaming Laptop 15.6"" FHD IPS 120",999.0,0.85809815
B088MH2K6Y,kwmobile Neoprene Case Compatible with Apple Magic Keyboard - Case for Keyboard Soft Travel Sleeve -,kwmobile,Computers,12.99,18.94257125334135,5.952571253341349,5.952571253341349,45.82425907114202,15,0.66649467,Aproca Hard Travel Storage Case for Logitech K480 ,16.99,0.6896459,RUYIDAY 11 11.6 12 12.1 12.5 inch Laptop Carrying ,13.98,0.680137,ZAGG PROfolio Ultrathin Case with Bluetooth Keyboa,69.99,0.67763215
B0BSFCQWLG,"PNY 128GB Elite-X Class 10 U3 V30 SDXC Flash Memory Card 2-Pack - 100MB/s, Class 10, U3, V30, 4K UHD",PNY,Computers,23.99,58.21557279071176,34.225572790711766,34.225572790711766,142.6659974602408,15,0.7656093,PNY Elite-X 64GB microSDXC Card with Adapter - UHS,31.99,0.881138,PNY 1TB PRO Elite Class 10 U3 V30 microSDXC Flash ,109.99,0.8620076,PNY 32GB Elite Class 10 U1 microSDHC Flash Memory ,36.78,0.85392344
B07WGPTZHR,"JSAUX Micro USB Cable Android Charger, (2-Pack 6.6FT) Micro USB Android Charger Cable Nylon Braided ",JSAUX,Computers,9.99,9.176344452648125,-0.8136555473518747,0.8136555473518747,8.14470017369244,15,0.741473,LAX Gadgets Micro USB Cable - Charging Cable USB t,8.77,0.8391792,Linwood Micro USB Cable 6ft Nylon Phone Charger Co,7.99,0.79795265,USB Type-C Cable 5pack 6ft Fast Charging 3A Quick ,12.97,0.77029526
B07L8PLF3Q,"SanDisk 64GB SDXC SD Ultra Memory Card Works with Nikon Coolpix A900, A100, P1000, W100, W300, B700 ",SanDisk,Computers,14.31,34.9549560544216,20.6449560544216,20.6449560544216,144.26943434256881,15,0.7588749,SanDisk 64GB SDXC SD Ultra Memory Card Works with ,14.37,0.7985935,SanDisk 32GB Ultra SDHC Memory Card Works with Kod,15.7,0.7957494,SanDisk 32GB Ultra SD Memory Card (10 Pack) SDHC U,72.48,0.793728
B0117SI0EG,RAM Mount IntelliSkin with GDS Technology for The Samsung Galaxy Tab S 10.5,RAM MOUNTS,Computers,113.0,27.51693158977646,-85.48306841022354,85.48306841022354,75.64873310639251,15,0.58770746,"RAM Mounts Tab-Tite Holder for 10.1"" - 10.5"" Table",32.49,0.62662864,RAM Mounts RAM-HOL-UN9U X-Grip Universal Holder fo,93.99,0.6156558,"Galaxy Tab A 10.1 2019 Case,T510/T515 Case,Chgdss ",9.99,0.6024579
B00BG2BCXU,Surmount Universal Tablet Clamping Mount for iPad by Standzout (Black),Standzout,Computers,34.99,44.59768424140514,9.607684241405138,9.607684241405138,27.45837165305841,15,0.7263658,The Joy Factory MagConnect Clamp Mount w/ Lockdown,219.99,0.77040297,"Tablet Stand for Bed,360 Degree Rotating Bed Table",18.54,0.7477708,Kolasels Motorcycle Bike Handlebar Tablet Mount wi,27.99,0.74727994
B0BK6685YF,"HP 2022 Newest 15.6’’ HD Touchscreen Laptop, Quad Core Intel i5-1135G7 (Beat i7-1065G7,Upto 4.2GHz),",HP,Computers,629.0,651.0340377377271,22.03403773772709,22.03403773772709,3.503026667365197,15,0.8572997,"HP 2022 Newest Notebook Laptop, 15.6"" Full HD 1080",409.0,0.888345,"HP 2022 15.6"" HD Touchscreen Laptop Computer, 10th",539.0,0.8762057,"2021 Newest HP 15 Business-Laptop, 15.6"" HD Touchs",539.0,0.87466896
B0BJK9Q1LC,"Qcoswa Slim Lightweight Case for Microsoft Surface Go 3 2021 / Surface Go 2 2020 / Surface Go 2018,S",Qcoswa,Computers,9.99,24.154628136311565,14.164628136311565,14.164628136311565,141.7880694325482,15,0.74680126,"Youtec for Surface Go 3 Case Surface Go 2 Case, Su",21.99,0.8538442,Case for Microsoft Surface Go 3 / Surface Go 2 10.,24.99,0.8341681,Fintie Protective Case for Microsoft Surface Go 3 ,17.99,0.8241916
B00EC4QJAU,11.6 Aspire Win8 Touch Netbook AMD A4-1250 4GB 500GB,Acer,Computers,140.94,442.50540447688377,301.56540447688377,301.56540447688377,213.96722327010343,15,0.6637263,Acer Aspire R5 15.6in Intel i5 2.5GHz 12GB Ram 1TB,418.45,0.70421314,"HP EliteBook 820 G4 12"" FHD Touchscreen Laptop, In",217.79,0.7018424,Acer Spin 5 13.3in Laptop Intel Core i5 2.30GHz 8G,449.66,0.6872722
B06Y1SXP44,"TP-Link RE650 v1. 0, AC2600 Wi-Fi Range Extender",TP-Link,Computers,99.99,41.000884768199455,-58.98911523180054,58.98911523180054,58.99501473327386,15,0.57002056,TP-Link AC750 Dual Band Wi-Fi Range Extender w/Gig,17.5,0.76212263,802.11G Range Extender,21.95,0.6612258,"Soft Foot WiFi Range Extender,1200Mbps Wireless Si",19.73,0.65645957
B004ZXNKM8,"WD5000BPVT, DELL SCORPIO BLUE 500GB 5400 RPM 2.5"" SATA HARD DRIVE",Western Digital,Computers,85.0,72.84226164486736,-12.157738355132636,12.157738355132636,14.30322159427369,15,0.7317728,WD Black 500GB - 7200 RPM SATA 6 Gb/s 32MB Cache 7,21.99,0.77861154,Dell Western Digital 320GB 7.2K RPM 3Gbp/s SATA 3.,37.0,0.76995444,Western Digital 500GB SATA 3.5 Hard Drive - WD5000,17.5,0.755125
B07SMF66R6,"8GB Wooden Flash Drives 20 Pack, EASTBULL Bulk Flash Drives Pack Walnut Wooden Thumb Drives Pack Hig",EASTBULL,Computers,61.88,27.23319279881246,-34.64680720118754,34.64680720118754,55.99031545117573,15,0.74826276,Wooden Flash Drive 1GB EASTBULL High Speed USB 2.0,5.99,0.8470131,Flash Drive 8GB 10 Pack USB 2.0 Thumb Drives Uflat,23.98,0.77076423,EASTFUN 6 Pcs 16GB USB 2.0 Flash Drive Fold Storag,16.88,0.7661009
B09F8N4XPQ,Open SFP Slot A Pair of 1.25G/s Gigabit Fiber Ethernet Media Converter 10/100/1000Base-Tx to 1000Bas,Unknown,Computers,39.41,68.18245086889719,28.772450868897195,28.772450868897195,73.00799509996752,15,0.71036845,"Gigabit Ethernet Media Converter, Built-in Multi-M",25.99,0.80757093,"Gigabit Ethernet Media Converter, SingleMode Dual ",26.99,0.7641885,Single Mode ST Gigabit Fiber Media Converter - Bui,69.95,0.7435334
B00KLDQ5PK,Adafruit 12mm Coin Cell Breakout w/On-Off Switch [ADA1867],Unknown,Computers,6.67,42.354096046984914,35.68409604698491,35.68409604698491,534.9939437329073,15,0.43940744,Adafruit Switched JST-PH 2-Pin SMT Right Angle Bre,5.86,0.515431,DiodeLed DI-0714 12V Inline On-Off Switch,24.25,0.49201757,Warmstor 2 Pack Desktop Computer Case Motherboard ,5.99,0.4664752
B07LCR23L4,ASUS TUF Gaming GT501 Case,ASUS,Computers,361.9,282.6285641674238,-79.27143583257617,79.27143583257617,21.904237588443266,15,0.7260649,ASUS TUF Gaming LC 120 RGB All-in-one Liquid CPU C,99.99,0.8365445,ASUS TUF Gaming LC 240 ARGB All-in-one Liquid CPU ,109.99,0.8360522,ASUS TUF Gaming B660M-PLUS WiFi D4 LGA 1700(Intel ,195.99,0.74566513
B09N6H2LQM,SEETEC ATEM156-CO 15.6 Inch Live Streaming Carry-on Broadcast Director Monitor with 4 HDMI Input Out,SEETEC,Computers,558.99,231.5650917576964,-327.4249082423036,327.4249082423036,58.57437668693601,15,0.6076468,Sceptre IPS 24-Inch Computer LED Monitor 1920x1080,94.97,0.6511878,ViewSonic VX4381-4K 43 Inch Ultra HD MVA 4K Monito,589.95,0.62875414,"Warrky 4K DisplayPort to HDMI Cable Adapter 15FT, ",22.99,0.6196161
B007IW895Q,G.Skill 32GB DDR3 PC3-17000 RipjawsZ Series for Intel X79 (9-11-10-28) Quad2 Channel kit 8x4GB,Unknown,Computers,176.72,108.43744160346041,-68.28255839653959,68.28255839653959,38.63884019722702,15,0.7442561,G.Skill Ripjaws X Series 16 GB (2 x 8 GB) 240-Pin ,35.99,0.83031726,G.Skill 32GB DDR3 PC3-12800 RipjawsZ Series for In,125.55,0.8252727,G.Skill 8GB DDR3 PC3-10600 1333MHz CL9 NT Series D,19.54,0.809432
B07C7TNFK7,Laptop Replacement CPU Cooling Fan for HP 15-ay533ur 15-ay538ur 15-ay549ur 15t-ay000 15t-ay100,KOLEKTO,Computers,13.99,29.99878700794488,16.008787007944882,16.008787007944882,114.43021449567463,15,0.68831927,Givwizd Replacement CPU Cooling Fan Compatible wit,29.99,0.8937094,CPU Cooling Fan for HP Beats Special Edition 15-p0,14.99,0.873116,New Laptop CPU Cooling Fan for HP Envy 15-AE 15-AE,14.99,0.69618964
B079P6WRBD,"Dell Optiplex 990 Desktop Computer (Intel Quad-Core i7-2600 up to 3.4GHz, 16GB RAM, 2TB HDD, WiFi, V",Dell,Computers,129.99,277.1584481150878,147.1684481150878,147.1684481150878,113.21520741217617,15,0.85998595,Dell Optiplex 990 Small Form Factor Business Deskt,154.98,0.9729166,"Dell OPTIPLEX Computer PC, Intel Core I5 3570, up ",180.98,0.894799,"Dell 3020 SFF Business Desktop Computer, Intel Qua",114.17,0.89427626
B08D73FZ82,Samsung 860 PRO 512GB 2.5 Inch SATA III Internal SSD (MZ-76P512BW),SAMSUNG,Computers,295.0,121.32003510704386,-173.67996489295615,173.67996489295615,58.87456437049361,15,0.7871169,Samsung 850 EVO 1TB 2.5-Inch SATA III Internal SSD,130.66,0.8608417,SAMSUNG Electronics 870 EVO 2TB 2.5 Inch SATA III ,109.99,0.84304136,PM841 MZMTD128HAFV 128 GB Internal Solid State Dri,118.5,0.82821035
B085WZFWTQ,"Comfyable Laptop Sleeve for 13 Inch MacBook Air M2 M1 & MacBook Pro 13 Inch 2016-2022, Waterproof Co",Comfyable,Computers,29.99,19.371840945139738,-10.61815905486026,10.61815905486026,35.405665404669094,15,0.84882694,Comfyable Slim Protective Laptop Sleeve 16 Inch Co,25.99,0.8980335,Comfyable Laptop Sleeve 14 Inch Precisely Compatib,17.99,0.8910305,Comfyable Laptop Sleeve 14 & 13 Inch Compatible wi,27.99,0.8763046
B00BHFCU8C,Best Back Posture Corrector for Men and Women -Adjustable Back Straightener- Upper Back Brace for Cl,Unknown,Computers,6.95,13.027019990154184,6.0770199901541835,6.0770199901541835,87.43913654898105,15,0.66385204,"RoFI Phone Charger Cable, [2Pack 2 Feet] Nylon Bra",8.99,0.70560735,LAX Apple MFi Certified Cable - Nylon Braided 6ft ,29.88,0.7010416,LAX iPhone Charger Lightning Cable - MFi Certified,13.88,0.6813272
B08YC8LPPK,"Dell Newest 10th Gen Latitude 7210 Tablet 2-in-1 PC, Intel Core i7 1016U Processor, 16GB Ram, 256GB ",Dell,Computers,559.99,413.4715726694131,-146.51842733058692,146.51842733058692,26.164472103178078,15,0.7937891,Fast Dell Latitude E5470 HD Business Laptop Notebo,152.95,0.8384583,"Dell OptiPlex 3020 SFF puter Desktop PC, Intel Cor",130.69,0.8117644,"Dell OptiPlex 9020 Small Form Computer Desktop PC,",189.98,0.80231005
B093ZX6X2W,Evoluent VMCR VerticalMouse C Right Hand Ergonomic Mouse with Wired USB Connection (Regular Size),Evoluent,Computers,96.68,30.60695440861422,-66.07304559138578,66.07304559138578,68.34199999108996,15,0.53409266,"ELECOM DEFT Trackball Mouse, Wired, Finger Control",33.99,0.6056933,Posturite Penguin Ambidextrous Wired Ergonomic Mou,86.0,0.59561664,Mini Mouse 2 Pack for Laptop Ergonomic Computer Mo,12.99,0.58191645
B008Z1LP64,LG Electronics DVDRW 24X SATA Optical Drives GH24NS72B,LG,Computers,18.94,48.30185721248449,29.36185721248449,29.36185721248449,155.02564526126974,15,0.6642231,LG Electronics 24X SATA Super-Multi DVD Internal R,44.68,0.7973586,HP 615646-001 575781-501 TS-H653 DVD±RW DL Writer ,17.99,0.7164943,Lite-On CDRW DVD Rom Combo Drive SATA HP,11.0,0.69083863
B0821CM134,HW-060A LCD 3.3V Module 1602 LCD Display with Adapter Board IIC/I2C/Interface Blue Screen,Hakeeta,Computers,7.99,183.04736438874656,175.05736438874655,175.05736438874655,2190.9557495462645,15,0.5917254,AITRIP 3 Set IIC/I2C/TWI LCD 1602 16x2 Serial Inte,12.99,0.66486377,AU OPTRONICS B173RW01 V.3 with a BOTTOM LEFT CONNE,61.88,0.6553476,"Dell UltraSharp U2723QE 27"" 4K UHD WLED LCD Monito",589.99,0.5971581
B0B5P8C87Y,NETGEAR Wireless Access Point (WAX214PA) - WiFi 6 Dual-Band AX1800 Speed | 1 x 1G Ethernet PoE Port ,NETGEAR,Computers,79.99,170.2442076396233,90.25420763962332,90.25420763962332,112.83186353247072,15,0.68946606,NETGEAR Cloud Managed Wireless Access Point (WAX62,181.49,0.85980856,NETGEAR WiFi Router (R6120) - AC1200 Dual Band Wir,44.97,0.7487767,NETGEAR Wireless Router - AC 1200 Dual Band Gigabi,191.02,0.7239259
B0BYM97P5W,Acer K242HQL bid 23.6” Full HD (1920 x 1080) VA Monitor | 60Hz Refresh Rate | 5ms Response Time | Fo,Acer,Computers,149.99,199.59226687546928,49.60226687546927,49.60226687546927,33.070382609153455,15,0.75953734,"Acer KG241Q Pbiip 23.6"" Full HD (1920 x 1080) TN 1",239.99,0.7943045,"Acer Nitro QG241Y Pbmiipx 23.8"" Full HD (1920 x 10",119.99,0.7941911,"AOPEN by Acer 27CH2 bix 27"" Full HD (1920 x 1080) ",241.72,0.7915362
B081H1WVTK,AUTENS Replacement US Keyboard for HP Probook 430 G3/430 G4/440 G3/440 G4/445 G3/640 G2/645 G2 Lapto,AUTENS,Computers,34.99,34.41131358395312,-0.5786864160468852,0.5786864160468852,1.6538622922174482,15,0.68290937,New Replacement Backlit Laptop Keyboard Compatible,39.99,0.7629579,AUTENS Laptop Replacement Keyboard for Lenovo Thin,29.99,0.75440574,AUTENS Replacement US Keyboard for Dell Chromebook,19.99,0.7147647
B0B6D4VB2K,"Dell Latitude 7480 14in HD Laptop - Intel Core i5-7200U 2.50GHz, 16GB RAM, 256GB SSD, Webcam, Window",Dell,Computers,219.0,384.00952287190285,165.00952287190285,165.00952287190285,75.34681409675929,15,0.8428444,Fast Dell Latitude E5470 HD Business Laptop Notebo,152.95,0.8742007,Dell Latitude 5300 Laptop 13.3 Intel Core i7 8th G,272.42,0.872604,"Dell Latitude 7290 12.5-inch Laptop, Intel Core i7",189.95,0.8608349
B08474KWB4,Laptop Motherboard L18175-001 L18175-501 L18175-601 Compatible Replacement Spare Part for HP Pavilio,HP,Computers,88.99,38.238822943643285,-50.75117705635671,50.75117705635671,57.03020233324724,15,0.64012825,Todiys Power Button Board with Cable LS-A991P for ,13.95,0.6754485,aowe LA04 728460-001 HSTNN-UB5M Replacement Laptop,20.99,0.67444396,TREE.NB LA03 Replace Battery for Hp Spare 776622-0,18.48,0.66230357
B081795BBH,"HP EliteDisplay E233 23 Inch IPS LED Backlit Monitor 2-Pack, FHD 1920 x 1080 (1FH46A8#ABA)",HP,Computers,649.0,293.023290654215,-355.976709345785,355.976709345785,54.8500322566695,15,0.7436694,HP Smart Buy EliteDisplay E231 23-inch LED Backlit,89.99,0.86276937,"HP E22 G4 21.5"" Full HD LED LCD Monitor - 16:9 - B",178.95,0.7643367,MSI Full HD Non-Glare 1ms 2560 x 1080 Ultra Wide 2,367.48,0.7557439
B0186OT44O,Comp Bind Technology Dust Cover for HP OfficeJet Pro 8610 / 8620. Black Nylon Dust Cover by Comp Bin,Comp Bind Technology,Computers,24.99,23.859224778545652,-1.1307752214543463,1.1307752214543463,4.524910850157449,15,0.72274077,Comp Bind Technology Dust Cover for HP Envy Pro 64,18.99,0.8149721,Comp Bind Technology Dust Cover Compatible with Ep,27.99,0.79322004,"The Perfect Dust Cover, Black Nylon Cover for HP O",31.99,0.7619765
B0B9MTJQXB,"DTTO Case for iPad Air 5th Generation 2022/ iPad Air 4th Generation 2020, Soft Translucent Frosted B",DTTO,Computers,11.87,14.673710857909558,2.803710857909559,2.803710857909559,23.620142021142033,15,0.83563864,"DTTO iPad Air 2 Case (2014 Released), Ultra Slim L",13.99,0.91204834,DTTO Case for iPad Pro 11 Inch 2nd/3rd/4th Generat,19.99,0.88461226,"DTTO iPad Air Case 5th / 4th Generation 10.9 Inch,",9.99,0.8826053
B01M0P0YTN,"New Internal 2nd HDD SSD Caddy for Apple iMac Core 2 Duo MB952LL/A MB952 Late 2009 A1312 27"" Compute",Generic,Computers,16.99,55.45912121617424,38.469121216174244,38.469121216174244,226.42213782327397,15,0.61974066,Deyoung 2nd HDD SSD SATA Hard Drive Caddy Frame Tr,10.39,0.6874072,Nimitz 2nd HDD SSD Hard Drive Caddy for Hp Probook,17.99,0.6710278,ICY DOCK 1x 2.5 SAS/SATA HDD/SSD Mobile Rack for E,37.96,0.6567006
B015Q7F5AQ,"Corsair PSU 1000W RMX Series, CP-9020094-EU",Corsair,Computers,279.0,91.53789539996426,-187.46210460003573,187.46210460003573,67.19071849463646,15,0.6592408,Corsair CO-9050020-WW Air Series SP 120 LED White ,49.0,0.72737366,Allied Telesyn SL-8320BTX (AL-A300ATX) ATX12V V2.2,206.0,0.7033756,Corsair CML16GX3M2A1866C10 Vengeance LP 16GB (2 x ,148.02,0.7031381
B07BDCXGCY,"LDKCOK USB 2.0 Type A Male to A Female Active Repeater Extension Cable 75ft, High Speed 480 Mbps",LDKCOK,Computers,48.99,12.777989114794565,-36.21201088520544,36.21201088520544,73.91714816330973,15,0.6780517,TNP USB Extension Cable (15 Feet) - Type A Male to,6.95,0.7503037,InstallerParts 3 ft USB 2.0 High Speed Extension C,5.55,0.72145617,Tripp Lite Active USB 2.0 Extension Cable USB-A M/,32.29,0.7087612
B005ABPDPG,Anti-Glare 17.3-Inch Notebook/Laptop Screen Protector Film for HP Envy 17 3D/ Envy 17 Series/Pavilio,Goliton,Computers,10.95,15.945424014953224,4.995424014953224,4.995424014953224,45.620310638842234,15,0.7441094,17.3 Inch Anti Glare Blue Light Blocking Laptop Sc,13.59,0.79715323,PcProfessional Screen Protector (Set of 2) High Cl,12.99,0.7904897,iKammo 2 Pack 17.3 Inch Laptop Screen Protector An,16.99,0.7702302
B086BJ1FW3,"Haehne 7 inch Tablet, Android 9.0 Pie, 1G RAM 16GB Storage, Quad Core Processor, 7"" IPS Display, Dua",Haehne,Computers,44.99,75.08846114049594,30.098461140495935,30.098461140495935,66.90033594242261,15,0.65612245,"HAOVM Android Tablet, 9 inch Tablets Octa-Core 1.6",109.99,0.7156087,Hyjoy Tablet 8 Inch Android 10 Quad-Core 2GB RAM 3,52.26,0.6904394,"AOYODKG Tablet, 10.1 inch Android 10 Tablet, 4GB R",94.99,0.68139124
B01DS8L1G2,SanDisk Ultra 16GB SDHC Class 10 UHS-1 Memory Card - Speed up to 48 MB/s,SanDisk,Computers,11.91,27.09042699882598,15.180426998825979,15.180426998825979,127.45950460811066,15,0.74240315,SanDisk Ultra microSDHC 32GB 100MB/s Class 10 UHS-,6.79,0.80665183,SanDisk Ultra 16GB Class 10 SDHC UHS-I Memory Card,7.9,0.79476887,SanDisk Ultra SDSQUNS-016G-GN3MN 16GB 80MB/s UHS-I,7.36,0.78699696
B0794RF4XK,Fancy Buying L12S4E0 Laptop Battery for Lenovo IdeaPad G400S G405S G510S G500S G505S G510S S410P S51,Fancy Buying,Computers,25.88,39.67069074441172,13.790690744411723,13.790690744411723,53.28705851781964,15,0.7433083,Shareway 4-Cell Replacement Laptop Battery for Len,27.09,0.82923484,LBTECH L14S4P22 L14M4P23 L14L4P23 Compatible Lapto,35.89,0.772203,G400S G500S Battery Replacement for Lenovo Laptop ,24.88,0.77130955
B08L91QJPV,USB C Charger for HP Spectre X360 Charger - (UL Safety Certified Product) 65W 45W,Superer,Computers,23.99,17.056339637676484,-6.933660362323515,6.933660362323515,28.90229413223641,15,0.73935306,65W 45W USB Type C Laptop Charger Replacement for ,15.99,0.8118441,USB-C Fast Charger Fit for HP Spectre X360 Laptop ,19.88,0.8087044,90W USB-C Type-C AC Charger for HP Spectre x360 13,27.99,0.76018894
B01N7E5TU3,[2-Pack] for Samsung Galaxy Tab E Lite 7.0 / Tab 3 Lite 7.0 - SuperGuardZ Tempered Glass Screen Prot,SuperGuardZ,Computers,10.99,11.783380996627601,0.7933809966276009,0.7933809966276009,7.21911734874978,15,0.8057624,[3-Pack] for Samsung Galaxy Tab E Lite 7.0 / Tab 3,7.59,0.9026749,SuperGuardZ [3-Pack] for Samsung Galaxy Tab E 9.6 ,7.99,0.88150406,[2-Pack] for Echo Show 8 (1st Gen) Screen Protecto,11.49,0.8794526
B089CNZKM8,BLOCKED Webcam/Camera Vinyl Covers | 95 Low-Tack Restickable Webcam Sticker | 5-Sizes | Black 95-Pac,BLOCKED,Computers,8.95,8.06046887913636,-0.889531120863639,0.889531120863639,9.938895205180325,15,0.6699596,SIREG Webcam Cover Slide 0.027in Ultra Thin Web Ca,6.99,0.7098965,C-SLIDE Webcam Laptop Privacy Cover 3 Pack – Thin ,9.95,0.6911687,"worldbnr Laptop Camera Cover Slide, Thin Web Camer",6.98,0.6910107
B00VKXTSFO,A-Tech 4GB STICK For Acer Aspire Series 5750G-2414 5750Z 5755-6482 5755-6828 5755-9401 5755G-6823 57,A-Tech,Computers,36.29,32.59442222536709,-3.695577774632909,3.695577774632909,10.183460387525239,15,0.81612885,A-Tech 2GB STICK For Acer Aspire Series Timeline 4,29.27,0.94567835,A-Tech 8GB RAM for ACER Aspire ES1-711 | DDR3 1600,39.2,0.8455045,parts-quick 8GB Memory for Acer Aspire E1-532-2616,86.99,0.8269678
B06WWQYWGY,USB 2.0 to RJ45 RS232 Cisco Console Routers Switches Servers Cable FTDI 1.8M SI-ADA24048,Syba,Computers,23.6,62.35305181997312,38.753051819973116,38.753051819973116,164.20784669480133,15,0.63265777,"USB-C Cisco Console Cable,OIKWAN 6ft USB Type C to",11.99,0.773087,DTech Serial Cable to USB Adapter DB9 Male RS232 P,11.88,0.66678786,Gearmo 4 Port RS232 to USB FTDI chip Adapter w/RX ,43.99,0.66505283
B07MTXKYRT,A-Tech 8GB Module for ASUS S500CA Laptop & Notebook Compatible DDR3/DDR3L PC3-12800 1600Mhz Memory R,A-Tech,Computers,56.91,52.3693785496143,-4.5406214503857,4.5406214503857,7.978600334538219,15,0.74060875,A-Tech 8GB Module for Acer Aspire ES1-533 Laptop &,56.91,0.8455131,A-Tech 8GB Module for Acer Aspire R3-131T Laptop &,56.91,0.8033248,parts-quick 8GB Memory for ASUS X Series Notebook ,86.99,0.76359415
B0BKQ3WTS5,"iPad Air 5th/4th Generation Case with Keyboard, iPad Pro 11 inch Keyboard, Smart Trackpad, 7 Color B",CHESONA,Computers,49.99,44.999540250342086,-4.990459749657916,4.990459749657916,9.982916082532338,15,0.8715056,"iPad Keyboard Case Pro 2022 11-inch(4th Gen),Air 5",38.99,0.8980117,"iPad Keyboard Case for 10.2"" 9th/8th/7th Generatio",35.99,0.89711195,iPad Air 5th/4th Generation Keyboard Case 2022/202,37.99,0.89305365
B00KTJE3L4,Mean Well NES-350-24 24V 350 Watt UL Switching Power Supply 120 Volt,MEAN WELL,Computers,69.49,111.42134877503325,41.93134877503326,41.93134877503326,60.34155817388582,15,0.60217655,"Mean Well 24V Power Supply LRS-350-24, DC 350W 14.",54.99,0.644115,HP Power Supply - 300-Watt (Merlot C) Regulated (5,67.8,0.63955224,Rosewill 1600-Watt Intel Haswell Ready 80 Plus Sil,225.99,0.62311846
B08LQT2CZV,"Dell OptiPlex 3080 Business Desktop Computer, Intel Core i5-10500 Processor up to 4.5GHz, 16GB RAM, ",Dell,Computers,881.0,550.3219070703336,-330.6780929296664,330.6780929296664,37.534403283730576,15,0.8400495,"Dell Inspiron 3910 Desktop, 12th Gen Intel Core i5",769.0,0.8859792,"Dell Newest Inspiron 7420 2-in-1 Laptop, 14"" FHD+ ",886.99,0.88319916,"Dell 2021 Newest Inspiron 3000 Laptop, 15.6 HD Dis",779.0,0.87379706
B07H1CHCZT,Fantom Drives FD 240GB Portable SSD - USB 3.2 Gen 2 Type-C 10Gb/s - Aluminum - Black - SSD for Windo,Fantom Drives,Computers,72.95,69.32417735609525,-3.6258226439047547,3.6258226439047547,4.970284638663132,15,0.7375257,FD 2TB 7200RPM External Hard Drive - USB 3.2 Gen 1,99.26,0.823454,FD 1TB 7200RPM External Hard Drive - USB 3.2 Gen 1,86.12,0.81604165,Fantom Drives 2TB External Hard Drive - 64MB Cache,101.25,0.81411517
B01I24PB4U,"PcProfessional Hot Pink Ultra Thin Silicone Gel Keyboard Cover for Lenovo Yoga 710 14 14"" Yoga 710 1",PcProfessional,Computers,6.99,9.697137965049219,2.7071379650492187,2.7071379650492187,38.72872625249239,15,0.782533,PcProfessional Clear Ultra Thin Silicone Gel Keybo,6.99,0.93229055,PcProfessional Blue Ultra Thin Silicone Gel Keyboa,6.99,0.93150187,PcProfessional Clear Ultra Thin Silicone Gel Keybo,6.99,0.9285449
B0BXD5WXJ8,"Case Compatible with Samsung T7/ for T7 Touch/for T7 Shield Portable SSD - 1TB, 2TB, 500GB USB 3.2 E",GWCASE,Computers,13.99,22.229253880418295,8.239253880418294,8.239253880418294,58.89388048905142,15,0.6536284,Lacdo Hard Carrying Case for Samsung T7 Shield / T,12.99,0.76078165,Silicone Bumper for Samsung T7. T7 Touch Portable ,10.98,0.7237384,"SAMSUNG T7 Shield 1TB, Portable SSD, up to 1050MB/",89.99,0.68043864
B07Y2GWVB8,"2.5GBase-T PCIe Network Adapter with 1 Port, 2500/1000/100Mbps PCI Express Gigabit Ethernet Card RJ4",WISE TIGER,Computers,20.91,76.93891034593814,56.028910345938144,56.028910345938144,267.9527037108472,15,0.69364876,StarTech.com 4 Port PCIe Network Card - Standard P,157.28,0.8193647,StarTech.com 1-Port Gigabit Ethernet Network Card ,34.94,0.7504064,EDUP Gigabit Ethernet PCI Express PCI-E Network Ca,13.99,0.7481581
B09B7FKYRY,Alkem Wireless Number Pad 2.4GHz Wireless Numeric Keypad Retro Style Round Keycaps Numpad 18 Keys Po,Alkem,Computers,17.99,27.71869698422484,9.728696984224843,9.728696984224843,54.07836011242269,15,0.70946586,"PINKCAT Wireless Number Pads, 28 Keys Numeric Keyp",14.99,0.7859587,2.4G Wireless Mechanical Numeric Keypad Cherry MX ,36.98,0.7798836,Macally 2.4G USB Wireless Keyboard for Laptop or C,19.99,0.77155185
B07CNRQ6YM,"Alapmk Protective Case Cover for 12.3"" Samsung Chromebook Pro XE510C24 XE510C25/Chromebook Plus XE51",Alapmk,Computers,20.99,17.81269881100782,-3.1773011889921783,3.1773011889921783,15.137213858943205,15,0.81168056,"Alapmk Protective Case for 14"" ASUS Chromebook C42",23.99,0.86779386,Alapmk Protective Case for 14 Inch Dell Vostro 342,23.99,0.8670585,"Alapmk Protective Case Cover for 11.6"" HP Chromebo",20.99,0.8593325
B019X0V5UQ,PNY CS2211 480GB Pro Gaming 2.5” SATA III MLC Internal Solid State Drive (SSD) - (SSD7CS2211-480-RB),PNY,Computers,149.99,55.61044913107791,-94.37955086892211,94.37955086892211,62.92389550564844,15,0.7354594,"PNY CS900 250GB 3D NAND 2.5"" SATA III Internal Sol",15.99,0.8871217,(Old Model) Seagate 1TB Gaming SSHD SATA 8GB NAND ,49.99,0.75799084,SSD M.2 2242 64GB NGFF SHARKSPEED Plus M2 SSD 3D N,13.99,0.743964
B0B5WL4B1X,"Earto iPad 9th/8th/7th Generation Keyboard Case, Pro 10.2/10.5 inch (2021), Air 3, 7 Color Backlit, ",Earto,Computers,69.99,41.060875353738886,-28.92912464626111,28.92912464626111,41.333225669754405,15,0.8279633,Keyboard Case for iPad 9th 8th 7th Generation 10.2,23.99,0.86026424,iPad Keyboard Case for iPad 2018 (6th Gen) - iPad ,62.99,0.8424393,iPad Case Keyboard 10.2- iPad 9th/8th/7th Generati,29.99,0.84169644
B000FL8QJ6,Western Digital WD400BD 40GB Hard Drive,Western Digital,Computers,41.0,79.00233289855849,38.00233289855849,38.00233289855849,92.68861682575242,15,0.78816056,WD AV 35in 320GB SATA 8MB HDD WD3200AVJS-00WDA0,18.99,0.8873961,WD Black 500GB - 7200 RPM SATA 6 Gb/s 32MB Cache 7,21.99,0.8533747,WD VelociRaptor WD1000DHTZ - hard drive - 1 TB - S,224.96,0.81008196
B08KGJY9JD,Anepoch B41N1526 Laptop Battery Replacement for Asus FX502VM FX60VM FX502VM-AS73 FX502VM-FY361T ROG ,Anepoch,Computers,43.99,35.58957604456543,-8.400423955434569,8.400423955434569,19.09621267432273,15,0.7755113,OUWEE B41N1526 Laptop Battery Compatible with Asus,47.0,0.95460093,Anepoch C41N1416 Laptop Battery Compatible with As,59.99,0.8720957,OUWEE B31N1726 Laptop Battery Compatible with Asus,39.99,0.857353
B09DCB9R4T,AOKE Laptop Sleeve Case for New MacBook 14 inch 2021 M1 Pro/M1 Max A2442 A2338 A2251 A2289 A2159 A19,AOKE,Computers,14.99,20.07176816173033,5.081768161730329,5.081768161730329,33.901055114945486,15,0.8124845,Laptop Sleeve Bag for 14-inch MacBook Pro 2021 A24,31.99,0.84161353,Laptop Sleeve Case Bag 15.6 Inch Work Business Bri,21.99,0.8331016,"Laptop Sleeve New MacBook Air 13 Inch Sleeve, Lapt",22.99,0.82656455
B076CK7L3G,Asus RT-AC1200G IEEE 802.11ac Ethernet Wireless Router,ASUS,Computers,149.99,50.19216613671208,-99.79783386328793,99.79783386328793,66.53632499719177,15,0.7183588,ASUS WiFi Router (RT-AC1200_V2) - Dual Band Wirele,15.0,0.86302423,"AC1300M USB 3.0 WiFi Adapter for PC, Dual Band Dua",16.99,0.7514955,ASUS USB-AC51 AC600 Dual-Band Wifi Wireless Adapte,39.99,0.7475709
B08B2QYVCG,Fractal Design Prisma Silent Computer Fan - PWM Control,Fractal Design,Computers,28.64,34.99637248249729,6.356372482497292,6.356372482497292,22.194037997546413,15,0.60212445,Fractal Design Prisma AL-14 – 140mm Silent Compute,37.18,0.6733653,Fractal Design Node 804 - Black - Cube Compact Com,166.96,0.6725037,"Bitspower Notos 120mm Case Fan, DRGB Computer Fan ",37.02,0.6293963
B00MRVJY5C,NETGEAR R7500 Nighthawk X4 AC2350 Dual Band WiFi Router ((Discontinued),NETGEAR,Computers,215.0,199.50008609969981,-15.499913900300186,15.499913900300186,7.209262279209389,15,0.73184144,NETGEAR Nighthawk Smart Wi-Fi Router (R7000) - AC1,65.78,0.81071293,NETGEAR Wireless Router - AC 1200 Dual Band Gigabi,191.02,0.7925794,Netgear R8000-100PAS Nighthawk X6 Wireless Router ,386.83,0.76460207
B0BZHR47Z9,for Amazon Kindle Fire HD10 Touch Screen Replacement 7th Generation 2017 Digitizer Sensor SL056ZE To,Unknown,Computers,21.8,30.13911761491874,8.339117614918738,8.339117614918738,38.25283309595751,15,0.65421164,Original Glass for Amazon Kindle Fire HD 8 /HD 8 P,23.99,0.81962734,Dedia White Touch Screen Replacement for iPad 5 20,19.95,0.6631084,Black Touch Screen Digitizer Repair Kit for iPad 9,16.99,0.66222113
B08YK5J7G1,"Itramax USB A to USB C Charger Cable 16.5FT (2 Pack),Long Flat Type-A 2.0 to USBC Charging Power Cor",Itramax,Computers,16.99,12.007797622111475,-4.982202377888523,4.982202377888523,29.324322412528097,15,0.62616026,15ft USB to Micro USB Cable for Xbox ONE and Plays,8.99,0.65959144,CableCreation USB C Cable 10FT USB A to USB C Cabl,12.59,0.64424825,"Smays USB C Cable Bulk 10-Pack 3ft, Type C Phone C",11.99,0.6385544
B09J8N5J1B,Power Adapter 65W 45W Laptop Charger Fit for Dell Latitude 5490 5290 7240 6430 7490 7404 5490 7490 5,ANVMSRO,Computers,24.99,25.948749435321716,0.9587494353217174,0.9587494353217174,3.836532354228561,15,0.7606474,65W Type-C Charger Laptop Power Cord for Dell XPS ,21.99,0.7955351,Pwr Laptop Charger for Dell Inspiron 15-5000 15-70,23.99,0.79307145,90W 65W USB C Charger Fit for Dell Latitude 5420 5,39.99,0.7880528
B07DXDWWCS,"HP EliteBook 820 G3 Business Laptop - 12.5"" Anti-Glare HD (1366x768), Intel Core i5-6200U, 256GB SSD",HP,Computers,139.99,435.4255747583604,295.4355747583604,295.4355747583604,211.0404848620333,15,0.8207869,HP Elitebook 820 G4 - 12.5in FHD Touchscreen Lapto,249.89,0.8685384,"HEWLETT PACKARD HP EliteBook 8460p XU060UT 14"" LED",169.95,0.8582518,HP EliteBook 840 G2 Notebook PC - Intel Core i5-52,276.77,0.84820706
B00IACID2C,"Monoprice PS/2 Keyboard/Mouse to USB Converter Adapter, Black (110934)",Monoprice,Computers,8.06,34.50364648118774,26.443646481187734,26.443646481187734,328.0849439353317,15,0.6307678,"USB to Dual PS/2 Adapter, for Mouse and Keyboard -",7.99,0.75829977,2-Pack RocketBus USB to PS/2 PS2 Adapter for Newer,13.99,0.7020767,Bytecc BT-1000 USB- PS-2 adapter for PC Only,5.95,0.69135976
B07B45MTS5,UL Listed AC Charger Fit for Asus Q526FA Q526F Q526 Q525UA Q525U Q525 Q526FA-BI7T10 Q525UA-BI7T9 15.,Superer,Computers,25.99,21.0481025960211,-4.941897403978899,4.941897403978899,19.014611019541743,15,0.7341912,UL Listed AC Charger Fit for Asus X552 X552E X552E,16.99,0.7903368,UL Listed 7.5Ft 33W AC Charger Fit for Asus MJ401T,22.99,0.77324545,CYD 65W 19V 3.42A Laptop Charger Compatible for As,21.89,0.7467562
B09SBR18YS,"Dell 2022 Newest Inspiron 3510 15.6"" FHD Laptop, Intel Core i3-1115G4 Processor, 12GB RAM, 1TB SSD, ",Dell,Computers,549.0,707.8754818341154,158.87548183411536,158.87548183411536,28.939067729347062,15,0.8983707,"Newest Dell Inspiron 3511 Premium Laptop, 15.6"" FH",487.21,0.9499299,"Dell 2022 Newest Inspiron 3511 Primium Laptop, 15.",996.99,0.9367806,"Dell 2022 Newest Inspiron 15 3000 3511 15.6"" FHD T",689.0,0.93555874
B08XZ8B4HD,Samsung Galaxy Tab Active3 Enterprise Edition 8” Rugged Multi Purpose Tablet |128GB & WiFi | Biometr,SAMSUNG,Computers,489.99,285.5369366810095,-204.45306331899053,204.45306331899053,41.7259665133963,15,0.66504645,"SAMSUNG Galaxy Tab A8 10.5” 64GB Android Tablet, L",223.19,0.72209704,SAMSUNG Galaxy Tab A 8.0-inch Android Tablet 64GB ,214.0,0.7017053,SAMSUNG Galaxy Tab S8+ 12.4” 256GB WiFi 6E Android,889.2,0.6973164
B097MQ7BVC,Smatree 14-15.6 inch Laptop Sleeve Case Compatible with MacBook Pro 16 inch/ 2019 2018 MacBook Pro 1,Smatree,Computers,89.99,23.756867992136613,-66.23313200786339,66.23313200786339,73.60054673615222,15,0.83361053,Smatree 14-16 inch Laptop Sleeve Case Compatible w,89.99,0.9946762,ProCase 14-15.6 Inch Laptop Bag Messenger Shoulder,25.99,0.87533015,FINPAC Hard Laptop Sleeve for MacBook Pro 14-inch ,25.99,0.84019154
B09NPWSJYL,AOPEN Portable Monitor 16PG7QT Pbmiuuzx 15.6-inch Full HD (1920 x 1080) IPS Touch Monitor with 144Hz,AOPEN,Computers,379.99,135.94053949021745,-244.04946050978256,244.04946050978256,64.2252323771106,15,0.7092259,TOPOSH Portable Monitor 15.6” USB Type-C Full HD 1,179.99,0.76545984,"Acer CB273U bemipruzx 27"" WQHD 2560 x 1440 IPS Pro",299.99,0.73610294,ADPOP Portable Monitor 15.6'' FHD 1080P Portable L,89.99,0.7314953
B0919KN7S2,"WiFi Range Extender, 1200Mbps Repeater Wireless Signal Booster 5GHz & 2.4GHz Dual Band with 4 Antenn",OYM,Computers,59.99,36.26219510767009,-23.727804892329914,23.727804892329914,39.55293364282365,15,0.6296466,"WiFi Extenders Signal Booster for Home, WiFi Exten",25.49,0.7827812,"1200Mbps WiFi Range Extender Repeater, Coverage Up",29.99,0.75268215,WAVLINK AC600 Outdoor Weatherproof Wi-Fi Range Ext,69.99,0.68923724
B06XHSNPWD,"eBigValue Vegan Leather Homer Cube Carrying Blue Shoulder Bag with Handles for Apple MacBook Air, Ma",Unknown,Computers,61.98,24.590504576633514,-37.38949542336648,37.38949542336648,60.32509748849062,15,0.769907,DOMISO 13.3 Inch Laptop Shoulder Bag Sleeve Case f,14.99,0.7917545,Laptop Sleeve Carrying Case Cover 13 in Briefcase ,14.99,0.7858636,ECOSUSI Women Briefcase PU Leather Laptop Bag Coll,59.99,0.7771106
B08HLZ3PMN,DC Power Jack Harness Cable for DELL Inspiron 3580 3582 3482 3583 P75F 228R6 DC301012300,Unknown,Computers,9.33,10.084135936183225,0.7541359361832249,0.7541359361832249,8.08291464290702,15,0.7306532,GinTai New DC Power Jack Harness Cable Replacement,7.19,0.8107338,Zahara DC Power Jack & Cable Replacement for Dell ,6.88,0.80824363,DC-in Jack for Dell Precision 15 5510 XPS 15 9550 ,15.98,0.80371207
B08GKK82VD,"ProCase MacBook Pro 13 Inch Hard Shell Case + Sleeve Bag, Compatible with 2022 2020 2019 2018 2017 2",ProCase,Computers,18.99,21.750463297136204,2.760463297136205,2.760463297136205,14.53640493489313,15,0.85506946,ProCase MacBook Air 13 Inch Case 2020 2019 2018 Re,15.99,0.8981247,ProCase for MacBook Pro 16 Inch Case A2780 M2 A248,27.99,0.877323,ProCase MacBook Pro 16 Case 2019 A2141 with Touch ,29.99,0.86435604
B08LSKJX97,MingShore for Lenovo Tab M10 FHD Plus (2nd Gen) Silicone Rubber Rear Bumper TB-X606F TB-X606X TB-X60,MingShore,Computers,23.95,16.471163121950912,-7.478836878049087,7.478836878049087,31.226876317532724,15,0.7517145,DETUOSI Rotating Case for Lenovo M10 FHD Plus 10.3,14.99,0.84381115,Case for Lenovo Tab M10 FHD Plus 10.3 inch 2020 Mo,17.99,0.83193153,ProCase Kids Case for Lenovo Tab K10 10.3 Inch 202,15.99,0.83024746
B07RK9NKSP,MOSISO Compatible with MacBook Air 13 inch Case 2022 2021 2020 2019 2018 Release A2337 M1 A2179 A193,MOSISO,Computers,36.99,22.523112955106008,-14.466887044893994,14.466887044893994,39.11026505783723,15,0.91002727,MOSISO Compatible with MacBook Air 13 inch Case 20,36.99,0.9642282,MOSISO Compatible with MacBook Air 13 inch Case 20,35.99,0.96175724,MOSISO Compatible with MacBook Air 13 inch Case 20,14.99,0.95668656
B00HRA9XMW,"Skinomi Screen Protector Compatible with Samsung Galaxy NotePRO (SM-P900, TabPRO 12.2 inch SM-T900 C",Skinomi,Computers,11.95,16.768744689280727,4.818744689280727,4.818744689280727,40.324223341261316,15,0.7850819,Skinomi Full Body Skin Protector Compatible with S,18.95,0.9752466,Skinomi Screen Protector Compatible with Samsung G,9.95,0.8703793,Skinomi Screen Protector Compatible with Apple iPa,8.95,0.8397561
B081R38YP4,"MOSISO Compatible with MacBook Pro 16 inch Case 2020 2019 Release A2141 with Touch Bar Touch ID, Pro",MOSISO,Computers,22.99,21.753900781751156,-1.2360992182488424,1.2360992182488424,5.376682115044987,15,0.86220276,MOSISO Compatible with MacBook Pro 15 inch Case 20,26.99,0.88820773,MOSISO Compatible with MacBook Pro 16 inch Case 20,16.99,0.8852012,MOSISO Compatible with MacBook Pro 16 inch Case 20,25.99,0.87806374
B00WB8ANYC,3CLeader DVD Burner Writer CD-R ROM Player Drive for Toshiba Qosmio F755 X305 X505 X775,Unknown,Computers,39.95,55.32598742311699,15.375987423116989,15.375987423116989,38.48807865611261,15,0.64001304,B00G3QISMC,295.99,0.70666265,CD DVD Burner Writer Player Drive Replacement for ,39.0,0.6976856,HIGHDING SATA CD DVD-ROM/RAM DVD-RW Drive Writer B,31.99,0.66562706
B01EVQNAW8,"WorldBrand Browning BR-2430 4G/3G LTE, Wi-Fi, Cellular Pretuned Low Profile NMO Antenna, 5 1/2 Tall ",WorldBrand,Computers,66.01,22.699657236739306,-43.3103427632607,43.3103427632607,65.61179027914058,15,0.52246803,9dBi RP-SMA Male 3G 4G LTE Cellular Trail Camera L,6.59,0.5790406,HQRP KIT: WiFi Booster Wireless Antenna Plus RP-SM,12.95,0.57099456,D-Link DIR-619L N 300 High Power Cloud Wireless Ro,28.25,0.56706715
B09Y1KM151,JSJT 137 Keys Botanical Keycaps XDA Profile Keycap Set PBT Dye Sublimation Custom Keycaps for dz60/R,JSJT,Computers,36.99,24.727668863111965,-12.262331136888037,12.262331136888037,33.150395071338295,15,0.8330529,JSJT Japanese keycaps PBT Dye-Sublimation Plum Blo,35.99,0.8656659,GTSP 9009 XDA Retro PBT Keycaps Set for Gaming Key,25.99,0.8563966,140 Keys PBT Keycaps Dye-Sub XDA Profile Milk and ,19.99,0.85636747
B0BGH8W629,"15.6 Inch Laptop Privacy Screen Protector, Anti Glare & Anti Scratch Monitor Screen Filter Compatibl",Unknown,Computers,20.99,28.19081737179733,7.200817371797331,7.200817371797331,34.30594269555661,15,0.8076001,17.3 Inch Anti Glare Blue Light Blocking Laptop Sc,13.59,0.8563363,Computer Privacy Screen Filter for 24 Inch Widescr,49.99,0.8510133,iKammo 2 Pack 17.3 Inch Laptop Screen Protector An,16.99,0.84933937
B086MHSTVD,Intel Core i9-10900K Desktop Processor 10 Cores up to 5.3 GHz Unlocked  LGA1200 (Intel 400 Series Ch,Intel,Computers,319.99,250.57668959724498,-69.41331040275503,69.41331040275503,21.69233738640427,15,0.7916413,Intel Core i9-9900K Desktop Processor 8 Cores up t,358.5,0.931216,Intel® Core™ i9-11900KF Desktop Processor 8 Cores ,403.3,0.92880607,Intel Core i9-9940X X-Series Processor 14 Cores up,892.99,0.80995566
B09QQC2CGH,"HP [Windows 11] 2022 17 Laptop, 11th Gen Intel i3-1115G4, 16GB DDR4, 1TB PCIe SSD, 17.3 Full HD IPS ",HP,Computers,699.99,701.7604419651585,1.7704419651585113,1.7704419651585113,0.252923893935415,15,0.85722524,"HP Newest 17 Laptop, 17.3"" HD+ Display, 11th Gen I",551.45,0.89659476,"[Windows 11 Home] Newest HP Laptop, 17.3” Full HD ",629.0,0.8869216,"HP 2022 Newest Notebook Laptop, 15.6"" Full HD 1080",409.0,0.87474656
B0BQXJN914,"Aomeisi 64GB Micro_SD Card for Cameras, Read 90MB/sec, Write 25MB/sec, Memory Card for G2 D2 C1 Secu",Aomeisi,Computers,10.99,23.606448266641355,12.616448266641354,12.616448266641354,114.79934728518066,15,0.7211981,"LaView 32GB Micro SD Card with 2PK Cameras, microS",67.99,0.79720604,"LaView 64GB Micro SD Card 2 Pack, Micro SDXC UHS-I",19.99,0.7871045,64GB Class 10 Micro SDXC Flash Memory Card for Mob,7.56,0.7416848
B07GCS54RS,"Dell Latitude E6430 14in Laptop, Core i5-3340M 2.7GHz, 4GB Ram, 128GB SSD, DVD, Windows 10 Pro 64bit",Dell,Computers,188.72,273.32278945680406,84.60278945680406,84.60278945680406,44.829795176348064,15,0.8724915,"Dell Latitude E5540 15.6 inches Laptop, Core i5-43",204.62,0.9437398,"Dell Latitude E5470 14 inches HD Laptop, Core i5-6",159.0,0.94282085,"Dell 790 Desktop, Core i5-2400 3.1GHz, 4GB RAM, 50",128.98,0.9100929
B08ZN7FXXY,11 11.6 12 12.1 12.5 inch Laptop Carrying Bag Chromebook Case Notebook Ultrabook Bag Tablet Cover Ne,HAPPYLIVE SHOPPING,Computers,13.86,15.168862062146488,1.3088620621464884,1.3088620621464884,9.443449221836135,15,0.8919562,"14 14.1"" 14.2"" 15"" 15.4"" 15.6"" inch Inch Laptop Sl",15.98,0.9456918,"11"" 11.6"" 12"" 12.1"" 12.5"" inch Laptop Carrying Bag",14.97,0.9418198,RUYIDAY 11 11.6 12 12.1 12.5 inch Laptop Carrying ,13.98,0.9324229
B0B3DKPGTK,"Timecity Samsung Galaxy Tab A7 Lite Case 8.7 inch 2021, SM-T220/ T225/ T227 Durable Sturdy Protectio",Timecity,Computers,15.99,17.26535927346139,1.2753592734613886,1.2753592734613886,7.975980446912999,15,0.80287457,Timecity Samsung Galaxy Tab A7 10.4 Case 2020/2022,27.99,0.8729683,"Timecity Samsung Galaxy Tab A 10.1 Case 2019,ONLY ",27.99,0.81769395,Case for Samsung Galaxy Tab A 8.0 inch 2019 (SM-T2,11.99,0.815909
B09P7YLMFP,"WESOROL Alcatel Joy Tab 2 Case,Alcatel Joy Tab 2 Case for Kids,Heavy Duty Shockproof Hybrid Protecti",WESOROL,Computers,12.99,17.635846111928842,4.645846111928842,4.645846111928842,35.7647891603452,15,0.72658384,Alcatel Joy Tab 2 8 inch 2020 Kids Case(Model 9032,14.9,0.8586751,SOATUTO for Alcatel Joy Tab 2 / TCL 8 inch Tablet ,29.99,0.81810343,"Bige Case for Alcatel Joy Tab Rotating Case,360 De",13.99,0.79827297
B09Z96ZX9J,ANBAC 15.6 Inch Laptop Privacy Screen Shield for 16:9 Wide Display - Anti Glare Computer Privacy Scr,Unknown,Computers,48.99,29.703340467173483,-19.28665953282652,19.28665953282652,39.36856405965813,15,0.7778855,GUMIKE 15.6 Inch Laptop Privacy Screen Filter for ,15.99,0.82393605,15.6 Inch Laptop Anti Blue Light Blocking Screen P,25.88,0.8147649,SenseAGE Privacy Screen Protector Filter for Wides,73.99,0.8022469
B0711Q5GP4,"Thankscase Case Compatible for iPad Air 10.5"" (3rd Gen) / iPad Pro 10.5, Rotating Case Cover with Pe",Thankscase,Computers,23.99,16.678500919851544,-7.3114990801484545,7.3114990801484545,30.477278366604647,15,0.8567477,Thankscase Case Compatible for iPad 9.7 inch 2018 ,25.99,0.89267194,Thankscase Rotating Case Compatible with iPad Air ,15.99,0.88726145,Thankscase Case for iPad Mini 3/2 / 1 (Not for iPa,13.99,0.8789743
B001G532SU,"Humanscale CPU Holder, Black - CPU555",Humanscale,Computers,99.0,134.7690400992674,35.769040099267386,35.769040099267386,36.13034353461352,15,0.49450126,Bundle Deal Mobotron MS-526 Heavy-Duty Laptop Moun,169.99,0.556228,CTA Digital PAD-RBLS Universal Rotating Base Lapto,38.61,0.5226424,Dell 330-4528 Poweredge R710 Ready Rails Sliding,205.0,0.51927245
B00196PQX0,"SANOXY MCSD-MSDuo/miniSD/SD: MicroSD Adapter Set (SD, miniSD, Memory Stick Pro Duo)",SANOXY,Computers,9.99,22.65052734190293,12.66052734190293,12.66052734190293,126.73200542445375,15,0.57199126,Unitek SD Card Reader USB 3.0 3 Port Memory Card R,15.99,0.6084683,Kingston Professional MicroSDHC 32GB (32 Gigabyte),10.09,0.60007054,SanDisk SDDR-107-A10M MobileMate MS+ USB 2.0 Mobil,7.99,0.5970521
B07957Q6RY,"Seagate 1TB Barracuda 2.5"" Hard Drive ST1000LM049 (SATA 6Gb/s/128MB/7200 RPM)",Seagate,Computers,67.0,131.8645455574026,64.86454555740261,64.86454555740261,96.81275456328747,15,0.7630297,Seagate Barracuda Pro Performance Internal Hard Dr,53.99,0.8541384,Seagate 8TB BarraCuda Pro 7200RPM SATA 6Gb/s 256MB,798.68,0.8257363,Seagate BarraCuda Pro Performance Internal Hard Dr,235.0,0.82088673
B009OS4XHK,ArmorSuit MilitaryShield Black Carbon Fiber Skin Wrap Film + HD Clear Screen Protector for Apple iPa,ArmorSuit,Computers,19.95,14.95427847108849,-4.99572152891151,4.99572152891151,25.041210671235635,15,0.7906543,ArmorSuit MilitaryShield Full Body Skin Film + Scr,19.95,0.902272,ArmorSuit MilitaryShield Full Body Skin Film + Scr,19.95,0.8878807,ArmorSuit MilitaryShield Screen Protector for New ,12.95,0.87721443
B077BGKMJ9,"HP Carrying Case for 14.1"" Notebook, Credit Card, Passport, Accessories",HP,Computers,22.92,34.702975685313056,11.782975685313055,11.782975685313055,51.409143478678246,15,0.7270795,"HP 3KJ74AA#ABL Envy Urban 14"" Laptop Totebag",69.99,0.77847445,Laptop Sleeve Carrying Case Cover 13 in Briefcase ,14.99,0.75902915,"Dell J1V9M Professional Briefcase 14,Black",59.95,0.74893785
B09VGRVXJB,TISOFU [Ultra Certified] 8K HDMI Cable 10FT: HDMI 2.1 Cables 48Gbps High Speed Premium Braided Cord ,TISOFU,Computers,18.98,23.146926375610374,4.166926375610373,4.166926375610373,21.95430124136129,15,0.6801387,"LEADSTAR HDMI Cable 4K 60HZ 25 Ft, 18Gbps High Spe",18.99,0.76500595,"8K Fiber Optic HDMI Cable 33ft, Ultra High Speed 4",34.99,0.74101883,Tesmax 8K HDMI Cable 48Gbps 5FT Certified Ultra Hi,13.99,0.7355501
B00EX9DH5E,"Geforce 8800 GTX Video/Graphics Card Fan, Geforce 8800 GTS Video/Graphics Card Fan, Delta BFB1012L /",PartsCollection,Computers,9.99,27.606326305933166,17.616326305933164,17.616326305933164,176.3396026619936,15,0.66662705,QUETTERLEE Replacement New Laptop CPU Cooling Fan ,32.99,0.7159621,Tebuyus Replacement Video Card Cooling Fan For R9 ,15.99,0.70987004,Tebuyus T129215SU 12V 0.5A 87mm 4 Pin Graphics Car,15.99,0.69660854
B009LPMXH8,HungryPi.com CY Raspberry Pi Case (Raspberry),HungryPi.com,Computers,12.99,39.34189955627039,26.35189955627039,26.35189955627039,202.86296810061884,15,0.53054404,"Acrylic Case for Raspberry Pi + Digione (RPi 4b, B",25.57,0.5764276,Cygnett Cy0968Cieni Black Ipad Mini Case Enigma Sl,29.99,0.5687504,"Zebra Case - Raspberry Pi 3 B+, Pi 2, Pi B+ and 2B",19.99,0.5503288
B0C1PBS5X2,"Universal 10 10.1 Inch Android Tablet Case, Universal Tablet Case Cover for 10 10.1 Inch Tablet, Dlu",Dluggs,Computers,14.99,16.313881802469446,1.3238818024694456,1.3238818024694456,8.83176652748129,15,0.7810762,"Universal Case for 9-10 Inch Tablet, Techcircle Fo",18.99,0.8219354,"Universal 9.5-10.5 Inch Tablet Case, Techcircle Sl",18.99,0.8169161,"Universal Case for 9.5-10.5 inch Tablet, Chgdss fo",13.99,0.8102589
B01GMY7G2M,Samsung Tab A 10.1 Book Cover (EF-BT580PWEGUJ),SAMSUNG,Computers,13.49,19.768708519157386,6.2787085191573855,6.2787085191573855,46.54342860754178,15,0.7587301,Samsung Book Cover for Galaxy Tab 2 10.1 -Orange,19.99,0.85515684,Samsung Book Cover for Galaxy Tab S 8.4 (EF-BT700W,49.0,0.84552014,Samsung Electronics Book Cover for Galaxy Tab A 8.,29.99,0.8408733
B07BTX144K,UL Listed 45W AC Charger Compatible with Asus Vivobook Flip 15 TP510U TP510UA TP510UQ TP510 Laptop P,Nicpower,Computers,17.99,26.84161546820289,8.85161546820289,8.85161546820289,49.202976476947704,15,0.75119597,UL Listed AC Charger Compatible with Asus Vivobook,20.99,0.8345829,Pwr Laptop Charger Power Adapter for Asus: UL List,22.9,0.78987384,AC Charger Fit for Asus Vivobook Flip 14 TM420UA T,23.99,0.7833529
B08Q33V28Q,PrimoChill Universal Aluminum SX GPU Support Bracket - Sky White,Unknown,Computers,29.99,207.55391286764774,177.56391286764773,177.56391286764773,592.0770685816864,15,0.6224726,upHere Graphics Card GPU Brace Support Video Card ,9.99,0.68430233,EZDIY-FAB GPU Holder Brace Graphics Card GPU Suppo,23.99,0.6490786,"novonest GPU Support Bracket,5V 3PIN ARGB Graphics",17.69,0.64779913
B007IFRCYC,V7 Mini Displayport (Thunderbolt) to HDMI Adapter for Viewing Full HD Video and Digital Audio on Mon,V7,Computers,13.25,18.04775996975966,4.79775996975966,4.79775996975966,36.20950920573328,15,0.69403416,Upgrow Thunderbolt to HDMI Adapter Aluminum Mini D,11.49,0.7816154,Cable Matters Mini DisplayPort to VGA Adapter (Min,10.99,0.76312196,"C2G Mini Display Port to Display Port Adapter, Mal",13.26,0.7241355
B085M1JLQ5,"Pefcase iPad 9.7 inch 2018/2017 Case/iPad Air/iPad Air 2 Cover, Premium PU Leather Folio Stand Walle",Pefcase,Computers,14.99,17.850564505704263,2.8605645057042626,2.8605645057042626,19.08315213945472,15,0.8407329,Pefcase iPad 9.7 inch Case iPad 2018/2017/iPad Air,18.98,0.86182374,"Pefcase iPad Mini 5 Case, iPad Mini 1/2/3/4/5th Ge",18.99,0.8601968,"Pefcase iPad Air 4 10.9'' 2020 Case, iPad 11'' Pro",16.98,0.8594905
B09JW8M5QK,10.1 inch Android 8.1 Metal Ultra-Thin Flat Panel Dual SIM Card Slot 2.5D Flat Glass Touch Screen 2G,TABASTHER,Computers,80.0,93.30514898681498,13.305148986814984,13.305148986814984,16.63143623351873,15,0.7380751,bestenme 9.7 inch Tablet Octa Core 25601600 IPS Bl,119.0,0.8066978,"AOYODKG 10 inch Tablet Dual SIM Card Sot,HD Androi",71.98,0.79252577,"Tablet 10 Inch Android 9.0, 2GB+32GB, Quad-Core Pr",48.99,0.7731307
B09X26YSHV,"HP Pavilion 17 Laptop, 17.3"" FHD IPS 100% sRGB Display, 11th Gen Intel Core i5-1135G7, Intel Iris Xe",HP,Computers,749.99,678.2770094430867,-71.71299055691327,71.71299055691327,9.561859565715979,15,0.87855285,"HP 17 Laptop, 17.3"" FHD Display, 12th Gen Intel i5",924.99,0.9174343,"2022 HP Pavilion 17 Laptop, 17.3"" HD+ Touch Displa",629.98,0.90988314,"HP P Laptop, 17'' HD+ Anti-Glare Screen, 11th Gen ",779.99,0.8921665
B07GYSGWKP,GinTai Laptop Power DC Jack Charging Port Connector Socket Plug Replacement for MSI GF75 Thin 8RC 8R,Unknown,Computers,8.88,9.274641645780932,0.39464164578093097,0.39464164578093097,4.444162677713186,15,0.7189421,Suyitai Replacement for MSI GS66 MS-16V11 Laptop D,8.88,0.810028,ZAHARA DC in Power Jack Socket Plug Charging Port ,8.88,0.8035648,Zahara DC Power Jack with Cable Socket Plug Port R,7.8,0.7565936
B08CGRPF5D,"Kingdel Mini Desktop Computer with Intel i7-7820HK 4 Cores up to 3.9Ghz CPU, 16GB RAM, 512GB SSD, Ty",KINGDEL,Computers,436.5,427.40136927980757,-9.098630720192432,9.098630720192432,2.084451482289217,15,0.77737015,"KINGDEL Fanless Mini Desktop Computer, Mini PC wit",325.0,0.90029335,"KINGDEL® NC860 Mini Desktop Computer, Fanless Mini",555.0,0.877753,KINGDEL Desktop Computer Intel i5 8th Gen. CPU wit,551.0,0.8687557
B07T688Q8X,"2X Battery Cover Door for Xbox One Controller, Battery Back Shell Repair Part Compatible with Xbox O",Trenro,Computers,5.97,45.58806866441421,39.61806866441421,39.61806866441421,663.6192406099533,15,0.48934853,Deal4GO Front Housing Shell Faceplate Top Cover Re,7.99,0.6342171,Soft Touch Purple Galaxy UN-MODDED Controller Comp,109.94,0.5566932,New Replacement Full Housing Shell Cover Case with,23.99,0.5092523
B07N2WQZTS,"ELIATER PCIe Firewire Card for Windows 10, IEEE 1394A PCI Express Controller 4 Ports(3 x 6 Pin and 1",ELIATER,Computers,19.98,26.818447121769132,6.838447121769132,6.838447121769132,34.226462070916575,15,0.603369,Ableconn PEX-FW107 1394b & 1394a 3-Port PCI Expres,55.0,0.78048,SIIG IO Card NN-FW0012-S1 9pin 6pin FireWire adapt,93.19,0.67821175,"XMSJSIY Firewire Adapter,1394a 6 pin Female to 139",7.8,0.66233575
B0BLHQC95V,"Logitech MX Mechanical Full-Size Illuminated Wireless Keyboard, Tactile Quiet, and MX Master 3S Perf",Logitech,Computers,268.99,67.73846672957363,-201.25153327042636,201.25153327042636,74.81747770193181,15,0.69046557,Logitech MX Mechanical Mini for Mac Wireless Illum,149.99,0.82307935,Logitech MX Keys Advanced Wireless Illuminated Key,207.94,0.81513184,Logitech MX Ergo Plus Advanced Wireless Trackball ,86.53,0.7220633
B07W91Q1C6,65W 45W AC Power Cord Fit for Dell Ultra HD 4K Triple Display Wireless Docking Station D1000 D3100 5,Superer,Computers,30.99,58.90555759957624,27.915557599576243,27.915557599576243,90.07924362560905,15,0.68939084,90W 65W USB C Charger Fit for Dell Latitude 5420 5,39.99,0.7076694,LA65NS2-01 PA-12 Docking Station AC Adapter Charge,12.55,0.70514476,65W Type-C Charger Laptop Power Cord for Dell XPS ,21.99,0.7044673
B0874KBRRZ,"Smatree Cellphone & Tablet Holder for Desk, Tablet Holder Mount with 360° Rotation Compatible with i",Smatree,Computers,69.99,30.81367115728154,-39.176328842718455,39.176328842718455,55.97418037250815,15,0.7195412,Lamicall Tablet Floor Stand - Gooseneck Swivel Tab,69.99,0.7696714,"Tablet Stand, Adjustable Heavy Duty Aluminum Stand",34.99,0.7583713,Magichold 360 Degree Rotating Bed Tablet Mount Hol,34.99,0.75745654
B00XLV1GQ2,Universal Floor Mount for Mobotron Universal Laptop Mount,Mobotron,Computers,30.43,52.79753864034806,22.36753864034806,22.36753864034806,73.50489201560322,15,0.528977,Bundle Deal Mobotron MS-526 Heavy-Duty Laptop Moun,169.99,0.612828,uxcell Laptop Computer Shockproof Phillips Flat He,9.99,0.56973207,AA-Products T-100AP Aluminum Vehicle Tablets/Lapto,94.9,0.56558007
B009ADV6DS,Valley Enterprises Icom OPC-1122 USB FTDI Chipset Two-Way Radio Programming Cable,Valley Enterprises,Computers,29.99,60.7276852208944,30.737685220894402,30.737685220894402,102.49311510801735,15,0.50080174,Adafruit FTDI Serial TTL-232 USB Cable [ADA70],24.63,0.52703196,Valley Enterprises USB to RS232 Serial DB9 Cable A,31.99,0.5248246,GIGABYTE WIFI 6 GC-WBAX200 (2x2 802.11Ax/ Dual Ban,34.99,0.5139695
B000WHKT5W,CF 2GB MEMORY CARD for Polaroid 620 / FUN! FLASH 640CF / MP3 / PDC 1000 / PDC 1050 / PDC 1100 / PDC ,Dane-Elec,Computers,17.25,30.670018946749654,13.420018946749654,13.420018946749654,77.79721128550524,15,0.67242014,HSANYIUR Extreme 8GB Compactflash Memory Card UDMA,17.99,0.7242885,Olympus E-410 Digital Camera Memory Card 32GB Comp,27.96,0.7108335,Fujifilm FinePix XP60 Digital Camera Memory Card 8,11.49,0.6970408
B07M9YY7RH,CPU Cooling Fan Replacement fit for HP 15-AY012DX 15-AY013DX 15-AY013NR 15-AY014DX 15-AY016CA,Unknown,Computers,6.99,21.92838837031421,14.93838837031421,14.93838837031421,213.71084936071833,15,0.7444882,New Laptop CPU Cooling Fan for HP Envy 15-AE 15-AE,14.99,0.83847016,Givwizd Replacement CPU Cooling Fan Compatible wit,29.99,0.801043,BAY Direct Replacement CPU Fan for HP Omen 15-AX 1,15.99,0.7795043
B01B28D3FW,Verizon Ellipsis 10 Tablet Memory Card 32GB microSDHC Memory Card with SD Adapter,Transcend,Computers,9.89,16.990079368355566,7.100079368355566,7.100079368355566,71.79048906325141,15,0.7546818,Verizon Ellipsis 10 Tablet Memory Card 16GB microS,11.95,0.9732331,Verizon Ellipsis 8 Tablet Memory Card 32GB microSD,7.99,0.94299686,Samsung SM-T530 Tablet Memory Card 64GB microSDHC ,12.95,0.7573421
B0BY4TLCT1,"USB C Extension Cable 6.6ft, USB Type-C 3.1 Extender Cord 100W 10 Gbps, USB C to USB C Male to Femal",UV-CABLE,Computers,7.59,11.405172532889003,3.8151725328890027,3.8151725328890027,50.265777771923624,15,0.73624045,"UseBean Right Angle USB C Extension Cable 6FT, 90 ",13.99,0.825279,CableCreation USB C Cable 10FT USB A to USB C Cabl,12.59,0.77065617,"USB C to DisplayPort, gofanco USB Type C to DP Cab",8.88,0.7579467
B08V4L9TZ2,AITRIP 4 Channel 5V Solid State Relay Module Board High Level Trigger Compatible with Uno Duemilanov,AITRIP,Computers,10.99,160.0048681136675,149.0148681136675,149.0148681136675,1355.9132676402864,15,0.50109065,Cisco SF250-48HP Smart Switch | 48 Fast Ethernet P,599.99,0.53522,SEASONIC SSP-300SUB 300W 80 PLUS Bronze Flex ATX P,69.99,0.52843094,Rosewill 1600-Watt Intel Haswell Ready 80 Plus Sil,225.99,0.5210227
B0B2WD29K4,DIDIVO USB C Flash Drive 128GB 2-in-1 Dual USB Type -C Flash Drive USB 3.1 High Speed Thumb Drive Me,DIDIVO,Computers,21.96,17.995650346042982,-3.9643496539570187,3.9643496539570187,18.052594052627587,15,0.7859882,"Dolomy USB C Flash Drive, 128GB USB 3.1 to USB C D",27.99,0.8381003,THKAILAR 32GB USB-C Flash Drive- 64GB 128GB 256GB ,8.99,0.82679135,Flash Drive 32GB Dual USB C USB 3.0 OTG with Keych,9.99,0.82237136
B01J6DR7SE,"Rivacase 3137 Universal 10 Inch Tablet Cover Case with Camera Access, Smart, Protective, Red Vegan L",Rivacase,Computers,36.61,16.269519278489568,-20.34048072151043,20.34048072151043,55.55990363701292,15,0.6763716,"Universal Case for 9.0""-10.5"" Tablet, Artyond PU L",17.99,0.7159475,"Universal Case for 9-10.5 inch Tablet, Newshine St",15.99,0.7064706,"Universal Case for 9-10 Inch Tablet, Techcircle Fo",18.99,0.6920302
B00M7EM5OG,"(3 Pack) Supershieldz Designed for LeapFrog Leappad Ultra 7 inch Screen Protector, High Definition C",Supershieldz,Computers,7.99,8.832539960270557,0.8425399602705568,0.8425399602705568,10.544930666715354,15,0.82325083,(3 Pack) Supershieldz Designed for Leapfrog LeapPa,7.99,0.9320375,(3 Pack) Supershieldz Designed for School Zone Lit,7.99,0.883044,(3 Pack) Supershieldz Designed for All-New Fire HD,10.99,0.84445137
B078R3K3M1,Genuine Leather Vintage Laptop Messenger Handmade Briefcase Bag Satchel By Vintage Couture,Cuero,Computers,59.99,69.60933623929691,9.619336239296906,9.619336239296906,16.034899548752968,15,0.81906205,Handmadecraft Leather Unisex Real Leather Messenge,38.99,0.90750587,cuero DHK 14 Inch Vintage Handmade Leather Messeng,59.99,0.8607491,HULSH Vintage Leather Laptop Bag for Men Full Grai,84.98,0.8535105
B083THWV2Y,"WiFi Range Extender 1200Mbps Signal Booster Repeater, Foscam 2.4G & 5GHz Dual Band Wireless Amplifie",FOSCAM,Computers,58.99,77.71323450620349,18.72323450620349,18.72323450620349,31.73967537922273,15,0.62473327,"WiFi Extenders Signal Booster for Home, WiFi Exten",25.49,0.76130915,"1200Mbps WiFi Range Extender Repeater, Coverage Up",29.99,0.7608545,WAVLINK AC600 Outdoor Weatherproof Wi-Fi Range Ext,69.99,0.6507567
B004S58DKW,"ACER ASPIRE 7741Z-4643 Laptop Screen 17.3"" LED BL WXGA++ 1600 x 900 (SUBSTITUTE REPLACEMENT LED SCRE",Acer,Computers,64.36,61.677328930722524,-2.6826710692774753,2.6826710692774753,4.168227267367115,15,0.78608316,"HP G72-B60US Laptop Screen 17.3"" LED BL WXGA++ 160",64.36,0.8661277,"HP G72-C55DX Laptop Screen 17.3"" LED BL WXGA++ 160",70.18,0.8623416,"ACER ASPIRE 5253-BZ893 LAPTOP LCD SCREEN 15.6"" WXG",59.73,0.85660875
B0BJKDDC16,"90 Degree Coiled USB Type C Cable,AICse USB A to USB C Cable (5.9ft 60W) Scalable Spring PD Type C C",AICase,Computers,13.99,10.645637833668808,-3.3443621663311927,3.3443621663311927,23.90537645697779,15,0.76505166,"USB C to USB A Cable 1M(3.3FT), BEST CABLE USB C t",6.99,0.8053677,CableCreation USB C Cable 10FT USB A to USB C Cabl,12.59,0.798249,"AkoaDa USB C to USB C 100W Cable 10 FT, 5A Type C ",5.99,0.78601706
B0841PJT6Z,"mCover Case Compatible for 2019~2021 11.6"" Lenovo Chromebook C340 Series 2-in-1 Laptop Computers ONL",mCover,Computers,19.99,22.268658680407594,2.2786586804075952,2.2786586804075952,11.39899289848722,15,0.8557295,"mCover Hard Shell Case for 2019 14"" Lenovo 14e Ser",19.99,0.91779023,"mCover Case Compatible for 2020~2021 11.6"" Lenovo ",21.99,0.8972647,"mCover Case Compatible for 2021~2022 14"" HP Chrome",23.95,0.89694345
B0188G22VW,"Comp Bind Technology, Dust Cover for Samsung Xpress C410W Color Printer, Black Nylon Anti-Static Cov",Comp Bind Technology,Computers,17.99,23.423585988886913,5.4335859888869145,5.4335859888869145,30.203368476303027,15,0.73100734,Comp Bind Technology Dust Cover Compatible with Ep,21.99,0.8222194,Comp Bind Technology Dust Cover for HP Envy Pro 64,18.99,0.820768,Comp Bind Technology Dust Cover Compatible with Ep,19.99,0.8042481
B01CHSP6KG,"Targus Multi-Gen 3D Tablet Folio Case for Dell Venue 11 7140, Latitude 11 5175, and Latitude 11 5179",Targus,Computers,32.07,20.840333152890103,-11.229666847109897,11.229666847109897,35.0161111540689,15,0.6280625,ProCase Galaxy Tab A 8.0 Case 2017 Old Model T380 ,21.99,0.64887834,Premium Canvas Busniess Zippered Carrying Sleeve B,14.99,0.63924164,Dell Venue Rotating Folio Case for Ven 10 and 10Pr,27.0,0.6383514
B0B2K5T9G8,"KingSpec 128GB 2.5"" SATA SSD, SATA iii 6Gb/s Internal Solid State Drive - 3D NAND Flash, for Desktop",KingSpec,Computers,12.59,54.828025474941875,42.23802547494188,42.23802547494188,335.48868526562256,15,0.7712476,"KingSpec SSD 128GB 2.5"" SATA3 Internal Solid State",21.0,0.8364909,SSD M.2 2242 64GB NGFF SHARKSPEED Plus M2 SSD 3D N,13.99,0.80888426,Kingshark Gamer SSD M.2 2242 1TB Internal Ngff SSD,96.0,0.80819035
B087JZMMPB,"SCREENARAMA New Screen Replacement for HP Pavilion 15-DK0068WM 7MP87UA, FHD 1920x1080, IPS, Matte, L",Unknown,Computers,57.49,58.91084549508378,1.4208454950837748,1.4208454950837748,2.4714654637046003,15,0.9056089,SCREENARAMA New Screen Replacement for HP Pavilion,72.45,0.983611,SCREENARAMA New Screen Replacement for HP Pavilion,72.45,0.9751992,SCREENARAMA New Screen Replacement for HP 15-GW002,50.3,0.9435405
B00HHXZ0RQ,CERTICABLE 250' FT CAT-6 Outdoor Flooded with Gel Filled Direct Burial Cable Waterproof Wire NO CONN,Certicable Inc.,Computers,125.0,98.41831211335086,-26.581687886649135,26.581687886649135,21.26535030931931,15,0.6666594,Ultra Spec Cables 300ft Cat6 Outdoor Waterproof Et,144.95,0.74083924,Ultra Spec Cables 330ft Cat6 Outdoor Waterproof Et,125.97,0.73462445,Ultra Spec Cables 30ft Cat5e Outdoor Waterproof Et,44.99,0.71367216
B09RB67TXC,"XINHUAYI USB 3.0 Flash Drive 1000GB Intended for iPhone, USB Memory Stick External Storage Thumb Dri",XINHUAYI,Computers,23.99,33.098869777660084,9.108869777660086,9.108869777660086,37.96944467553183,15,0.7656841,"SCICNCE 128GB Photo Stick for iPhone Flash Drive, ",23.99,0.8324233,"512GB Photo Stick for iPhone, Qainerly USB Flash D",69.99,0.83105445,"SCICNCE 1TB Photo Stick iPhone Flash Drive, for iP",45.99,0.8277656
B016LR5OY2,Xboun Butterfly Series EVA Shock Proof Protective Case for Apple iPad Mini 1/Mini 2/ Mini 3/Mini 4/M,Xboun,Computers,15.99,16.063580638943087,0.07358063894308664,0.07358063894308664,0.4601665975177401,15,0.7299004,Xboun Kids Case for iPad Mini 5 4 3 2 (Old Model，7,10.99,0.83610797,JGY iPad Mini 6 8.3 Pretty Butterfly Case for Kids,15.99,0.7623313,iPad Mini 1/2/3/4/5 Kids Case - CHINFAI Shockproof,21.99,0.7618015
B00M1BU6NM,Intel Processor Xeon LGA2011-3 2.30G 35M Proc E5-2695V3 14C DDR4 Up to 2133MHZ BX80644E52695V3,Intel,Computers,98.66,141.7504327956756,43.09043279567561,43.09043279567561,43.67568700149565,15,0.7950509,Intel Xeon CPU E5-1607V3 SR20M 3.10GHz 4-Cores 10M,8.99,0.89522135,Intel Core i5-3570 Quad-Core Processor 3.4 GHz 6 M,49.85,0.8618369,Intel Xeon Processor E5-2660 v2 (25M Cache 2.20Ghz,22.07,0.817782
B08MXTYJ2Y,HINYSENO PCI-E 7.1 Channel Stereo Sound Card PCI Express X1 Signal-Noise-Reduction Win XP/Win 7/ Win,HINYSENO,Computers,29.99,163.06932783550545,133.07932783550544,133.07932783550544,443.74567467657704,15,0.51971114,"GODSHARK PCIe Sound Card, 5.1 Internal Sound Card ",18.99,0.6462424,VAlinks USB 2.0 External Sound Card 6 Channel 5.1 ,21.99,0.5945314,Creative Sound Blaster X4 Hi-Res 24bit/192kHz Exte,149.99,0.55751884
B09BPZ4BV4,HP Envy FHD IPS Touchscreen Laptop 11th Gen Intel Core i7-1165G7 12GB Memory 512GB SSD + 32GB Intel ,HP,Computers,985.99,674.2251485586347,-311.7648514413653,311.7648514413653,31.619473974519547,15,0.845598,"HP 2023 Pavilion x360 14"" FHD Touchscreen 2-in-1 L",739.0,0.87891746,"HP Newest Envy X360 2-in-1 Flip Laptop, 15.6"" Full",755.99,0.8625649,"HP 17.3"" FHD Laptop, 11th Gen Intel Core i5-1135G7",672.0,0.8609834
B07BP1YMRV,Kuzy Compatible with MacBook Pro 13 inch Case 2021 2020 2019 2018 2017 2016 Release A2338 M1 A2289 A,Kuzy,Computers,20.79,39.42646761460813,18.63646761460813,18.63646761460813,89.64149886776397,15,0.8179634,Kuzy Compatible with MacBook Pro 15 inch Case with,39.99,0.8812996,Kuzy Compatible with MacBook Air 13 inch Case 2017,25.99,0.8751929,Kuzy Leather Case Compatible with MacBook Air 13 i,39.99,0.85776585
B0BY2Z27LC,MSI GF65 Thin 9SD-837 i7-9750H/GTX1660Ti/8GB/512G/Win10 Gaming Laptop,MSI,Computers,899.0,819.0884951589547,-79.91150484104526,79.91150484104526,8.888932685322052,15,0.8216121,"Acer Nitro 5 AN517-41-R7EY Gaming Laptop, AMD Ryze",723.0,0.8752401,"ASUS TUF Gaming A15 Gaming Laptop, 15.6” 144Hz Ful",853.0,0.85028493,"Newest MSI GF63 Premium Gaming Laptop, 15.6"" FHD T",784.14,0.84218615
B09FNXHYCX,Sceptre 29-inch IPS UltraWide Monitor 2560 x 1080 75Hz HDMI DisplayPort 119% sRGB up to 300 Lux Buil,Sceptre,Computers,209.97,315.0513962689432,105.08139626894322,105.08139626894322,50.0459095437173,15,0.7656798,Sceptre IPS 24-Inch Computer LED Monitor 1920x1080,94.97,0.87554556,LG 27UL850-W 27 Inch UHD (3840 x 2160) IPS Display,329.99,0.7831262,ViewSonic VP2468_H2 24-Inch Premium Dual Pack Head,429.99,0.7796388
B00L45Q5DG,Incipio Invert Reversible Universal Folio 10-Inch (UNV-100-BLKGRY),Incipio,Computers,19.99,17.48568099147178,-2.504319008528217,2.504319008528217,12.527858972127149,15,0.6570838,Incipio Invert Reversible Universal Folio 7-Inch (,10.0,0.8997157,"Universal Case for 9-10 Inch Tablet, Techcircle Fo",18.99,0.656133,"Fintie Case for Onn. 10.1"" Tablet Pro (Model: 1000",16.99,0.6519568
B005MKAK12,HP PAVILION DV6-3033CL Laptop Screen 15.6 LED BOTTOM LEFT WXGA HD 1366x768 [PC],HP,Computers,65.33,59.09291329560342,-6.237086704396582,6.237086704396582,9.547048376544593,15,0.8625664,HP PAVILION DV6-3231NR Laptop Screen 15.6 LED BOTT,65.33,0.99235237,HP PAVILION DV6-3259WM US Laptop Screen 15.6 LED B,65.33,0.989,"Acer Aspire 5250-BZ873 Laptop LCD Screen 15.6"" WXG",65.33,0.9023444
B09MKB89HX,Kwumsy P2 Pro Triple Portable Monitor Laptop Screen Extender 13.3'' Multi-Function External Screen D,Kwumsy,Computers,599.0,254.01775547033924,-344.98224452966076,344.98224452966076,57.59302913683819,15,0.6747561,BQAA 12'' Portable Monitor for Laptop Screen Exten,189.74,0.74286175,"FICIHP Triple Screen Laptop Monitor, 12’’ Portable",359.9,0.7370298,SideTrak Solo Triple Portable Monitor for Laptop |,539.99,0.7189144
B089T73ZB9,"Dell 144Hz Gaming Monitor FHD 24 Inch Monitor - 1ms Response Time, LED Edgelight System, AMD FreeSyn",Dell,Computers,199.0,235.49683219000994,36.49683219000994,36.49683219000994,18.340116678396953,15,0.73748106,Dell G2722HS IPS 27 Inch 165Hz Gaming Monitor - (F,256.91,0.79786193,"Dell Curved Gaming, 34 Inch Curved Monitor with 14",384.99,0.78863287,ViewSonic Omni VX2418C 24 Inch 1080p 1ms 165Hz Cur,129.99,0.7644416
B096KHSCB5,Somnambulist 120GB 240GB 480GB SATA3 SSD Hard Drive 2.5 inch Solid State Drive SSD (Red Dragon-120G),Somnambulist,Computers,15.99,43.95640131791941,27.966401317919406,27.966401317919406,174.8993203121914,15,0.69626945,SSD M.2 2242 64GB NGFF SHARKSPEED Plus M2 SSD 3D N,13.99,0.7909335,Inland Professional 3 Pack 256GB SSD SATA III 6Gb/,59.99,0.71381277,Dogfish M.2 2242 SSD 256GB 3D NAND TLC SATA III 6 ,31.0,0.71254534
B085CNCXMT,Swissdigital Cosmo 3.0 Integrated Massaging Backpack Fits Laptops up to 15.6 inches Pre-Wired USB Ch,Swissdigital,Computers,229.85,32.65861718954661,-197.19138281045338,197.19138281045338,85.79133470108914,15,0.6434198,"LOVEVOOK Laptop Backpack Purse for Women, 17 Inch ",39.98,0.69123584,LOVEVOOK Laptop Backpack for Women 15.6 Inch Lapto,30.59,0.6905225,"AMBOR Travel Laptop Backpack,17.3 inch Anti Theft ",29.99,0.65297
B07F2G3SJ3,"2019 HP Pavilion 15 Laptop 15.6"" Touchscreen, Intel Core i7-8550U, Intel UHD Graphics 620, 1TB HDD +",HP,Computers,908.0,646.3514914350828,-261.64850856491717,261.64850856491717,28.815915040189115,15,0.8636331,"2020 HP 15.6"" HD Touchscreen Premium Home & Busine",515.0,0.89571446,"HP Newest Pavilion 15.6” Laptop, Intel Pentium Qua",499.99,0.89086837,"HP 2019 15.6"" HD Touchscreen Laptop Computer, 7th ",600.0,0.8816362
B07VJHS9WS,Cables Direct Online Blue 200ft Cat6 Ethernet Network Cable RJ45 Internet Modem Patch Cord,Cables Direct Online,Computers,26.95,53.94073632927832,26.990736329278324,26.990736329278324,100.15115521068023,15,0.80186766,Cables Direct Online Grey 100ft Cat6 Ethernet Netw,15.95,0.95518506,Cables Direct Online Black 30ft Cat6 Ethernet Netw,8.95,0.9434999,"Cat6 Ethernet Cable, 75 ft - RJ45, LAN, UTP CAT 6,",18.99,0.8113354
B07NW422T1,"iMBAPrice White Cat5e RJ45 Punch Down Keystone Jack, 25 Pack, (IMBA-C5KSPD-WT-25PK)",IMBAPrice,Computers,19.99,23.568847844836625,3.578847844836627,3.578847844836627,17.903190819592933,15,0.72634405,iMBAPrice RJ45 Female to Female UTP CAT.6 Keystone,14.99,0.8145945,"iMBAPrice 25' Cat5e Network Ethernet Patch Cable, ",26.99,0.7610533,iMBAPrice - 10 Ft (10ft) Cat6 Ethernet Network Pat,6.59,0.75744474
B09TZV5B8M,"HP 2022 Newest Victus 15.6"" FHD IPS Premium Gaming Laptop | 12thGen Intel Core i5-12450H | NVIDIA Ge",HP,Computers,653.0,629.2290535017328,-23.77094649826722,23.77094649826722,3.6402674576213205,15,0.806713,"HP 2023 Pavilion x360 14"" FHD Touchscreen 2-in-1 L",739.0,0.8331087,"HP 2022 15.6"" FHD Touchscreen Laptop, Intel Core i",799.0,0.82265174,"HP 15.6"" Micro-Edge HD Laptop, Intel Core i3-1115G",599.0,0.8217977
B08M5MB2N3,Aiibe 5 Pack 64GB Flash Drive USB Flash Drive 64 GB USB 2.0 Thumb Drive USB Drives 64GB (5 Mixed Col,Aiibe,Computers,22.99,21.894160458368503,-1.095839541631495,1.095839541631495,4.7665921776054585,15,0.7803703,4GB Flash Drive Thumb Drives 10 Pack Bulk 4GB USB ,20.49,0.8469119,Aiibe 64GB Flash Drive 3.0 3 Pack 64GB Thumb Drive,14.99,0.8409151,Aiibe High Speed 10 Pack 16GB Flash Drive 3.0 USB ,38.99,0.8345263
B01MRAM3BN,"Dell Chromebook 11, Intel Celeron-N2840 Proc, 4GB RAM DDR3L Memory, 16GB eMMC SSD Storage, Chrome OS",Dell,Computers,43.82,183.2879172611318,139.46791726113182,139.46791726113182,318.2745715680781,15,0.7823311,Dell Chromebook 11-5190 2-in-1 Convertible Noteboo,89.99,0.8513718,"HP Chromebook 11-Inch Laptop, Intel Celeron N3060 ",147.5,0.81914675,"HP Chromebook 11-G6 Education Edition, Intel Celer",99.0,0.80560255
B0043ALHIW,"Brand New 17.3"" WXGA+ Glossy Laptop LED Screen For HP Pavilion G71-448CL",Unknown,Computers,76.48,64.85694367416959,-11.623056325830419,11.623056325830419,15.197510886284544,15,0.80510634,"New 17.3"" LED WXGA++ Glossy HD LCD Replacement Lap",64.35,0.9407197,"17.3"" WXGA+ Glossy LED Screen For HP 612097-001",70.18,0.8770467,"New 15.6"" Laptop LED LCD Screen with Glossy Finish",50.05,0.8106175
B0BXD66VLG,"EATOP MFi Certified 128GB Photo Stick for iPhone, iPhone Memory Stick iPhone USB for Photos, iPhone ",EATOP,Computers,27.99,40.86377240703573,12.873772407035734,12.873772407035734,45.99418509123163,15,0.80707455,MFi Certified Flash Drive 256GB for iPhone USB Mem,33.99,0.9032128,"SCICNCE 128GB Photo Stick for iPhone Flash Drive, ",23.99,0.8805612,"EATOP 128GB Photo Stick for iPhone Storage, iPhone",25.99,0.86949927
B08RMYQV69,"Thankscase Compatible with iPad Air 10.9 Case/iPad Pro 11 Case, Rotating Case Cover with Pencil Hold",Thankscase,Computers,18.99,18.956453371358336,-0.03354662864166258,0.03354662864166258,0.17665417926099306,15,0.82638675,Thankscase Case Compatible for iPad 9.7 inch 2018 ,25.99,0.89125794,Thankscase Rotating Case Compatible with iPad Air ,15.99,0.8878789,Thankscase Leather Case Compatible with iPad Pro 1,25.99,0.8690623
B0046AMGW0,ARDUINO MEGA 2560 REV3 [A000067],Arduino,Computers,48.2,36.96939400757741,-11.230605992422596,11.230605992422596,23.300012432412025,15,0.4880222,DFRobot Mega 2560 V3.0 (Compatible with Arduino Me,34.9,0.5495157,UCTRONICS Ultimate Starter Kit for Arduino with In,68.99,0.5330609,Solu Leonardo with Headers for Arduino + Free USB ,14.99,0.5224692
B0B42D5KFD,AM4 Backplane ZZHXSM Desktop Computer AMD AM4 Motherboard CPU Radiator Bracket Yellow AM4 CPU Cooler,ZZHXSM,Computers,7.99,45.428079300098645,37.43807930009864,37.43807930009864,468.56169336794295,15,0.6234239,"ZRM&E 2pcs CPU Fan Bracket Base for AM3 Socket, Ye",5.98,0.7480529,for AMD Wraith Prism LED RGB Cooler Fan from Ryzen,46.84,0.6855202,BXQINLENX 240 Pure Copper 12 Pipe Heat Exchanger R,43.99,0.6449773
B00JV75AYE,"Dockem Koala Tablet Wall Mount - Screw-in Version: Universal Dock for iPads, iPad Air/Mini/Pro, Sams",Dockem,Computers,14.99,43.29095680694363,28.30095680694363,28.30095680694363,188.79891132050454,15,0.6199842,Lamicall Adjustable Tablet Stand Holder - Foldable,19.99,0.6520318,Smart Home Mount Wall Mount Kit for Apple iPad 10.,49.5,0.6420599,Gooseneck Tablet Mount Holder for Bed - Lamicall F,25.99,0.63565683
B0BL117X28,MOFII Bluetooth Mini Compact Keyboard - Hexagon Keycap Portable Ultra-Slim Rechargeable Computer Key,MOFII,Computers,26.99,51.49992658216651,24.50992658216651,24.50992658216651,90.81113961528904,15,0.69154793,PINKCAT Colorful Computer Portable Bluetooth Keybo,27.99,0.72487646,Penclic KB3 Aluminum Bluetooth Wireless Keyboard –,49.99,0.7180772,Mini Bluetooth Keyboard Wireless Keyboard - Ultra-,39.99,0.7168456
B00I9I9ZBU,"HP Smartbuy EliteDisplay E241I 24"" 1920 x 1200 5,000,000:1 LED Monitor - Silver HWP-F0W81A8#ABA",HP,Computers,107.47,224.723327014625,117.253327014625,117.253327014625,109.10330977447195,15,0.7287088,HP Smart Buy EliteDisplay E231 23-inch LED Backlit,89.99,0.8471537,"HP E22 G4 21.5"" Full HD LED LCD Monitor - 16:9 - B",178.95,0.772514,HP VH240a 23.8-Inch Full HD 1080p IPS LED Monitor ,191.53,0.7643967
B07H6CTN2G,SilverStone Technology 12 LED Addressable RGB Light Strip 2 Pack with Magnetic and Adhesive tape 300,SilverStone Technology,Computers,29.8,60.039855079729584,30.239855079729583,30.239855079729583,101.47602375748181,15,0.5407133,SilverStone Technology Slim Computer Case for Mini,166.82,0.5883061,upHere GS05ARGB Addressable RGB Graphics Card GPU ,13.99,0.5868631,SilverStone Technology SST-ET750-B Watt 80 Plus Br,98.97,0.5836592
B08JPLFLSM,"LuGeKe Purple Dandelion Case for iPad 9.7 inch 2018 iPad 6th Generation /2017 iPad 5th Generation,Fl",LuGeKe,Computers,25.99,16.5760331822266,-9.4139668177734,9.4139668177734,36.22149602837014,15,0.7351972,Hepix iPad 9th / 8th / 7th Generation Case Butterf,14.99,0.76459956,Hepix iPad Air 5th Generation Case iPad Air Case 4,16.99,0.7508184,ipad case 9.7 inch case ipad 5th/6th Generation ip,11.98,0.7409117
B00KF31MXQ,UpBright 14V AC/DC Adapter Compatible with Samsung SyncMaster S24A300B S24A300 B S24B300EL S19A200NW,UPBRIGHT,Computers,12.99,16.008644603272273,3.018644603272273,3.018644603272273,23.23821865490587,15,0.7736822,UpBright 14V AC Adapter Compatible with Samsung Sy,14.99,0.9432817,UpBright 14V AC/DC Adapter Compatible with Samsung,12.99,0.94300294,UpBright New 12V AC/DC Adapter Compatible with Sha,12.99,0.85684294
B07RNNZRXN,Angelbird CFast 2.0 Card Reader,Angelbird,Computers,89.99,29.591706510938927,-60.39829348906107,60.39829348906107,67.11667239588962,15,0.59705925,Angelbird CFexpress Type B Card Reader MK2 - for C,89.99,0.8473394,SD Card Reader USB 3.0 7-in-1 Portable Memory Card,17.47,0.60186744,O VERBATIM O - CameraMate ExpressCard Reader - CF ,29.98,0.59838223
B099HQP7YT,"ZUGU Case for iPad Pro 11 inch (1st, 2nd, 3rd & 4th Gen) 2018/2020/2021/2022 - Slim Protective Case ",ZUGU CASE,Computers,69.99,24.082684126618645,-45.90731587338135,45.90731587338135,65.59124999768731,15,0.78631365,ZryXal New iPad Pro 12.9 Case 2022/2021 (6th/5th G,19.99,0.8047748,iMieet New iPad Pro 11 Inch Case 2022(4th Gen)/ 20,22.99,0.80311316,Gahwa Magnetic Case for iPad Pro 12.9 6th Gen 2022,23.99,0.79863286
B076J5DTL1,"10-Inch Neoprene Laptop Tablet Shoulder Messenger Bag Case Sleeve for 9.7 10 10.1 10.5"" Inch Netbook",TAIAN,Computers,12.99,14.86889821715069,1.8788982171506898,1.8788982171506898,14.464189508473362,15,0.8521016,11.6-Inch to 12.5-Inch Neoprene Laptop Shoulder Me,13.99,0.9347733,TAIAN 14-Inch Neoprene Laptop Shoulder Messenger B,15.99,0.8989064,10-Inch Laptop Shoulder Sleeve Case and Tablet Bag,12.99,0.88190144
B0747GNRV1,RCstyle Durable Micro USB-iOS Cable Compatible with DJI Mavic Air/Pro/Mini/Spark (to Type-C),RCstyle,Computers,6.99,19.78381511429273,12.793815114292729,12.793815114292729,183.03025914581872,15,0.6071431,O'woda Mini 3 Pro OTG Cable Type C to USB C Data C,7.99,0.6678645,"O'woda Mavic 2 Tablet Holder Cellphone Stand, Adju",16.75,0.6389681,CableCreation Right Angle Micro USB 2.0 Braided Ca,7.98,0.63028824
B017RNX7T8,FSP Group FSP180-50LE 180W 20-pin Industrial Flex ATX Power Supply,FSP,Computers,59.99,123.87215502440245,63.882155024402444,63.882155024402444,106.48800637506659,15,0.58805543,SEASONIC SSP-300TBS 300W 80 PLUS Bronze TFX 12 V v,75.0,0.64410156,FSP300-60PLN 300W Power Supply with 6 pin AUX Conn,172.02,0.6353737,IBM 24R2730 x3650 835W Hot Swap Power Supply,48.95,0.62829006
B092YXXXLC,"Z-Edge 30-inch Curved Gaming Monitor, 200Hz Refresh Rate, 21:9 2560x1080 Ultra Wide, Curved Monitor,",Z Z-EDGE,Computers,229.99,278.73229625157023,48.742296251570224,48.742296251570224,21.19322416260282,15,0.7441639,"Deco Gear 35” Curved Gaming Ultrawide Monitor, 344",399.99,0.7947035,"Dell Curved Gaming, 34 Inch Curved Monitor with 14",384.99,0.7855333,"Sceptre Curved 24"" 75Hz Professional LED Monitor 1",99.97,0.7729851
